technology,tech_detail,cost_case,basis_year,heat_rate,data_year
Biopower,Dedicated,Advanced,2021,13.5,2023
Biopower,Dedicated,Advanced,2022,13.5,2023
Biopower,Dedicated,Advanced,2022,13.5,2024
Biopower,Dedicated,Advanced,2023,13.3,2025
Biopower,Dedicated,Advanced,2023,13.5,2023
Biopower,Dedicated,Advanced,2023,13.5,2024
Biopower,Dedicated,Advanced,2024,13.3,2025
Biopower,Dedicated,Advanced,2024,13.5,2023
Biopower,Dedicated,Advanced,2024,13.5,2024
Biopower,Dedicated,Advanced,2025,13.3,2025
Biopower,Dedicated,Advanced,2025,13.5,2023
Biopower,Dedicated,Advanced,2025,13.5,2024
Biopower,Dedicated,Advanced,2026,13.3,2025
Biopower,Dedicated,Advanced,2026,13.5,2023
Biopower,Dedicated,Advanced,2026,13.5,2024
Biopower,Dedicated,Advanced,2027,13.3,2025
Biopower,Dedicated,Advanced,2027,13.5,2023
Biopower,Dedicated,Advanced,2027,13.5,2024
Biopower,Dedicated,Advanced,2028,13.3,2025
Biopower,Dedicated,Advanced,2028,13.5,2023
Biopower,Dedicated,Advanced,2028,13.5,2024
Biopower,Dedicated,Advanced,2029,13.3,2025
Biopower,Dedicated,Advanced,2029,13.5,2023
Biopower,Dedicated,Advanced,2029,13.5,2024
Biopower,Dedicated,Advanced,2030,13.3,2025
Biopower,Dedicated,Advanced,2030,13.5,2023
Biopower,Dedicated,Advanced,2030,13.5,2024
Biopower,Dedicated,Advanced,2031,13.3,2025
Biopower,Dedicated,Advanced,2031,13.5,2023
Biopower,Dedicated,Advanced,2031,13.5,2024
Biopower,Dedicated,Advanced,2032,13.3,2025
Biopower,Dedicated,Advanced,2032,13.5,2023
Biopower,Dedicated,Advanced,2032,13.5,2024
Biopower,Dedicated,Advanced,2033,13.3,2025
Biopower,Dedicated,Advanced,2033,13.5,2023
Biopower,Dedicated,Advanced,2033,13.5,2024
Biopower,Dedicated,Advanced,2034,13.3,2025
Biopower,Dedicated,Advanced,2034,13.5,2023
Biopower,Dedicated,Advanced,2034,13.5,2024
Biopower,Dedicated,Advanced,2035,13.3,2025
Biopower,Dedicated,Advanced,2035,13.5,2023
Biopower,Dedicated,Advanced,2035,13.5,2024
Biopower,Dedicated,Advanced,2036,13.3,2025
Biopower,Dedicated,Advanced,2036,13.5,2023
Biopower,Dedicated,Advanced,2036,13.5,2024
Biopower,Dedicated,Advanced,2037,13.3,2025
Biopower,Dedicated,Advanced,2037,13.5,2023
Biopower,Dedicated,Advanced,2037,13.5,2024
Biopower,Dedicated,Advanced,2038,13.3,2025
Biopower,Dedicated,Advanced,2038,13.5,2023
Biopower,Dedicated,Advanced,2038,13.5,2024
Biopower,Dedicated,Advanced,2039,13.3,2025
Biopower,Dedicated,Advanced,2039,13.5,2023
Biopower,Dedicated,Advanced,2039,13.5,2024
Biopower,Dedicated,Advanced,2040,13.3,2025
Biopower,Dedicated,Advanced,2040,13.5,2023
Biopower,Dedicated,Advanced,2040,13.5,2024
Biopower,Dedicated,Advanced,2041,13.3,2025
Biopower,Dedicated,Advanced,2041,13.5,2023
Biopower,Dedicated,Advanced,2041,13.5,2024
Biopower,Dedicated,Advanced,2042,13.3,2025
Biopower,Dedicated,Advanced,2042,13.5,2023
Biopower,Dedicated,Advanced,2042,13.5,2024
Biopower,Dedicated,Advanced,2043,13.3,2025
Biopower,Dedicated,Advanced,2043,13.5,2023
Biopower,Dedicated,Advanced,2043,13.5,2024
Biopower,Dedicated,Advanced,2044,13.3,2025
Biopower,Dedicated,Advanced,2044,13.5,2023
Biopower,Dedicated,Advanced,2044,13.5,2024
Biopower,Dedicated,Advanced,2045,13.3,2025
Biopower,Dedicated,Advanced,2045,13.5,2023
Biopower,Dedicated,Advanced,2045,13.5,2024
Biopower,Dedicated,Advanced,2046,13.3,2025
Biopower,Dedicated,Advanced,2046,13.5,2023
Biopower,Dedicated,Advanced,2046,13.5,2024
Biopower,Dedicated,Advanced,2047,13.3,2025
Biopower,Dedicated,Advanced,2047,13.5,2023
Biopower,Dedicated,Advanced,2047,13.5,2024
Biopower,Dedicated,Advanced,2048,13.3,2025
Biopower,Dedicated,Advanced,2048,13.5,2023
Biopower,Dedicated,Advanced,2048,13.5,2024
Biopower,Dedicated,Advanced,2049,13.3,2025
Biopower,Dedicated,Advanced,2049,13.5,2023
Biopower,Dedicated,Advanced,2049,13.5,2024
Biopower,Dedicated,Advanced,2050,13.3,2025
Biopower,Dedicated,Advanced,2050,13.5,2023
Biopower,Dedicated,Advanced,2050,13.5,2024
Biopower,Dedicated,Advanced,2051,13.3,2025
Biopower,Dedicated,Advanced,2052,13.3,2025
Biopower,Dedicated,Advanced,2053,13.3,2025
Biopower,Dedicated,Advanced,2054,13.3,2025
Biopower,Dedicated,Advanced,2055,13.3,2025
Biopower,Dedicated,Advanced,2056,13.3,2025
Biopower,Dedicated,Advanced,2057,13.3,2025
Biopower,Dedicated,Advanced,2058,13.3,2025
Biopower,Dedicated,Advanced,2059,13.3,2025
Biopower,Dedicated,Advanced,2060,13.3,2025
Biopower,Dedicated,Conservative,2021,13.5,2023
Biopower,Dedicated,Conservative,2022,13.5,2023
Biopower,Dedicated,Conservative,2022,13.5,2024
Biopower,Dedicated,Conservative,2023,13.3,2025
Biopower,Dedicated,Conservative,2023,13.5,2023
Biopower,Dedicated,Conservative,2023,13.5,2024
Biopower,Dedicated,Conservative,2024,13.3,2025
Biopower,Dedicated,Conservative,2024,13.5,2023
Biopower,Dedicated,Conservative,2024,13.5,2024
Biopower,Dedicated,Conservative,2025,13.3,2025
Biopower,Dedicated,Conservative,2025,13.5,2023
Biopower,Dedicated,Conservative,2025,13.5,2024
Biopower,Dedicated,Conservative,2026,13.3,2025
Biopower,Dedicated,Conservative,2026,13.5,2023
Biopower,Dedicated,Conservative,2026,13.5,2024
Biopower,Dedicated,Conservative,2027,13.3,2025
Biopower,Dedicated,Conservative,2027,13.5,2023
Biopower,Dedicated,Conservative,2027,13.5,2024
Biopower,Dedicated,Conservative,2028,13.3,2025
Biopower,Dedicated,Conservative,2028,13.5,2023
Biopower,Dedicated,Conservative,2028,13.5,2024
Biopower,Dedicated,Conservative,2029,13.3,2025
Biopower,Dedicated,Conservative,2029,13.5,2023
Biopower,Dedicated,Conservative,2029,13.5,2024
Biopower,Dedicated,Conservative,2030,13.3,2025
Biopower,Dedicated,Conservative,2030,13.5,2023
Biopower,Dedicated,Conservative,2030,13.5,2024
Biopower,Dedicated,Conservative,2031,13.3,2025
Biopower,Dedicated,Conservative,2031,13.5,2023
Biopower,Dedicated,Conservative,2031,13.5,2024
Biopower,Dedicated,Conservative,2032,13.3,2025
Biopower,Dedicated,Conservative,2032,13.5,2023
Biopower,Dedicated,Conservative,2032,13.5,2024
Biopower,Dedicated,Conservative,2033,13.3,2025
Biopower,Dedicated,Conservative,2033,13.5,2023
Biopower,Dedicated,Conservative,2033,13.5,2024
Biopower,Dedicated,Conservative,2034,13.3,2025
Biopower,Dedicated,Conservative,2034,13.5,2023
Biopower,Dedicated,Conservative,2034,13.5,2024
Biopower,Dedicated,Conservative,2035,13.3,2025
Biopower,Dedicated,Conservative,2035,13.5,2023
Biopower,Dedicated,Conservative,2035,13.5,2024
Biopower,Dedicated,Conservative,2036,13.3,2025
Biopower,Dedicated,Conservative,2036,13.5,2023
Biopower,Dedicated,Conservative,2036,13.5,2024
Biopower,Dedicated,Conservative,2037,13.3,2025
Biopower,Dedicated,Conservative,2037,13.5,2023
Biopower,Dedicated,Conservative,2037,13.5,2024
Biopower,Dedicated,Conservative,2038,13.3,2025
Biopower,Dedicated,Conservative,2038,13.5,2023
Biopower,Dedicated,Conservative,2038,13.5,2024
Biopower,Dedicated,Conservative,2039,13.3,2025
Biopower,Dedicated,Conservative,2039,13.5,2023
Biopower,Dedicated,Conservative,2039,13.5,2024
Biopower,Dedicated,Conservative,2040,13.3,2025
Biopower,Dedicated,Conservative,2040,13.5,2023
Biopower,Dedicated,Conservative,2040,13.5,2024
Biopower,Dedicated,Conservative,2041,13.3,2025
Biopower,Dedicated,Conservative,2041,13.5,2023
Biopower,Dedicated,Conservative,2041,13.5,2024
Biopower,Dedicated,Conservative,2042,13.3,2025
Biopower,Dedicated,Conservative,2042,13.5,2023
Biopower,Dedicated,Conservative,2042,13.5,2024
Biopower,Dedicated,Conservative,2043,13.3,2025
Biopower,Dedicated,Conservative,2043,13.5,2023
Biopower,Dedicated,Conservative,2043,13.5,2024
Biopower,Dedicated,Conservative,2044,13.3,2025
Biopower,Dedicated,Conservative,2044,13.5,2023
Biopower,Dedicated,Conservative,2044,13.5,2024
Biopower,Dedicated,Conservative,2045,13.3,2025
Biopower,Dedicated,Conservative,2045,13.5,2023
Biopower,Dedicated,Conservative,2045,13.5,2024
Biopower,Dedicated,Conservative,2046,13.3,2025
Biopower,Dedicated,Conservative,2046,13.5,2023
Biopower,Dedicated,Conservative,2046,13.5,2024
Biopower,Dedicated,Conservative,2047,13.3,2025
Biopower,Dedicated,Conservative,2047,13.5,2023
Biopower,Dedicated,Conservative,2047,13.5,2024
Biopower,Dedicated,Conservative,2048,13.3,2025
Biopower,Dedicated,Conservative,2048,13.5,2023
Biopower,Dedicated,Conservative,2048,13.5,2024
Biopower,Dedicated,Conservative,2049,13.3,2025
Biopower,Dedicated,Conservative,2049,13.5,2023
Biopower,Dedicated,Conservative,2049,13.5,2024
Biopower,Dedicated,Conservative,2050,13.3,2025
Biopower,Dedicated,Conservative,2050,13.5,2023
Biopower,Dedicated,Conservative,2050,13.5,2024
Biopower,Dedicated,Conservative,2051,13.3,2025
Biopower,Dedicated,Conservative,2052,13.3,2025
Biopower,Dedicated,Conservative,2053,13.3,2025
Biopower,Dedicated,Conservative,2054,13.3,2025
Biopower,Dedicated,Conservative,2055,13.3,2025
Biopower,Dedicated,Conservative,2056,13.3,2025
Biopower,Dedicated,Conservative,2057,13.3,2025
Biopower,Dedicated,Conservative,2058,13.3,2025
Biopower,Dedicated,Conservative,2059,13.3,2025
Biopower,Dedicated,Conservative,2060,13.3,2025
Biopower,Dedicated,Moderate,2021,13.5,2023
Biopower,Dedicated,Moderate,2022,13.5,2023
Biopower,Dedicated,Moderate,2022,13.5,2024
Biopower,Dedicated,Moderate,2023,13.3,2025
Biopower,Dedicated,Moderate,2023,13.5,2023
Biopower,Dedicated,Moderate,2023,13.5,2024
Biopower,Dedicated,Moderate,2024,13.3,2025
Biopower,Dedicated,Moderate,2024,13.5,2023
Biopower,Dedicated,Moderate,2024,13.5,2024
Biopower,Dedicated,Moderate,2025,13.3,2025
Biopower,Dedicated,Moderate,2025,13.5,2023
Biopower,Dedicated,Moderate,2025,13.5,2024
Biopower,Dedicated,Moderate,2026,13.3,2025
Biopower,Dedicated,Moderate,2026,13.5,2023
Biopower,Dedicated,Moderate,2026,13.5,2024
Biopower,Dedicated,Moderate,2027,13.3,2025
Biopower,Dedicated,Moderate,2027,13.5,2023
Biopower,Dedicated,Moderate,2027,13.5,2024
Biopower,Dedicated,Moderate,2028,13.3,2025
Biopower,Dedicated,Moderate,2028,13.5,2023
Biopower,Dedicated,Moderate,2028,13.5,2024
Biopower,Dedicated,Moderate,2029,13.3,2025
Biopower,Dedicated,Moderate,2029,13.5,2023
Biopower,Dedicated,Moderate,2029,13.5,2024
Biopower,Dedicated,Moderate,2030,13.3,2025
Biopower,Dedicated,Moderate,2030,13.5,2023
Biopower,Dedicated,Moderate,2030,13.5,2024
Biopower,Dedicated,Moderate,2031,13.3,2025
Biopower,Dedicated,Moderate,2031,13.5,2023
Biopower,Dedicated,Moderate,2031,13.5,2024
Biopower,Dedicated,Moderate,2032,13.3,2025
Biopower,Dedicated,Moderate,2032,13.5,2023
Biopower,Dedicated,Moderate,2032,13.5,2024
Biopower,Dedicated,Moderate,2033,13.3,2025
Biopower,Dedicated,Moderate,2033,13.5,2023
Biopower,Dedicated,Moderate,2033,13.5,2024
Biopower,Dedicated,Moderate,2034,13.3,2025
Biopower,Dedicated,Moderate,2034,13.5,2023
Biopower,Dedicated,Moderate,2034,13.5,2024
Biopower,Dedicated,Moderate,2035,13.3,2025
Biopower,Dedicated,Moderate,2035,13.5,2023
Biopower,Dedicated,Moderate,2035,13.5,2024
Biopower,Dedicated,Moderate,2036,13.3,2025
Biopower,Dedicated,Moderate,2036,13.5,2023
Biopower,Dedicated,Moderate,2036,13.5,2024
Biopower,Dedicated,Moderate,2037,13.3,2025
Biopower,Dedicated,Moderate,2037,13.5,2023
Biopower,Dedicated,Moderate,2037,13.5,2024
Biopower,Dedicated,Moderate,2038,13.3,2025
Biopower,Dedicated,Moderate,2038,13.5,2023
Biopower,Dedicated,Moderate,2038,13.5,2024
Biopower,Dedicated,Moderate,2039,13.3,2025
Biopower,Dedicated,Moderate,2039,13.5,2023
Biopower,Dedicated,Moderate,2039,13.5,2024
Biopower,Dedicated,Moderate,2040,13.3,2025
Biopower,Dedicated,Moderate,2040,13.5,2023
Biopower,Dedicated,Moderate,2040,13.5,2024
Biopower,Dedicated,Moderate,2041,13.3,2025
Biopower,Dedicated,Moderate,2041,13.5,2023
Biopower,Dedicated,Moderate,2041,13.5,2024
Biopower,Dedicated,Moderate,2042,13.3,2025
Biopower,Dedicated,Moderate,2042,13.5,2023
Biopower,Dedicated,Moderate,2042,13.5,2024
Biopower,Dedicated,Moderate,2043,13.3,2025
Biopower,Dedicated,Moderate,2043,13.5,2023
Biopower,Dedicated,Moderate,2043,13.5,2024
Biopower,Dedicated,Moderate,2044,13.3,2025
Biopower,Dedicated,Moderate,2044,13.5,2023
Biopower,Dedicated,Moderate,2044,13.5,2024
Biopower,Dedicated,Moderate,2045,13.3,2025
Biopower,Dedicated,Moderate,2045,13.5,2023
Biopower,Dedicated,Moderate,2045,13.5,2024
Biopower,Dedicated,Moderate,2046,13.3,2025
Biopower,Dedicated,Moderate,2046,13.5,2023
Biopower,Dedicated,Moderate,2046,13.5,2024
Biopower,Dedicated,Moderate,2047,13.3,2025
Biopower,Dedicated,Moderate,2047,13.5,2023
Biopower,Dedicated,Moderate,2047,13.5,2024
Biopower,Dedicated,Moderate,2048,13.3,2025
Biopower,Dedicated,Moderate,2048,13.5,2023
Biopower,Dedicated,Moderate,2048,13.5,2024
Biopower,Dedicated,Moderate,2049,13.3,2025
Biopower,Dedicated,Moderate,2049,13.5,2023
Biopower,Dedicated,Moderate,2049,13.5,2024
Biopower,Dedicated,Moderate,2050,13.3,2025
Biopower,Dedicated,Moderate,2050,13.5,2023
Biopower,Dedicated,Moderate,2050,13.5,2024
Biopower,Dedicated,Moderate,2051,13.3,2025
Biopower,Dedicated,Moderate,2052,13.3,2025
Biopower,Dedicated,Moderate,2053,13.3,2025
Biopower,Dedicated,Moderate,2054,13.3,2025
Biopower,Dedicated,Moderate,2055,13.3,2025
Biopower,Dedicated,Moderate,2056,13.3,2025
Biopower,Dedicated,Moderate,2057,13.3,2025
Biopower,Dedicated,Moderate,2058,13.3,2025
Biopower,Dedicated,Moderate,2059,13.3,2025
Biopower,Dedicated,Moderate,2060,13.3,2025
Coal,95%-CCS,Advanced,2021,10.938,2023
Coal,95%-CCS,Advanced,2022,10.938,2023
Coal,95%-CCS,Advanced,2022,10.938,2024
Coal,95%-CCS,Advanced,2023,10.825,2023
Coal,95%-CCS,Advanced,2023,10.825,2024
Coal,95%-CCS,Advanced,2023,10.938,2025
Coal,95%-CCS,Advanced,2024,10.713,2023
Coal,95%-CCS,Advanced,2024,10.713,2024
Coal,95%-CCS,Advanced,2024,10.816,2025
Coal,95%-CCS,Advanced,2025,10.601,2023
Coal,95%-CCS,Advanced,2025,10.601,2024
Coal,95%-CCS,Advanced,2025,10.694,2025
Coal,95%-CCS,Advanced,2026,10.488,2023
Coal,95%-CCS,Advanced,2026,10.488,2024
Coal,95%-CCS,Advanced,2026,10.572,2025
Coal,95%-CCS,Advanced,2027,10.376,2023
Coal,95%-CCS,Advanced,2027,10.376,2024
Coal,95%-CCS,Advanced,2027,10.451,2025
Coal,95%-CCS,Advanced,2028,10.263,2023
Coal,95%-CCS,Advanced,2028,10.263,2024
Coal,95%-CCS,Advanced,2028,10.329,2025
Coal,95%-CCS,Advanced,2029,10.151,2023
Coal,95%-CCS,Advanced,2029,10.151,2024
Coal,95%-CCS,Advanced,2029,10.207,2025
Coal,95%-CCS,Advanced,2030,10.038,2023
Coal,95%-CCS,Advanced,2030,10.038,2024
Coal,95%-CCS,Advanced,2030,10.085,2025
Coal,95%-CCS,Advanced,2031,9.926,2023
Coal,95%-CCS,Advanced,2031,9.926,2024
Coal,95%-CCS,Advanced,2031,9.963,2025
Coal,95%-CCS,Advanced,2032,9.813,2023
Coal,95%-CCS,Advanced,2032,9.813,2024
Coal,95%-CCS,Advanced,2032,9.841,2025
Coal,95%-CCS,Advanced,2033,9.7,2024
Coal,95%-CCS,Advanced,2033,9.701,2023
Coal,95%-CCS,Advanced,2033,9.72,2025
Coal,95%-CCS,Advanced,2034,9.588,2023
Coal,95%-CCS,Advanced,2034,9.59,2024
Coal,95%-CCS,Advanced,2034,9.598,2025
Coal,95%-CCS,Advanced,2035,9.476,2023
Coal,95%-CCS,Advanced,2035,9.476,2024
Coal,95%-CCS,Advanced,2035,9.476,2025
Coal,95%-CCS,Advanced,2036,9.476,2023
Coal,95%-CCS,Advanced,2036,9.476,2024
Coal,95%-CCS,Advanced,2036,9.476,2025
Coal,95%-CCS,Advanced,2037,9.476,2023
Coal,95%-CCS,Advanced,2037,9.476,2024
Coal,95%-CCS,Advanced,2037,9.476,2025
Coal,95%-CCS,Advanced,2038,9.476,2023
Coal,95%-CCS,Advanced,2038,9.476,2024
Coal,95%-CCS,Advanced,2038,9.476,2025
Coal,95%-CCS,Advanced,2039,9.476,2023
Coal,95%-CCS,Advanced,2039,9.476,2024
Coal,95%-CCS,Advanced,2039,9.476,2025
Coal,95%-CCS,Advanced,2040,9.476,2023
Coal,95%-CCS,Advanced,2040,9.476,2024
Coal,95%-CCS,Advanced,2040,9.476,2025
Coal,95%-CCS,Advanced,2041,9.476,2023
Coal,95%-CCS,Advanced,2041,9.476,2024
Coal,95%-CCS,Advanced,2041,9.476,2025
Coal,95%-CCS,Advanced,2042,9.476,2023
Coal,95%-CCS,Advanced,2042,9.476,2024
Coal,95%-CCS,Advanced,2042,9.476,2025
Coal,95%-CCS,Advanced,2043,9.476,2023
Coal,95%-CCS,Advanced,2043,9.476,2024
Coal,95%-CCS,Advanced,2043,9.476,2025
Coal,95%-CCS,Advanced,2044,9.476,2023
Coal,95%-CCS,Advanced,2044,9.476,2024
Coal,95%-CCS,Advanced,2044,9.476,2025
Coal,95%-CCS,Advanced,2045,9.476,2023
Coal,95%-CCS,Advanced,2045,9.476,2024
Coal,95%-CCS,Advanced,2045,9.476,2025
Coal,95%-CCS,Advanced,2046,9.476,2023
Coal,95%-CCS,Advanced,2046,9.476,2024
Coal,95%-CCS,Advanced,2046,9.476,2025
Coal,95%-CCS,Advanced,2047,9.476,2023
Coal,95%-CCS,Advanced,2047,9.476,2024
Coal,95%-CCS,Advanced,2047,9.476,2025
Coal,95%-CCS,Advanced,2048,9.476,2023
Coal,95%-CCS,Advanced,2048,9.476,2024
Coal,95%-CCS,Advanced,2048,9.476,2025
Coal,95%-CCS,Advanced,2049,9.476,2023
Coal,95%-CCS,Advanced,2049,9.476,2024
Coal,95%-CCS,Advanced,2049,9.476,2025
Coal,95%-CCS,Advanced,2050,9.476,2023
Coal,95%-CCS,Advanced,2050,9.476,2024
Coal,95%-CCS,Advanced,2050,9.476,2025
Coal,95%-CCS,Advanced,2051,9.476,2025
Coal,95%-CCS,Advanced,2052,9.476,2025
Coal,95%-CCS,Advanced,2053,9.476,2025
Coal,95%-CCS,Advanced,2054,9.476,2025
Coal,95%-CCS,Advanced,2055,9.476,2025
Coal,95%-CCS,Advanced,2056,9.476,2025
Coal,95%-CCS,Advanced,2057,9.476,2025
Coal,95%-CCS,Advanced,2058,9.476,2025
Coal,95%-CCS,Advanced,2059,9.476,2025
Coal,95%-CCS,Advanced,2060,9.476,2025
Coal,95%-CCS,Conservative,2021,10.938,2023
Coal,95%-CCS,Conservative,2022,10.938,2023
Coal,95%-CCS,Conservative,2022,10.938,2024
Coal,95%-CCS,Conservative,2023,10.938,2023
Coal,95%-CCS,Conservative,2023,10.938,2024
Coal,95%-CCS,Conservative,2023,10.938,2025
Coal,95%-CCS,Conservative,2024,10.938,2023
Coal,95%-CCS,Conservative,2024,10.938,2024
Coal,95%-CCS,Conservative,2024,10.938,2025
Coal,95%-CCS,Conservative,2025,10.938,2023
Coal,95%-CCS,Conservative,2025,10.938,2024
Coal,95%-CCS,Conservative,2025,10.938,2025
Coal,95%-CCS,Conservative,2026,10.938,2023
Coal,95%-CCS,Conservative,2026,10.938,2024
Coal,95%-CCS,Conservative,2026,10.938,2025
Coal,95%-CCS,Conservative,2027,10.938,2023
Coal,95%-CCS,Conservative,2027,10.938,2024
Coal,95%-CCS,Conservative,2027,10.938,2025
Coal,95%-CCS,Conservative,2028,10.938,2023
Coal,95%-CCS,Conservative,2028,10.938,2024
Coal,95%-CCS,Conservative,2028,10.938,2025
Coal,95%-CCS,Conservative,2029,10.938,2023
Coal,95%-CCS,Conservative,2029,10.938,2024
Coal,95%-CCS,Conservative,2029,10.938,2025
Coal,95%-CCS,Conservative,2030,10.938,2023
Coal,95%-CCS,Conservative,2030,10.938,2024
Coal,95%-CCS,Conservative,2030,10.938,2025
Coal,95%-CCS,Conservative,2031,10.938,2023
Coal,95%-CCS,Conservative,2031,10.938,2024
Coal,95%-CCS,Conservative,2031,10.938,2025
Coal,95%-CCS,Conservative,2032,10.938,2023
Coal,95%-CCS,Conservative,2032,10.938,2024
Coal,95%-CCS,Conservative,2032,10.938,2025
Coal,95%-CCS,Conservative,2033,10.938,2023
Coal,95%-CCS,Conservative,2033,10.938,2025
Coal,95%-CCS,Conservative,2033,10.94,2024
Coal,95%-CCS,Conservative,2034,10.938,2023
Coal,95%-CCS,Conservative,2034,10.938,2025
Coal,95%-CCS,Conservative,2034,10.94,2024
Coal,95%-CCS,Conservative,2035,10.938,2023
Coal,95%-CCS,Conservative,2035,10.938,2024
Coal,95%-CCS,Conservative,2035,10.938,2025
Coal,95%-CCS,Conservative,2036,10.938,2023
Coal,95%-CCS,Conservative,2036,10.938,2024
Coal,95%-CCS,Conservative,2036,10.938,2025
Coal,95%-CCS,Conservative,2037,10.938,2023
Coal,95%-CCS,Conservative,2037,10.938,2024
Coal,95%-CCS,Conservative,2037,10.938,2025
Coal,95%-CCS,Conservative,2038,10.938,2023
Coal,95%-CCS,Conservative,2038,10.938,2024
Coal,95%-CCS,Conservative,2038,10.938,2025
Coal,95%-CCS,Conservative,2039,10.938,2023
Coal,95%-CCS,Conservative,2039,10.938,2024
Coal,95%-CCS,Conservative,2039,10.938,2025
Coal,95%-CCS,Conservative,2040,10.938,2023
Coal,95%-CCS,Conservative,2040,10.938,2024
Coal,95%-CCS,Conservative,2040,10.938,2025
Coal,95%-CCS,Conservative,2041,10.938,2023
Coal,95%-CCS,Conservative,2041,10.938,2024
Coal,95%-CCS,Conservative,2041,10.938,2025
Coal,95%-CCS,Conservative,2042,10.938,2023
Coal,95%-CCS,Conservative,2042,10.938,2024
Coal,95%-CCS,Conservative,2042,10.938,2025
Coal,95%-CCS,Conservative,2043,10.938,2023
Coal,95%-CCS,Conservative,2043,10.938,2024
Coal,95%-CCS,Conservative,2043,10.938,2025
Coal,95%-CCS,Conservative,2044,10.938,2023
Coal,95%-CCS,Conservative,2044,10.938,2024
Coal,95%-CCS,Conservative,2044,10.938,2025
Coal,95%-CCS,Conservative,2045,10.938,2023
Coal,95%-CCS,Conservative,2045,10.938,2024
Coal,95%-CCS,Conservative,2045,10.938,2025
Coal,95%-CCS,Conservative,2046,10.938,2023
Coal,95%-CCS,Conservative,2046,10.938,2024
Coal,95%-CCS,Conservative,2046,10.938,2025
Coal,95%-CCS,Conservative,2047,10.938,2023
Coal,95%-CCS,Conservative,2047,10.938,2024
Coal,95%-CCS,Conservative,2047,10.938,2025
Coal,95%-CCS,Conservative,2048,10.938,2023
Coal,95%-CCS,Conservative,2048,10.938,2024
Coal,95%-CCS,Conservative,2048,10.938,2025
Coal,95%-CCS,Conservative,2049,10.938,2023
Coal,95%-CCS,Conservative,2049,10.938,2024
Coal,95%-CCS,Conservative,2049,10.938,2025
Coal,95%-CCS,Conservative,2050,10.938,2023
Coal,95%-CCS,Conservative,2050,10.938,2024
Coal,95%-CCS,Conservative,2050,10.938,2025
Coal,95%-CCS,Conservative,2051,10.938,2025
Coal,95%-CCS,Conservative,2052,10.938,2025
Coal,95%-CCS,Conservative,2053,10.938,2025
Coal,95%-CCS,Conservative,2054,10.938,2025
Coal,95%-CCS,Conservative,2055,10.938,2025
Coal,95%-CCS,Conservative,2056,10.938,2025
Coal,95%-CCS,Conservative,2057,10.938,2025
Coal,95%-CCS,Conservative,2058,10.938,2025
Coal,95%-CCS,Conservative,2059,10.938,2025
Coal,95%-CCS,Conservative,2060,10.938,2025
Coal,95%-CCS,Moderate,2021,10.938,2023
Coal,95%-CCS,Moderate,2022,10.938,2023
Coal,95%-CCS,Moderate,2022,10.938,2024
Coal,95%-CCS,Moderate,2023,10.882,2023
Coal,95%-CCS,Moderate,2023,10.882,2024
Coal,95%-CCS,Moderate,2023,10.938,2025
Coal,95%-CCS,Moderate,2024,10.825,2023
Coal,95%-CCS,Moderate,2024,10.825,2024
Coal,95%-CCS,Moderate,2024,10.877,2025
Coal,95%-CCS,Moderate,2025,10.769,2023
Coal,95%-CCS,Moderate,2025,10.769,2024
Coal,95%-CCS,Moderate,2025,10.816,2025
Coal,95%-CCS,Moderate,2026,10.713,2023
Coal,95%-CCS,Moderate,2026,10.713,2024
Coal,95%-CCS,Moderate,2026,10.755,2025
Coal,95%-CCS,Moderate,2027,10.657,2023
Coal,95%-CCS,Moderate,2027,10.657,2024
Coal,95%-CCS,Moderate,2027,10.694,2025
Coal,95%-CCS,Moderate,2028,10.601,2023
Coal,95%-CCS,Moderate,2028,10.601,2024
Coal,95%-CCS,Moderate,2028,10.633,2025
Coal,95%-CCS,Moderate,2029,10.544,2023
Coal,95%-CCS,Moderate,2029,10.544,2024
Coal,95%-CCS,Moderate,2029,10.572,2025
Coal,95%-CCS,Moderate,2030,10.488,2023
Coal,95%-CCS,Moderate,2030,10.488,2024
Coal,95%-CCS,Moderate,2030,10.511,2025
Coal,95%-CCS,Moderate,2031,10.432,2023
Coal,95%-CCS,Moderate,2031,10.432,2024
Coal,95%-CCS,Moderate,2031,10.451,2025
Coal,95%-CCS,Moderate,2032,10.376,2023
Coal,95%-CCS,Moderate,2032,10.376,2024
Coal,95%-CCS,Moderate,2032,10.39,2025
Coal,95%-CCS,Moderate,2033,10.319,2023
Coal,95%-CCS,Moderate,2033,10.32,2024
Coal,95%-CCS,Moderate,2033,10.329,2025
Coal,95%-CCS,Moderate,2034,10.26,2024
Coal,95%-CCS,Moderate,2034,10.263,2023
Coal,95%-CCS,Moderate,2034,10.268,2025
Coal,95%-CCS,Moderate,2035,10.207,2023
Coal,95%-CCS,Moderate,2035,10.207,2024
Coal,95%-CCS,Moderate,2035,10.207,2025
Coal,95%-CCS,Moderate,2036,10.207,2023
Coal,95%-CCS,Moderate,2036,10.207,2024
Coal,95%-CCS,Moderate,2036,10.207,2025
Coal,95%-CCS,Moderate,2037,10.207,2023
Coal,95%-CCS,Moderate,2037,10.207,2024
Coal,95%-CCS,Moderate,2037,10.207,2025
Coal,95%-CCS,Moderate,2038,10.207,2023
Coal,95%-CCS,Moderate,2038,10.207,2024
Coal,95%-CCS,Moderate,2038,10.207,2025
Coal,95%-CCS,Moderate,2039,10.207,2023
Coal,95%-CCS,Moderate,2039,10.207,2024
Coal,95%-CCS,Moderate,2039,10.207,2025
Coal,95%-CCS,Moderate,2040,10.207,2023
Coal,95%-CCS,Moderate,2040,10.207,2024
Coal,95%-CCS,Moderate,2040,10.207,2025
Coal,95%-CCS,Moderate,2041,10.207,2023
Coal,95%-CCS,Moderate,2041,10.207,2024
Coal,95%-CCS,Moderate,2041,10.207,2025
Coal,95%-CCS,Moderate,2042,10.207,2023
Coal,95%-CCS,Moderate,2042,10.207,2024
Coal,95%-CCS,Moderate,2042,10.207,2025
Coal,95%-CCS,Moderate,2043,10.207,2023
Coal,95%-CCS,Moderate,2043,10.207,2024
Coal,95%-CCS,Moderate,2043,10.207,2025
Coal,95%-CCS,Moderate,2044,10.207,2023
Coal,95%-CCS,Moderate,2044,10.207,2024
Coal,95%-CCS,Moderate,2044,10.207,2025
Coal,95%-CCS,Moderate,2045,10.207,2023
Coal,95%-CCS,Moderate,2045,10.207,2024
Coal,95%-CCS,Moderate,2045,10.207,2025
Coal,95%-CCS,Moderate,2046,10.207,2023
Coal,95%-CCS,Moderate,2046,10.207,2024
Coal,95%-CCS,Moderate,2046,10.207,2025
Coal,95%-CCS,Moderate,2047,10.207,2023
Coal,95%-CCS,Moderate,2047,10.207,2024
Coal,95%-CCS,Moderate,2047,10.207,2025
Coal,95%-CCS,Moderate,2048,10.207,2023
Coal,95%-CCS,Moderate,2048,10.207,2024
Coal,95%-CCS,Moderate,2048,10.207,2025
Coal,95%-CCS,Moderate,2049,10.207,2023
Coal,95%-CCS,Moderate,2049,10.207,2024
Coal,95%-CCS,Moderate,2049,10.207,2025
Coal,95%-CCS,Moderate,2050,10.207,2023
Coal,95%-CCS,Moderate,2050,10.207,2024
Coal,95%-CCS,Moderate,2050,10.207,2025
Coal,95%-CCS,Moderate,2051,10.207,2025
Coal,95%-CCS,Moderate,2052,10.207,2025
Coal,95%-CCS,Moderate,2053,10.207,2025
Coal,95%-CCS,Moderate,2054,10.207,2025
Coal,95%-CCS,Moderate,2055,10.207,2025
Coal,95%-CCS,Moderate,2056,10.207,2025
Coal,95%-CCS,Moderate,2057,10.207,2025
Coal,95%-CCS,Moderate,2058,10.207,2025
Coal,95%-CCS,Moderate,2059,10.207,2025
Coal,95%-CCS,Moderate,2060,10.207,2025
Coal,99%-CCS,Advanced,2021,11.116,2023
Coal,99%-CCS,Advanced,2022,11.116,2023
Coal,99%-CCS,Advanced,2022,11.116,2024
Coal,99%-CCS,Advanced,2023,10.997,2023
Coal,99%-CCS,Advanced,2023,10.997,2024
Coal,99%-CCS,Advanced,2023,11.116,2025
Coal,99%-CCS,Advanced,2024,10.879,2023
Coal,99%-CCS,Advanced,2024,10.879,2024
Coal,99%-CCS,Advanced,2024,10.988,2025
Coal,99%-CCS,Advanced,2025,10.761,2023
Coal,99%-CCS,Advanced,2025,10.761,2024
Coal,99%-CCS,Advanced,2025,10.86,2025
Coal,99%-CCS,Advanced,2026,10.643,2023
Coal,99%-CCS,Advanced,2026,10.643,2024
Coal,99%-CCS,Advanced,2026,10.732,2025
Coal,99%-CCS,Advanced,2027,10.525,2023
Coal,99%-CCS,Advanced,2027,10.525,2024
Coal,99%-CCS,Advanced,2027,10.604,2025
Coal,99%-CCS,Advanced,2028,10.407,2023
Coal,99%-CCS,Advanced,2028,10.407,2024
Coal,99%-CCS,Advanced,2028,10.476,2025
Coal,99%-CCS,Advanced,2029,10.289,2023
Coal,99%-CCS,Advanced,2029,10.289,2024
Coal,99%-CCS,Advanced,2029,10.348,2025
Coal,99%-CCS,Advanced,2030,10.171,2023
Coal,99%-CCS,Advanced,2030,10.171,2024
Coal,99%-CCS,Advanced,2030,10.22,2025
Coal,99%-CCS,Advanced,2031,10.053,2023
Coal,99%-CCS,Advanced,2031,10.053,2024
Coal,99%-CCS,Advanced,2031,10.092,2025
Coal,99%-CCS,Advanced,2032,9.935,2023
Coal,99%-CCS,Advanced,2032,9.935,2024
Coal,99%-CCS,Advanced,2032,9.964,2025
Coal,99%-CCS,Advanced,2033,9.817,2023
Coal,99%-CCS,Advanced,2033,9.82,2024
Coal,99%-CCS,Advanced,2033,9.836,2025
Coal,99%-CCS,Advanced,2034,9.699,2023
Coal,99%-CCS,Advanced,2034,9.7,2024
Coal,99%-CCS,Advanced,2034,9.708,2025
Coal,99%-CCS,Advanced,2035,9.581,2023
Coal,99%-CCS,Advanced,2035,9.581,2024
Coal,99%-CCS,Advanced,2035,9.581,2025
Coal,99%-CCS,Advanced,2036,9.581,2023
Coal,99%-CCS,Advanced,2036,9.581,2024
Coal,99%-CCS,Advanced,2036,9.581,2025
Coal,99%-CCS,Advanced,2037,9.581,2023
Coal,99%-CCS,Advanced,2037,9.581,2024
Coal,99%-CCS,Advanced,2037,9.581,2025
Coal,99%-CCS,Advanced,2038,9.581,2023
Coal,99%-CCS,Advanced,2038,9.581,2024
Coal,99%-CCS,Advanced,2038,9.581,2025
Coal,99%-CCS,Advanced,2039,9.581,2023
Coal,99%-CCS,Advanced,2039,9.581,2024
Coal,99%-CCS,Advanced,2039,9.581,2025
Coal,99%-CCS,Advanced,2040,9.581,2023
Coal,99%-CCS,Advanced,2040,9.581,2024
Coal,99%-CCS,Advanced,2040,9.581,2025
Coal,99%-CCS,Advanced,2041,9.581,2023
Coal,99%-CCS,Advanced,2041,9.581,2024
Coal,99%-CCS,Advanced,2041,9.581,2025
Coal,99%-CCS,Advanced,2042,9.581,2023
Coal,99%-CCS,Advanced,2042,9.581,2024
Coal,99%-CCS,Advanced,2042,9.581,2025
Coal,99%-CCS,Advanced,2043,9.581,2023
Coal,99%-CCS,Advanced,2043,9.581,2024
Coal,99%-CCS,Advanced,2043,9.581,2025
Coal,99%-CCS,Advanced,2044,9.581,2023
Coal,99%-CCS,Advanced,2044,9.581,2024
Coal,99%-CCS,Advanced,2044,9.581,2025
Coal,99%-CCS,Advanced,2045,9.581,2023
Coal,99%-CCS,Advanced,2045,9.581,2024
Coal,99%-CCS,Advanced,2045,9.581,2025
Coal,99%-CCS,Advanced,2046,9.581,2023
Coal,99%-CCS,Advanced,2046,9.581,2024
Coal,99%-CCS,Advanced,2046,9.581,2025
Coal,99%-CCS,Advanced,2047,9.581,2023
Coal,99%-CCS,Advanced,2047,9.581,2024
Coal,99%-CCS,Advanced,2047,9.581,2025
Coal,99%-CCS,Advanced,2048,9.581,2023
Coal,99%-CCS,Advanced,2048,9.581,2024
Coal,99%-CCS,Advanced,2048,9.581,2025
Coal,99%-CCS,Advanced,2049,9.581,2023
Coal,99%-CCS,Advanced,2049,9.581,2024
Coal,99%-CCS,Advanced,2049,9.581,2025
Coal,99%-CCS,Advanced,2050,9.581,2023
Coal,99%-CCS,Advanced,2050,9.581,2024
Coal,99%-CCS,Advanced,2050,9.581,2025
Coal,99%-CCS,Advanced,2051,9.581,2025
Coal,99%-CCS,Advanced,2052,9.581,2025
Coal,99%-CCS,Advanced,2053,9.581,2025
Coal,99%-CCS,Advanced,2054,9.581,2025
Coal,99%-CCS,Advanced,2055,9.581,2025
Coal,99%-CCS,Advanced,2056,9.581,2025
Coal,99%-CCS,Advanced,2057,9.581,2025
Coal,99%-CCS,Advanced,2058,9.581,2025
Coal,99%-CCS,Advanced,2059,9.581,2025
Coal,99%-CCS,Advanced,2060,9.581,2025
Coal,99%-CCS,Conservative,2021,11.116,2023
Coal,99%-CCS,Conservative,2022,11.116,2023
Coal,99%-CCS,Conservative,2022,11.116,2024
Coal,99%-CCS,Conservative,2023,11.116,2023
Coal,99%-CCS,Conservative,2023,11.116,2024
Coal,99%-CCS,Conservative,2023,11.116,2025
Coal,99%-CCS,Conservative,2024,11.116,2023
Coal,99%-CCS,Conservative,2024,11.116,2024
Coal,99%-CCS,Conservative,2024,11.116,2025
Coal,99%-CCS,Conservative,2025,11.116,2023
Coal,99%-CCS,Conservative,2025,11.116,2024
Coal,99%-CCS,Conservative,2025,11.116,2025
Coal,99%-CCS,Conservative,2026,11.116,2023
Coal,99%-CCS,Conservative,2026,11.116,2024
Coal,99%-CCS,Conservative,2026,11.116,2025
Coal,99%-CCS,Conservative,2027,11.116,2023
Coal,99%-CCS,Conservative,2027,11.116,2024
Coal,99%-CCS,Conservative,2027,11.116,2025
Coal,99%-CCS,Conservative,2028,11.116,2023
Coal,99%-CCS,Conservative,2028,11.116,2024
Coal,99%-CCS,Conservative,2028,11.116,2025
Coal,99%-CCS,Conservative,2029,11.116,2023
Coal,99%-CCS,Conservative,2029,11.116,2024
Coal,99%-CCS,Conservative,2029,11.116,2025
Coal,99%-CCS,Conservative,2030,11.116,2023
Coal,99%-CCS,Conservative,2030,11.116,2024
Coal,99%-CCS,Conservative,2030,11.116,2025
Coal,99%-CCS,Conservative,2031,11.116,2023
Coal,99%-CCS,Conservative,2031,11.116,2024
Coal,99%-CCS,Conservative,2031,11.116,2025
Coal,99%-CCS,Conservative,2032,11.116,2023
Coal,99%-CCS,Conservative,2032,11.116,2024
Coal,99%-CCS,Conservative,2032,11.116,2025
Coal,99%-CCS,Conservative,2033,11.116,2023
Coal,99%-CCS,Conservative,2033,11.116,2025
Coal,99%-CCS,Conservative,2033,11.12,2024
Coal,99%-CCS,Conservative,2034,11.116,2023
Coal,99%-CCS,Conservative,2034,11.116,2025
Coal,99%-CCS,Conservative,2034,11.12,2024
Coal,99%-CCS,Conservative,2035,11.116,2023
Coal,99%-CCS,Conservative,2035,11.116,2024
Coal,99%-CCS,Conservative,2035,11.116,2025
Coal,99%-CCS,Conservative,2036,11.116,2023
Coal,99%-CCS,Conservative,2036,11.116,2024
Coal,99%-CCS,Conservative,2036,11.116,2025
Coal,99%-CCS,Conservative,2037,11.116,2023
Coal,99%-CCS,Conservative,2037,11.116,2024
Coal,99%-CCS,Conservative,2037,11.116,2025
Coal,99%-CCS,Conservative,2038,11.116,2023
Coal,99%-CCS,Conservative,2038,11.116,2024
Coal,99%-CCS,Conservative,2038,11.116,2025
Coal,99%-CCS,Conservative,2039,11.116,2023
Coal,99%-CCS,Conservative,2039,11.116,2024
Coal,99%-CCS,Conservative,2039,11.116,2025
Coal,99%-CCS,Conservative,2040,11.116,2023
Coal,99%-CCS,Conservative,2040,11.116,2024
Coal,99%-CCS,Conservative,2040,11.116,2025
Coal,99%-CCS,Conservative,2041,11.116,2023
Coal,99%-CCS,Conservative,2041,11.116,2024
Coal,99%-CCS,Conservative,2041,11.116,2025
Coal,99%-CCS,Conservative,2042,11.116,2023
Coal,99%-CCS,Conservative,2042,11.116,2024
Coal,99%-CCS,Conservative,2042,11.116,2025
Coal,99%-CCS,Conservative,2043,11.116,2023
Coal,99%-CCS,Conservative,2043,11.116,2024
Coal,99%-CCS,Conservative,2043,11.116,2025
Coal,99%-CCS,Conservative,2044,11.116,2023
Coal,99%-CCS,Conservative,2044,11.116,2024
Coal,99%-CCS,Conservative,2044,11.116,2025
Coal,99%-CCS,Conservative,2045,11.116,2023
Coal,99%-CCS,Conservative,2045,11.116,2024
Coal,99%-CCS,Conservative,2045,11.116,2025
Coal,99%-CCS,Conservative,2046,11.116,2023
Coal,99%-CCS,Conservative,2046,11.116,2024
Coal,99%-CCS,Conservative,2046,11.116,2025
Coal,99%-CCS,Conservative,2047,11.116,2023
Coal,99%-CCS,Conservative,2047,11.116,2024
Coal,99%-CCS,Conservative,2047,11.116,2025
Coal,99%-CCS,Conservative,2048,11.116,2023
Coal,99%-CCS,Conservative,2048,11.116,2024
Coal,99%-CCS,Conservative,2048,11.116,2025
Coal,99%-CCS,Conservative,2049,11.116,2023
Coal,99%-CCS,Conservative,2049,11.116,2024
Coal,99%-CCS,Conservative,2049,11.116,2025
Coal,99%-CCS,Conservative,2050,11.116,2023
Coal,99%-CCS,Conservative,2050,11.116,2024
Coal,99%-CCS,Conservative,2050,11.116,2025
Coal,99%-CCS,Conservative,2051,11.116,2025
Coal,99%-CCS,Conservative,2052,11.116,2025
Coal,99%-CCS,Conservative,2053,11.116,2025
Coal,99%-CCS,Conservative,2054,11.116,2025
Coal,99%-CCS,Conservative,2055,11.116,2025
Coal,99%-CCS,Conservative,2056,11.116,2025
Coal,99%-CCS,Conservative,2057,11.116,2025
Coal,99%-CCS,Conservative,2058,11.116,2025
Coal,99%-CCS,Conservative,2059,11.116,2025
Coal,99%-CCS,Conservative,2060,11.116,2025
Coal,99%-CCS,Moderate,2021,11.116,2023
Coal,99%-CCS,Moderate,2022,11.116,2023
Coal,99%-CCS,Moderate,2022,11.116,2024
Coal,99%-CCS,Moderate,2023,11.057,2023
Coal,99%-CCS,Moderate,2023,11.057,2024
Coal,99%-CCS,Moderate,2023,11.116,2025
Coal,99%-CCS,Moderate,2024,10.997,2023
Coal,99%-CCS,Moderate,2024,10.997,2024
Coal,99%-CCS,Moderate,2024,11.052,2025
Coal,99%-CCS,Moderate,2025,10.938,2023
Coal,99%-CCS,Moderate,2025,10.938,2024
Coal,99%-CCS,Moderate,2025,10.988,2025
Coal,99%-CCS,Moderate,2026,10.879,2023
Coal,99%-CCS,Moderate,2026,10.879,2024
Coal,99%-CCS,Moderate,2026,10.924,2025
Coal,99%-CCS,Moderate,2027,10.82,2023
Coal,99%-CCS,Moderate,2027,10.82,2024
Coal,99%-CCS,Moderate,2027,10.86,2025
Coal,99%-CCS,Moderate,2028,10.761,2023
Coal,99%-CCS,Moderate,2028,10.761,2024
Coal,99%-CCS,Moderate,2028,10.796,2025
Coal,99%-CCS,Moderate,2029,10.702,2023
Coal,99%-CCS,Moderate,2029,10.702,2024
Coal,99%-CCS,Moderate,2029,10.732,2025
Coal,99%-CCS,Moderate,2030,10.643,2023
Coal,99%-CCS,Moderate,2030,10.643,2024
Coal,99%-CCS,Moderate,2030,10.668,2025
Coal,99%-CCS,Moderate,2031,10.584,2023
Coal,99%-CCS,Moderate,2031,10.584,2024
Coal,99%-CCS,Moderate,2031,10.604,2025
Coal,99%-CCS,Moderate,2032,10.525,2023
Coal,99%-CCS,Moderate,2032,10.525,2024
Coal,99%-CCS,Moderate,2032,10.54,2025
Coal,99%-CCS,Moderate,2033,10.466,2023
Coal,99%-CCS,Moderate,2033,10.47,2024
Coal,99%-CCS,Moderate,2033,10.476,2025
Coal,99%-CCS,Moderate,2034,10.407,2023
Coal,99%-CCS,Moderate,2034,10.41,2024
Coal,99%-CCS,Moderate,2034,10.412,2025
Coal,99%-CCS,Moderate,2035,10.348,2023
Coal,99%-CCS,Moderate,2035,10.348,2024
Coal,99%-CCS,Moderate,2035,10.348,2025
Coal,99%-CCS,Moderate,2036,10.348,2023
Coal,99%-CCS,Moderate,2036,10.348,2024
Coal,99%-CCS,Moderate,2036,10.348,2025
Coal,99%-CCS,Moderate,2037,10.348,2023
Coal,99%-CCS,Moderate,2037,10.348,2024
Coal,99%-CCS,Moderate,2037,10.348,2025
Coal,99%-CCS,Moderate,2038,10.348,2023
Coal,99%-CCS,Moderate,2038,10.348,2024
Coal,99%-CCS,Moderate,2038,10.348,2025
Coal,99%-CCS,Moderate,2039,10.348,2023
Coal,99%-CCS,Moderate,2039,10.348,2024
Coal,99%-CCS,Moderate,2039,10.348,2025
Coal,99%-CCS,Moderate,2040,10.348,2023
Coal,99%-CCS,Moderate,2040,10.348,2024
Coal,99%-CCS,Moderate,2040,10.348,2025
Coal,99%-CCS,Moderate,2041,10.348,2023
Coal,99%-CCS,Moderate,2041,10.348,2024
Coal,99%-CCS,Moderate,2041,10.348,2025
Coal,99%-CCS,Moderate,2042,10.348,2023
Coal,99%-CCS,Moderate,2042,10.348,2024
Coal,99%-CCS,Moderate,2042,10.348,2025
Coal,99%-CCS,Moderate,2043,10.348,2023
Coal,99%-CCS,Moderate,2043,10.348,2024
Coal,99%-CCS,Moderate,2043,10.348,2025
Coal,99%-CCS,Moderate,2044,10.348,2023
Coal,99%-CCS,Moderate,2044,10.348,2024
Coal,99%-CCS,Moderate,2044,10.348,2025
Coal,99%-CCS,Moderate,2045,10.348,2023
Coal,99%-CCS,Moderate,2045,10.348,2024
Coal,99%-CCS,Moderate,2045,10.348,2025
Coal,99%-CCS,Moderate,2046,10.348,2023
Coal,99%-CCS,Moderate,2046,10.348,2024
Coal,99%-CCS,Moderate,2046,10.348,2025
Coal,99%-CCS,Moderate,2047,10.348,2023
Coal,99%-CCS,Moderate,2047,10.348,2024
Coal,99%-CCS,Moderate,2047,10.348,2025
Coal,99%-CCS,Moderate,2048,10.348,2023
Coal,99%-CCS,Moderate,2048,10.348,2024
Coal,99%-CCS,Moderate,2048,10.348,2025
Coal,99%-CCS,Moderate,2049,10.348,2023
Coal,99%-CCS,Moderate,2049,10.348,2024
Coal,99%-CCS,Moderate,2049,10.348,2025
Coal,99%-CCS,Moderate,2050,10.348,2023
Coal,99%-CCS,Moderate,2050,10.348,2024
Coal,99%-CCS,Moderate,2050,10.348,2025
Coal,99%-CCS,Moderate,2051,10.348,2025
Coal,99%-CCS,Moderate,2052,10.348,2025
Coal,99%-CCS,Moderate,2053,10.348,2025
Coal,99%-CCS,Moderate,2054,10.348,2025
Coal,99%-CCS,Moderate,2055,10.348,2025
Coal,99%-CCS,Moderate,2056,10.348,2025
Coal,99%-CCS,Moderate,2057,10.348,2025
Coal,99%-CCS,Moderate,2058,10.348,2025
Coal,99%-CCS,Moderate,2059,10.348,2025
Coal,99%-CCS,Moderate,2060,10.348,2025
Coal,IGCC,Advanced,2021,8.308,2023
Coal,IGCC,Advanced,2022,8.308,2023
Coal,IGCC,Advanced,2022,8.308,2024
Coal,IGCC,Advanced,2023,8.308,2023
Coal,IGCC,Advanced,2023,8.308,2024
Coal,IGCC,Advanced,2023,8.308,2025
Coal,IGCC,Advanced,2024,8.308,2023
Coal,IGCC,Advanced,2024,8.308,2024
Coal,IGCC,Advanced,2024,8.308,2025
Coal,IGCC,Advanced,2025,8.308,2023
Coal,IGCC,Advanced,2025,8.308,2024
Coal,IGCC,Advanced,2025,8.308,2025
Coal,IGCC,Advanced,2026,8.308,2023
Coal,IGCC,Advanced,2026,8.308,2024
Coal,IGCC,Advanced,2026,8.308,2025
Coal,IGCC,Advanced,2027,8.308,2023
Coal,IGCC,Advanced,2027,8.308,2024
Coal,IGCC,Advanced,2027,8.308,2025
Coal,IGCC,Advanced,2028,8.308,2023
Coal,IGCC,Advanced,2028,8.308,2024
Coal,IGCC,Advanced,2028,8.308,2025
Coal,IGCC,Advanced,2029,8.308,2023
Coal,IGCC,Advanced,2029,8.308,2024
Coal,IGCC,Advanced,2029,8.308,2025
Coal,IGCC,Advanced,2030,8.308,2023
Coal,IGCC,Advanced,2030,8.308,2024
Coal,IGCC,Advanced,2030,8.308,2025
Coal,IGCC,Advanced,2031,8.308,2023
Coal,IGCC,Advanced,2031,8.308,2024
Coal,IGCC,Advanced,2031,8.308,2025
Coal,IGCC,Advanced,2032,8.308,2023
Coal,IGCC,Advanced,2032,8.308,2024
Coal,IGCC,Advanced,2032,8.308,2025
Coal,IGCC,Advanced,2033,8.308,2023
Coal,IGCC,Advanced,2033,8.308,2024
Coal,IGCC,Advanced,2033,8.308,2025
Coal,IGCC,Advanced,2034,8.308,2023
Coal,IGCC,Advanced,2034,8.308,2024
Coal,IGCC,Advanced,2034,8.308,2025
Coal,IGCC,Advanced,2035,8.308,2023
Coal,IGCC,Advanced,2035,8.308,2024
Coal,IGCC,Advanced,2035,8.308,2025
Coal,IGCC,Advanced,2036,8.308,2023
Coal,IGCC,Advanced,2036,8.308,2024
Coal,IGCC,Advanced,2036,8.308,2025
Coal,IGCC,Advanced,2037,8.308,2023
Coal,IGCC,Advanced,2037,8.308,2024
Coal,IGCC,Advanced,2037,8.308,2025
Coal,IGCC,Advanced,2038,8.308,2023
Coal,IGCC,Advanced,2038,8.308,2024
Coal,IGCC,Advanced,2038,8.308,2025
Coal,IGCC,Advanced,2039,8.308,2023
Coal,IGCC,Advanced,2039,8.308,2024
Coal,IGCC,Advanced,2039,8.308,2025
Coal,IGCC,Advanced,2040,8.308,2023
Coal,IGCC,Advanced,2040,8.308,2024
Coal,IGCC,Advanced,2040,8.308,2025
Coal,IGCC,Advanced,2041,8.308,2023
Coal,IGCC,Advanced,2041,8.308,2024
Coal,IGCC,Advanced,2041,8.308,2025
Coal,IGCC,Advanced,2042,8.308,2023
Coal,IGCC,Advanced,2042,8.308,2024
Coal,IGCC,Advanced,2042,8.308,2025
Coal,IGCC,Advanced,2043,8.308,2023
Coal,IGCC,Advanced,2043,8.308,2024
Coal,IGCC,Advanced,2043,8.308,2025
Coal,IGCC,Advanced,2044,8.308,2023
Coal,IGCC,Advanced,2044,8.308,2024
Coal,IGCC,Advanced,2044,8.308,2025
Coal,IGCC,Advanced,2045,8.308,2023
Coal,IGCC,Advanced,2045,8.308,2024
Coal,IGCC,Advanced,2045,8.308,2025
Coal,IGCC,Advanced,2046,8.308,2023
Coal,IGCC,Advanced,2046,8.308,2024
Coal,IGCC,Advanced,2046,8.308,2025
Coal,IGCC,Advanced,2047,8.308,2023
Coal,IGCC,Advanced,2047,8.308,2024
Coal,IGCC,Advanced,2047,8.308,2025
Coal,IGCC,Advanced,2048,8.308,2023
Coal,IGCC,Advanced,2048,8.308,2024
Coal,IGCC,Advanced,2048,8.308,2025
Coal,IGCC,Advanced,2049,8.308,2023
Coal,IGCC,Advanced,2049,8.308,2024
Coal,IGCC,Advanced,2049,8.308,2025
Coal,IGCC,Advanced,2050,8.308,2023
Coal,IGCC,Advanced,2050,8.308,2024
Coal,IGCC,Advanced,2050,8.308,2025
Coal,IGCC,Advanced,2051,8.308,2025
Coal,IGCC,Advanced,2052,8.308,2025
Coal,IGCC,Advanced,2053,8.308,2025
Coal,IGCC,Advanced,2054,8.308,2025
Coal,IGCC,Advanced,2055,8.308,2025
Coal,IGCC,Advanced,2056,8.308,2025
Coal,IGCC,Advanced,2057,8.308,2025
Coal,IGCC,Advanced,2058,8.308,2025
Coal,IGCC,Advanced,2059,8.308,2025
Coal,IGCC,Advanced,2060,8.308,2025
Coal,IGCC,Conservative,2021,8.308,2023
Coal,IGCC,Conservative,2022,8.308,2023
Coal,IGCC,Conservative,2022,8.308,2024
Coal,IGCC,Conservative,2023,8.308,2023
Coal,IGCC,Conservative,2023,8.308,2024
Coal,IGCC,Conservative,2023,8.308,2025
Coal,IGCC,Conservative,2024,8.308,2023
Coal,IGCC,Conservative,2024,8.308,2024
Coal,IGCC,Conservative,2024,8.308,2025
Coal,IGCC,Conservative,2025,8.308,2023
Coal,IGCC,Conservative,2025,8.308,2024
Coal,IGCC,Conservative,2025,8.308,2025
Coal,IGCC,Conservative,2026,8.308,2023
Coal,IGCC,Conservative,2026,8.308,2024
Coal,IGCC,Conservative,2026,8.308,2025
Coal,IGCC,Conservative,2027,8.308,2023
Coal,IGCC,Conservative,2027,8.308,2024
Coal,IGCC,Conservative,2027,8.308,2025
Coal,IGCC,Conservative,2028,8.308,2023
Coal,IGCC,Conservative,2028,8.308,2024
Coal,IGCC,Conservative,2028,8.308,2025
Coal,IGCC,Conservative,2029,8.308,2023
Coal,IGCC,Conservative,2029,8.308,2024
Coal,IGCC,Conservative,2029,8.308,2025
Coal,IGCC,Conservative,2030,8.308,2023
Coal,IGCC,Conservative,2030,8.308,2024
Coal,IGCC,Conservative,2030,8.308,2025
Coal,IGCC,Conservative,2031,8.308,2023
Coal,IGCC,Conservative,2031,8.308,2024
Coal,IGCC,Conservative,2031,8.308,2025
Coal,IGCC,Conservative,2032,8.308,2023
Coal,IGCC,Conservative,2032,8.308,2024
Coal,IGCC,Conservative,2032,8.308,2025
Coal,IGCC,Conservative,2033,8.308,2023
Coal,IGCC,Conservative,2033,8.308,2024
Coal,IGCC,Conservative,2033,8.308,2025
Coal,IGCC,Conservative,2034,8.308,2023
Coal,IGCC,Conservative,2034,8.308,2024
Coal,IGCC,Conservative,2034,8.308,2025
Coal,IGCC,Conservative,2035,8.308,2023
Coal,IGCC,Conservative,2035,8.308,2024
Coal,IGCC,Conservative,2035,8.308,2025
Coal,IGCC,Conservative,2036,8.308,2023
Coal,IGCC,Conservative,2036,8.308,2024
Coal,IGCC,Conservative,2036,8.308,2025
Coal,IGCC,Conservative,2037,8.308,2023
Coal,IGCC,Conservative,2037,8.308,2024
Coal,IGCC,Conservative,2037,8.308,2025
Coal,IGCC,Conservative,2038,8.308,2023
Coal,IGCC,Conservative,2038,8.308,2024
Coal,IGCC,Conservative,2038,8.308,2025
Coal,IGCC,Conservative,2039,8.308,2023
Coal,IGCC,Conservative,2039,8.308,2024
Coal,IGCC,Conservative,2039,8.308,2025
Coal,IGCC,Conservative,2040,8.308,2023
Coal,IGCC,Conservative,2040,8.308,2024
Coal,IGCC,Conservative,2040,8.308,2025
Coal,IGCC,Conservative,2041,8.308,2023
Coal,IGCC,Conservative,2041,8.308,2024
Coal,IGCC,Conservative,2041,8.308,2025
Coal,IGCC,Conservative,2042,8.308,2023
Coal,IGCC,Conservative,2042,8.308,2024
Coal,IGCC,Conservative,2042,8.308,2025
Coal,IGCC,Conservative,2043,8.308,2023
Coal,IGCC,Conservative,2043,8.308,2024
Coal,IGCC,Conservative,2043,8.308,2025
Coal,IGCC,Conservative,2044,8.308,2023
Coal,IGCC,Conservative,2044,8.308,2024
Coal,IGCC,Conservative,2044,8.308,2025
Coal,IGCC,Conservative,2045,8.308,2023
Coal,IGCC,Conservative,2045,8.308,2024
Coal,IGCC,Conservative,2045,8.308,2025
Coal,IGCC,Conservative,2046,8.308,2023
Coal,IGCC,Conservative,2046,8.308,2024
Coal,IGCC,Conservative,2046,8.308,2025
Coal,IGCC,Conservative,2047,8.308,2023
Coal,IGCC,Conservative,2047,8.308,2024
Coal,IGCC,Conservative,2047,8.308,2025
Coal,IGCC,Conservative,2048,8.308,2023
Coal,IGCC,Conservative,2048,8.308,2024
Coal,IGCC,Conservative,2048,8.308,2025
Coal,IGCC,Conservative,2049,8.308,2023
Coal,IGCC,Conservative,2049,8.308,2024
Coal,IGCC,Conservative,2049,8.308,2025
Coal,IGCC,Conservative,2050,8.308,2023
Coal,IGCC,Conservative,2050,8.308,2024
Coal,IGCC,Conservative,2050,8.308,2025
Coal,IGCC,Conservative,2051,8.308,2025
Coal,IGCC,Conservative,2052,8.308,2025
Coal,IGCC,Conservative,2053,8.308,2025
Coal,IGCC,Conservative,2054,8.308,2025
Coal,IGCC,Conservative,2055,8.308,2025
Coal,IGCC,Conservative,2056,8.308,2025
Coal,IGCC,Conservative,2057,8.308,2025
Coal,IGCC,Conservative,2058,8.308,2025
Coal,IGCC,Conservative,2059,8.308,2025
Coal,IGCC,Conservative,2060,8.308,2025
Coal,IGCC,Moderate,2021,8.308,2023
Coal,IGCC,Moderate,2022,8.308,2023
Coal,IGCC,Moderate,2022,8.308,2024
Coal,IGCC,Moderate,2023,8.308,2023
Coal,IGCC,Moderate,2023,8.308,2024
Coal,IGCC,Moderate,2023,8.308,2025
Coal,IGCC,Moderate,2024,8.308,2023
Coal,IGCC,Moderate,2024,8.308,2024
Coal,IGCC,Moderate,2024,8.308,2025
Coal,IGCC,Moderate,2025,8.308,2023
Coal,IGCC,Moderate,2025,8.308,2024
Coal,IGCC,Moderate,2025,8.308,2025
Coal,IGCC,Moderate,2026,8.308,2023
Coal,IGCC,Moderate,2026,8.308,2024
Coal,IGCC,Moderate,2026,8.308,2025
Coal,IGCC,Moderate,2027,8.308,2023
Coal,IGCC,Moderate,2027,8.308,2024
Coal,IGCC,Moderate,2027,8.308,2025
Coal,IGCC,Moderate,2028,8.308,2023
Coal,IGCC,Moderate,2028,8.308,2024
Coal,IGCC,Moderate,2028,8.308,2025
Coal,IGCC,Moderate,2029,8.308,2023
Coal,IGCC,Moderate,2029,8.308,2024
Coal,IGCC,Moderate,2029,8.308,2025
Coal,IGCC,Moderate,2030,8.308,2023
Coal,IGCC,Moderate,2030,8.308,2024
Coal,IGCC,Moderate,2030,8.308,2025
Coal,IGCC,Moderate,2031,8.308,2023
Coal,IGCC,Moderate,2031,8.308,2024
Coal,IGCC,Moderate,2031,8.308,2025
Coal,IGCC,Moderate,2032,8.308,2023
Coal,IGCC,Moderate,2032,8.308,2024
Coal,IGCC,Moderate,2032,8.308,2025
Coal,IGCC,Moderate,2033,8.308,2023
Coal,IGCC,Moderate,2033,8.308,2024
Coal,IGCC,Moderate,2033,8.308,2025
Coal,IGCC,Moderate,2034,8.308,2023
Coal,IGCC,Moderate,2034,8.308,2024
Coal,IGCC,Moderate,2034,8.308,2025
Coal,IGCC,Moderate,2035,8.308,2023
Coal,IGCC,Moderate,2035,8.308,2024
Coal,IGCC,Moderate,2035,8.308,2025
Coal,IGCC,Moderate,2036,8.308,2023
Coal,IGCC,Moderate,2036,8.308,2024
Coal,IGCC,Moderate,2036,8.308,2025
Coal,IGCC,Moderate,2037,8.308,2023
Coal,IGCC,Moderate,2037,8.308,2024
Coal,IGCC,Moderate,2037,8.308,2025
Coal,IGCC,Moderate,2038,8.308,2023
Coal,IGCC,Moderate,2038,8.308,2024
Coal,IGCC,Moderate,2038,8.308,2025
Coal,IGCC,Moderate,2039,8.308,2023
Coal,IGCC,Moderate,2039,8.308,2024
Coal,IGCC,Moderate,2039,8.308,2025
Coal,IGCC,Moderate,2040,8.308,2023
Coal,IGCC,Moderate,2040,8.308,2024
Coal,IGCC,Moderate,2040,8.308,2025
Coal,IGCC,Moderate,2041,8.308,2023
Coal,IGCC,Moderate,2041,8.308,2024
Coal,IGCC,Moderate,2041,8.308,2025
Coal,IGCC,Moderate,2042,8.308,2023
Coal,IGCC,Moderate,2042,8.308,2024
Coal,IGCC,Moderate,2042,8.308,2025
Coal,IGCC,Moderate,2043,8.308,2023
Coal,IGCC,Moderate,2043,8.308,2024
Coal,IGCC,Moderate,2043,8.308,2025
Coal,IGCC,Moderate,2044,8.308,2023
Coal,IGCC,Moderate,2044,8.308,2024
Coal,IGCC,Moderate,2044,8.308,2025
Coal,IGCC,Moderate,2045,8.308,2023
Coal,IGCC,Moderate,2045,8.308,2024
Coal,IGCC,Moderate,2045,8.308,2025
Coal,IGCC,Moderate,2046,8.308,2023
Coal,IGCC,Moderate,2046,8.308,2024
Coal,IGCC,Moderate,2046,8.308,2025
Coal,IGCC,Moderate,2047,8.308,2023
Coal,IGCC,Moderate,2047,8.308,2024
Coal,IGCC,Moderate,2047,8.308,2025
Coal,IGCC,Moderate,2048,8.308,2023
Coal,IGCC,Moderate,2048,8.308,2024
Coal,IGCC,Moderate,2048,8.308,2025
Coal,IGCC,Moderate,2049,8.308,2023
Coal,IGCC,Moderate,2049,8.308,2024
Coal,IGCC,Moderate,2049,8.308,2025
Coal,IGCC,Moderate,2050,8.308,2023
Coal,IGCC,Moderate,2050,8.308,2024
Coal,IGCC,Moderate,2050,8.308,2025
Coal,IGCC,Moderate,2051,8.308,2025
Coal,IGCC,Moderate,2052,8.308,2025
Coal,IGCC,Moderate,2053,8.308,2025
Coal,IGCC,Moderate,2054,8.308,2025
Coal,IGCC,Moderate,2055,8.308,2025
Coal,IGCC,Moderate,2056,8.308,2025
Coal,IGCC,Moderate,2057,8.308,2025
Coal,IGCC,Moderate,2058,8.308,2025
Coal,IGCC,Moderate,2059,8.308,2025
Coal,IGCC,Moderate,2060,8.308,2025
Coal,IGCC-90%-CCS,Advanced,2022,11.287,2024
Coal,IGCC-90%-CCS,Advanced,2023,11.287,2024
Coal,IGCC-90%-CCS,Advanced,2023,11.287,2025
Coal,IGCC-90%-CCS,Advanced,2024,11.287,2024
Coal,IGCC-90%-CCS,Advanced,2024,11.287,2025
Coal,IGCC-90%-CCS,Advanced,2025,11.287,2024
Coal,IGCC-90%-CCS,Advanced,2025,11.287,2025
Coal,IGCC-90%-CCS,Advanced,2026,11.287,2024
Coal,IGCC-90%-CCS,Advanced,2026,11.287,2025
Coal,IGCC-90%-CCS,Advanced,2027,11.287,2024
Coal,IGCC-90%-CCS,Advanced,2027,11.287,2025
Coal,IGCC-90%-CCS,Advanced,2028,11.287,2024
Coal,IGCC-90%-CCS,Advanced,2028,11.287,2025
Coal,IGCC-90%-CCS,Advanced,2029,11.287,2024
Coal,IGCC-90%-CCS,Advanced,2029,11.287,2025
Coal,IGCC-90%-CCS,Advanced,2030,11.287,2024
Coal,IGCC-90%-CCS,Advanced,2030,11.287,2025
Coal,IGCC-90%-CCS,Advanced,2031,11.287,2024
Coal,IGCC-90%-CCS,Advanced,2031,11.287,2025
Coal,IGCC-90%-CCS,Advanced,2032,11.287,2024
Coal,IGCC-90%-CCS,Advanced,2032,11.287,2025
Coal,IGCC-90%-CCS,Advanced,2033,11.287,2024
Coal,IGCC-90%-CCS,Advanced,2033,11.287,2025
Coal,IGCC-90%-CCS,Advanced,2034,11.287,2024
Coal,IGCC-90%-CCS,Advanced,2034,11.287,2025
Coal,IGCC-90%-CCS,Advanced,2035,11.287,2024
Coal,IGCC-90%-CCS,Advanced,2035,11.287,2025
Coal,IGCC-90%-CCS,Advanced,2036,11.287,2024
Coal,IGCC-90%-CCS,Advanced,2036,11.287,2025
Coal,IGCC-90%-CCS,Advanced,2037,11.287,2024
Coal,IGCC-90%-CCS,Advanced,2037,11.287,2025
Coal,IGCC-90%-CCS,Advanced,2038,11.287,2024
Coal,IGCC-90%-CCS,Advanced,2038,11.287,2025
Coal,IGCC-90%-CCS,Advanced,2039,11.287,2024
Coal,IGCC-90%-CCS,Advanced,2039,11.287,2025
Coal,IGCC-90%-CCS,Advanced,2040,11.287,2024
Coal,IGCC-90%-CCS,Advanced,2040,11.287,2025
Coal,IGCC-90%-CCS,Advanced,2041,11.287,2024
Coal,IGCC-90%-CCS,Advanced,2041,11.287,2025
Coal,IGCC-90%-CCS,Advanced,2042,11.287,2024
Coal,IGCC-90%-CCS,Advanced,2042,11.287,2025
Coal,IGCC-90%-CCS,Advanced,2043,11.287,2024
Coal,IGCC-90%-CCS,Advanced,2043,11.287,2025
Coal,IGCC-90%-CCS,Advanced,2044,11.287,2024
Coal,IGCC-90%-CCS,Advanced,2044,11.287,2025
Coal,IGCC-90%-CCS,Advanced,2045,11.287,2024
Coal,IGCC-90%-CCS,Advanced,2045,11.287,2025
Coal,IGCC-90%-CCS,Advanced,2046,11.287,2024
Coal,IGCC-90%-CCS,Advanced,2046,11.287,2025
Coal,IGCC-90%-CCS,Advanced,2047,11.287,2024
Coal,IGCC-90%-CCS,Advanced,2047,11.287,2025
Coal,IGCC-90%-CCS,Advanced,2048,11.287,2024
Coal,IGCC-90%-CCS,Advanced,2048,11.287,2025
Coal,IGCC-90%-CCS,Advanced,2049,11.287,2024
Coal,IGCC-90%-CCS,Advanced,2049,11.287,2025
Coal,IGCC-90%-CCS,Advanced,2050,11.287,2024
Coal,IGCC-90%-CCS,Advanced,2050,11.287,2025
Coal,IGCC-90%-CCS,Advanced,2051,11.287,2025
Coal,IGCC-90%-CCS,Advanced,2052,11.287,2025
Coal,IGCC-90%-CCS,Advanced,2053,11.287,2025
Coal,IGCC-90%-CCS,Advanced,2054,11.287,2025
Coal,IGCC-90%-CCS,Advanced,2055,11.287,2025
Coal,IGCC-90%-CCS,Advanced,2056,11.287,2025
Coal,IGCC-90%-CCS,Advanced,2057,11.287,2025
Coal,IGCC-90%-CCS,Advanced,2058,11.287,2025
Coal,IGCC-90%-CCS,Advanced,2059,11.287,2025
Coal,IGCC-90%-CCS,Advanced,2060,11.287,2025
Coal,IGCC-90%-CCS,Conservative,2022,11.287,2024
Coal,IGCC-90%-CCS,Conservative,2023,11.287,2024
Coal,IGCC-90%-CCS,Conservative,2023,11.287,2025
Coal,IGCC-90%-CCS,Conservative,2024,11.287,2024
Coal,IGCC-90%-CCS,Conservative,2024,11.287,2025
Coal,IGCC-90%-CCS,Conservative,2025,11.287,2024
Coal,IGCC-90%-CCS,Conservative,2025,11.287,2025
Coal,IGCC-90%-CCS,Conservative,2026,11.287,2024
Coal,IGCC-90%-CCS,Conservative,2026,11.287,2025
Coal,IGCC-90%-CCS,Conservative,2027,11.287,2024
Coal,IGCC-90%-CCS,Conservative,2027,11.287,2025
Coal,IGCC-90%-CCS,Conservative,2028,11.287,2024
Coal,IGCC-90%-CCS,Conservative,2028,11.287,2025
Coal,IGCC-90%-CCS,Conservative,2029,11.287,2024
Coal,IGCC-90%-CCS,Conservative,2029,11.287,2025
Coal,IGCC-90%-CCS,Conservative,2030,11.287,2024
Coal,IGCC-90%-CCS,Conservative,2030,11.287,2025
Coal,IGCC-90%-CCS,Conservative,2031,11.287,2024
Coal,IGCC-90%-CCS,Conservative,2031,11.287,2025
Coal,IGCC-90%-CCS,Conservative,2032,11.287,2024
Coal,IGCC-90%-CCS,Conservative,2032,11.287,2025
Coal,IGCC-90%-CCS,Conservative,2033,11.287,2024
Coal,IGCC-90%-CCS,Conservative,2033,11.287,2025
Coal,IGCC-90%-CCS,Conservative,2034,11.287,2024
Coal,IGCC-90%-CCS,Conservative,2034,11.287,2025
Coal,IGCC-90%-CCS,Conservative,2035,11.287,2024
Coal,IGCC-90%-CCS,Conservative,2035,11.287,2025
Coal,IGCC-90%-CCS,Conservative,2036,11.287,2024
Coal,IGCC-90%-CCS,Conservative,2036,11.287,2025
Coal,IGCC-90%-CCS,Conservative,2037,11.287,2024
Coal,IGCC-90%-CCS,Conservative,2037,11.287,2025
Coal,IGCC-90%-CCS,Conservative,2038,11.287,2024
Coal,IGCC-90%-CCS,Conservative,2038,11.287,2025
Coal,IGCC-90%-CCS,Conservative,2039,11.287,2024
Coal,IGCC-90%-CCS,Conservative,2039,11.287,2025
Coal,IGCC-90%-CCS,Conservative,2040,11.287,2024
Coal,IGCC-90%-CCS,Conservative,2040,11.287,2025
Coal,IGCC-90%-CCS,Conservative,2041,11.287,2024
Coal,IGCC-90%-CCS,Conservative,2041,11.287,2025
Coal,IGCC-90%-CCS,Conservative,2042,11.287,2024
Coal,IGCC-90%-CCS,Conservative,2042,11.287,2025
Coal,IGCC-90%-CCS,Conservative,2043,11.287,2024
Coal,IGCC-90%-CCS,Conservative,2043,11.287,2025
Coal,IGCC-90%-CCS,Conservative,2044,11.287,2024
Coal,IGCC-90%-CCS,Conservative,2044,11.287,2025
Coal,IGCC-90%-CCS,Conservative,2045,11.287,2024
Coal,IGCC-90%-CCS,Conservative,2045,11.287,2025
Coal,IGCC-90%-CCS,Conservative,2046,11.287,2024
Coal,IGCC-90%-CCS,Conservative,2046,11.287,2025
Coal,IGCC-90%-CCS,Conservative,2047,11.287,2024
Coal,IGCC-90%-CCS,Conservative,2047,11.287,2025
Coal,IGCC-90%-CCS,Conservative,2048,11.287,2024
Coal,IGCC-90%-CCS,Conservative,2048,11.287,2025
Coal,IGCC-90%-CCS,Conservative,2049,11.287,2024
Coal,IGCC-90%-CCS,Conservative,2049,11.287,2025
Coal,IGCC-90%-CCS,Conservative,2050,11.287,2024
Coal,IGCC-90%-CCS,Conservative,2050,11.287,2025
Coal,IGCC-90%-CCS,Conservative,2051,11.287,2025
Coal,IGCC-90%-CCS,Conservative,2052,11.287,2025
Coal,IGCC-90%-CCS,Conservative,2053,11.287,2025
Coal,IGCC-90%-CCS,Conservative,2054,11.287,2025
Coal,IGCC-90%-CCS,Conservative,2055,11.287,2025
Coal,IGCC-90%-CCS,Conservative,2056,11.287,2025
Coal,IGCC-90%-CCS,Conservative,2057,11.287,2025
Coal,IGCC-90%-CCS,Conservative,2058,11.287,2025
Coal,IGCC-90%-CCS,Conservative,2059,11.287,2025
Coal,IGCC-90%-CCS,Conservative,2060,11.287,2025
Coal,IGCC-90%-CCS,Moderate,2022,11.287,2024
Coal,IGCC-90%-CCS,Moderate,2023,11.287,2024
Coal,IGCC-90%-CCS,Moderate,2023,11.287,2025
Coal,IGCC-90%-CCS,Moderate,2024,11.287,2024
Coal,IGCC-90%-CCS,Moderate,2024,11.287,2025
Coal,IGCC-90%-CCS,Moderate,2025,11.287,2024
Coal,IGCC-90%-CCS,Moderate,2025,11.287,2025
Coal,IGCC-90%-CCS,Moderate,2026,11.287,2024
Coal,IGCC-90%-CCS,Moderate,2026,11.287,2025
Coal,IGCC-90%-CCS,Moderate,2027,11.287,2024
Coal,IGCC-90%-CCS,Moderate,2027,11.287,2025
Coal,IGCC-90%-CCS,Moderate,2028,11.287,2024
Coal,IGCC-90%-CCS,Moderate,2028,11.287,2025
Coal,IGCC-90%-CCS,Moderate,2029,11.287,2024
Coal,IGCC-90%-CCS,Moderate,2029,11.287,2025
Coal,IGCC-90%-CCS,Moderate,2030,11.287,2024
Coal,IGCC-90%-CCS,Moderate,2030,11.287,2025
Coal,IGCC-90%-CCS,Moderate,2031,11.287,2024
Coal,IGCC-90%-CCS,Moderate,2031,11.287,2025
Coal,IGCC-90%-CCS,Moderate,2032,11.287,2024
Coal,IGCC-90%-CCS,Moderate,2032,11.287,2025
Coal,IGCC-90%-CCS,Moderate,2033,11.287,2024
Coal,IGCC-90%-CCS,Moderate,2033,11.287,2025
Coal,IGCC-90%-CCS,Moderate,2034,11.287,2024
Coal,IGCC-90%-CCS,Moderate,2034,11.287,2025
Coal,IGCC-90%-CCS,Moderate,2035,11.287,2024
Coal,IGCC-90%-CCS,Moderate,2035,11.287,2025
Coal,IGCC-90%-CCS,Moderate,2036,11.287,2024
Coal,IGCC-90%-CCS,Moderate,2036,11.287,2025
Coal,IGCC-90%-CCS,Moderate,2037,11.287,2024
Coal,IGCC-90%-CCS,Moderate,2037,11.287,2025
Coal,IGCC-90%-CCS,Moderate,2038,11.287,2024
Coal,IGCC-90%-CCS,Moderate,2038,11.287,2025
Coal,IGCC-90%-CCS,Moderate,2039,11.287,2024
Coal,IGCC-90%-CCS,Moderate,2039,11.287,2025
Coal,IGCC-90%-CCS,Moderate,2040,11.287,2024
Coal,IGCC-90%-CCS,Moderate,2040,11.287,2025
Coal,IGCC-90%-CCS,Moderate,2041,11.287,2024
Coal,IGCC-90%-CCS,Moderate,2041,11.287,2025
Coal,IGCC-90%-CCS,Moderate,2042,11.287,2024
Coal,IGCC-90%-CCS,Moderate,2042,11.287,2025
Coal,IGCC-90%-CCS,Moderate,2043,11.287,2024
Coal,IGCC-90%-CCS,Moderate,2043,11.287,2025
Coal,IGCC-90%-CCS,Moderate,2044,11.287,2024
Coal,IGCC-90%-CCS,Moderate,2044,11.287,2025
Coal,IGCC-90%-CCS,Moderate,2045,11.287,2024
Coal,IGCC-90%-CCS,Moderate,2045,11.287,2025
Coal,IGCC-90%-CCS,Moderate,2046,11.287,2024
Coal,IGCC-90%-CCS,Moderate,2046,11.287,2025
Coal,IGCC-90%-CCS,Moderate,2047,11.287,2024
Coal,IGCC-90%-CCS,Moderate,2047,11.287,2025
Coal,IGCC-90%-CCS,Moderate,2048,11.287,2024
Coal,IGCC-90%-CCS,Moderate,2048,11.287,2025
Coal,IGCC-90%-CCS,Moderate,2049,11.287,2024
Coal,IGCC-90%-CCS,Moderate,2049,11.287,2025
Coal,IGCC-90%-CCS,Moderate,2050,11.287,2024
Coal,IGCC-90%-CCS,Moderate,2050,11.287,2025
Coal,IGCC-90%-CCS,Moderate,2051,11.287,2025
Coal,IGCC-90%-CCS,Moderate,2052,11.287,2025
Coal,IGCC-90%-CCS,Moderate,2053,11.287,2025
Coal,IGCC-90%-CCS,Moderate,2054,11.287,2025
Coal,IGCC-90%-CCS,Moderate,2055,11.287,2025
Coal,IGCC-90%-CCS,Moderate,2056,11.287,2025
Coal,IGCC-90%-CCS,Moderate,2057,11.287,2025
Coal,IGCC-90%-CCS,Moderate,2058,11.287,2025
Coal,IGCC-90%-CCS,Moderate,2059,11.287,2025
Coal,IGCC-90%-CCS,Moderate,2060,11.287,2025
Coal,New,Advanced,2021,8.49,2023
Coal,New,Advanced,2022,8.49,2023
Coal,New,Advanced,2023,8.442,2023
Coal,New,Advanced,2024,8.395,2023
Coal,New,Advanced,2025,8.347,2023
Coal,New,Advanced,2026,8.3,2023
Coal,New,Advanced,2027,8.253,2023
Coal,New,Advanced,2028,8.205,2023
Coal,New,Advanced,2029,8.158,2023
Coal,New,Advanced,2030,8.111,2023
Coal,New,Advanced,2031,8.063,2023
Coal,New,Advanced,2032,8.016,2023
Coal,New,Advanced,2033,7.968,2023
Coal,New,Advanced,2034,7.921,2023
Coal,New,Advanced,2035,7.874,2023
Coal,New,Advanced,2036,7.874,2023
Coal,New,Advanced,2037,7.874,2023
Coal,New,Advanced,2038,7.874,2023
Coal,New,Advanced,2039,7.874,2023
Coal,New,Advanced,2040,7.874,2023
Coal,New,Advanced,2041,7.874,2023
Coal,New,Advanced,2042,7.874,2023
Coal,New,Advanced,2043,7.874,2023
Coal,New,Advanced,2044,7.874,2023
Coal,New,Advanced,2045,7.874,2023
Coal,New,Advanced,2046,7.874,2023
Coal,New,Advanced,2047,7.874,2023
Coal,New,Advanced,2048,7.874,2023
Coal,New,Advanced,2049,7.874,2023
Coal,New,Advanced,2050,7.874,2023
Coal,New,Conservative,2021,8.49,2023
Coal,New,Conservative,2022,8.49,2023
Coal,New,Conservative,2023,8.49,2023
Coal,New,Conservative,2024,8.49,2023
Coal,New,Conservative,2025,8.49,2023
Coal,New,Conservative,2026,8.49,2023
Coal,New,Conservative,2027,8.49,2023
Coal,New,Conservative,2028,8.49,2023
Coal,New,Conservative,2029,8.49,2023
Coal,New,Conservative,2030,8.49,2023
Coal,New,Conservative,2031,8.49,2023
Coal,New,Conservative,2032,8.49,2023
Coal,New,Conservative,2033,8.49,2023
Coal,New,Conservative,2034,8.49,2023
Coal,New,Conservative,2035,8.49,2023
Coal,New,Conservative,2036,8.49,2023
Coal,New,Conservative,2037,8.49,2023
Coal,New,Conservative,2038,8.49,2023
Coal,New,Conservative,2039,8.49,2023
Coal,New,Conservative,2040,8.49,2023
Coal,New,Conservative,2041,8.49,2023
Coal,New,Conservative,2042,8.49,2023
Coal,New,Conservative,2043,8.49,2023
Coal,New,Conservative,2044,8.49,2023
Coal,New,Conservative,2045,8.49,2023
Coal,New,Conservative,2046,8.49,2023
Coal,New,Conservative,2047,8.49,2023
Coal,New,Conservative,2048,8.49,2023
Coal,New,Conservative,2049,8.49,2023
Coal,New,Conservative,2050,8.49,2023
Coal,New,Moderate,2021,8.49,2023
Coal,New,Moderate,2022,8.49,2023
Coal,New,Moderate,2023,8.466,2023
Coal,New,Moderate,2024,8.442,2023
Coal,New,Moderate,2025,8.419,2023
Coal,New,Moderate,2026,8.395,2023
Coal,New,Moderate,2027,8.371,2023
Coal,New,Moderate,2028,8.347,2023
Coal,New,Moderate,2029,8.324,2023
Coal,New,Moderate,2030,8.3,2023
Coal,New,Moderate,2031,8.276,2023
Coal,New,Moderate,2032,8.253,2023
Coal,New,Moderate,2033,8.229,2023
Coal,New,Moderate,2034,8.205,2023
Coal,New,Moderate,2035,8.182,2023
Coal,New,Moderate,2036,8.182,2023
Coal,New,Moderate,2037,8.182,2023
Coal,New,Moderate,2038,8.182,2023
Coal,New,Moderate,2039,8.182,2023
Coal,New,Moderate,2040,8.182,2023
Coal,New,Moderate,2041,8.182,2023
Coal,New,Moderate,2042,8.182,2023
Coal,New,Moderate,2043,8.182,2023
Coal,New,Moderate,2044,8.182,2023
Coal,New,Moderate,2045,8.182,2023
Coal,New,Moderate,2046,8.182,2023
Coal,New,Moderate,2047,8.182,2023
Coal,New,Moderate,2048,8.182,2023
Coal,New,Moderate,2049,8.182,2023
Coal,New,Moderate,2050,8.182,2023
Coal,new,Advanced,2022,8.49,2024
Coal,new,Advanced,2023,8.442,2024
Coal,new,Advanced,2023,8.49,2025
Coal,new,Advanced,2024,8.395,2024
Coal,new,Advanced,2024,8.438,2025
Coal,new,Advanced,2025,8.347,2024
Coal,new,Advanced,2025,8.387,2025
Coal,new,Advanced,2026,8.3,2024
Coal,new,Advanced,2026,8.336,2025
Coal,new,Advanced,2027,8.253,2024
Coal,new,Advanced,2027,8.284,2025
Coal,new,Advanced,2028,8.205,2024
Coal,new,Advanced,2028,8.233,2025
Coal,new,Advanced,2029,8.158,2024
Coal,new,Advanced,2029,8.182,2025
Coal,new,Advanced,2030,8.111,2024
Coal,new,Advanced,2030,8.13,2025
Coal,new,Advanced,2031,8.063,2024
Coal,new,Advanced,2031,8.079,2025
Coal,new,Advanced,2032,8.016,2024
Coal,new,Advanced,2032,8.028,2025
Coal,new,Advanced,2033,7.97,2024
Coal,new,Advanced,2033,7.976,2025
Coal,new,Advanced,2034,7.92,2024
Coal,new,Advanced,2034,7.925,2025
Coal,new,Advanced,2035,7.874,2024
Coal,new,Advanced,2035,7.874,2025
Coal,new,Advanced,2036,7.874,2024
Coal,new,Advanced,2036,7.874,2025
Coal,new,Advanced,2037,7.874,2024
Coal,new,Advanced,2037,7.874,2025
Coal,new,Advanced,2038,7.874,2024
Coal,new,Advanced,2038,7.874,2025
Coal,new,Advanced,2039,7.874,2024
Coal,new,Advanced,2039,7.874,2025
Coal,new,Advanced,2040,7.874,2024
Coal,new,Advanced,2040,7.874,2025
Coal,new,Advanced,2041,7.874,2024
Coal,new,Advanced,2041,7.874,2025
Coal,new,Advanced,2042,7.874,2024
Coal,new,Advanced,2042,7.874,2025
Coal,new,Advanced,2043,7.874,2024
Coal,new,Advanced,2043,7.874,2025
Coal,new,Advanced,2044,7.874,2024
Coal,new,Advanced,2044,7.874,2025
Coal,new,Advanced,2045,7.874,2024
Coal,new,Advanced,2045,7.874,2025
Coal,new,Advanced,2046,7.874,2024
Coal,new,Advanced,2046,7.874,2025
Coal,new,Advanced,2047,7.874,2024
Coal,new,Advanced,2047,7.874,2025
Coal,new,Advanced,2048,7.874,2024
Coal,new,Advanced,2048,7.874,2025
Coal,new,Advanced,2049,7.874,2024
Coal,new,Advanced,2049,7.874,2025
Coal,new,Advanced,2050,7.874,2024
Coal,new,Advanced,2050,7.874,2025
Coal,new,Advanced,2051,7.874,2025
Coal,new,Advanced,2052,7.874,2025
Coal,new,Advanced,2053,7.874,2025
Coal,new,Advanced,2054,7.874,2025
Coal,new,Advanced,2055,7.874,2025
Coal,new,Advanced,2056,7.874,2025
Coal,new,Advanced,2057,7.874,2025
Coal,new,Advanced,2058,7.874,2025
Coal,new,Advanced,2059,7.874,2025
Coal,new,Advanced,2060,7.874,2025
Coal,new,Conservative,2022,8.49,2024
Coal,new,Conservative,2023,8.49,2024
Coal,new,Conservative,2023,8.49,2025
Coal,new,Conservative,2024,8.49,2024
Coal,new,Conservative,2024,8.49,2025
Coal,new,Conservative,2025,8.49,2024
Coal,new,Conservative,2025,8.49,2025
Coal,new,Conservative,2026,8.49,2024
Coal,new,Conservative,2026,8.49,2025
Coal,new,Conservative,2027,8.49,2024
Coal,new,Conservative,2027,8.49,2025
Coal,new,Conservative,2028,8.49,2024
Coal,new,Conservative,2028,8.49,2025
Coal,new,Conservative,2029,8.49,2024
Coal,new,Conservative,2029,8.49,2025
Coal,new,Conservative,2030,8.49,2024
Coal,new,Conservative,2030,8.49,2025
Coal,new,Conservative,2031,8.49,2024
Coal,new,Conservative,2031,8.49,2025
Coal,new,Conservative,2032,8.49,2024
Coal,new,Conservative,2032,8.49,2025
Coal,new,Conservative,2033,8.49,2024
Coal,new,Conservative,2033,8.49,2025
Coal,new,Conservative,2034,8.49,2024
Coal,new,Conservative,2034,8.49,2025
Coal,new,Conservative,2035,8.49,2024
Coal,new,Conservative,2035,8.49,2025
Coal,new,Conservative,2036,8.49,2024
Coal,new,Conservative,2036,8.49,2025
Coal,new,Conservative,2037,8.49,2024
Coal,new,Conservative,2037,8.49,2025
Coal,new,Conservative,2038,8.49,2024
Coal,new,Conservative,2038,8.49,2025
Coal,new,Conservative,2039,8.49,2024
Coal,new,Conservative,2039,8.49,2025
Coal,new,Conservative,2040,8.49,2024
Coal,new,Conservative,2040,8.49,2025
Coal,new,Conservative,2041,8.49,2024
Coal,new,Conservative,2041,8.49,2025
Coal,new,Conservative,2042,8.49,2024
Coal,new,Conservative,2042,8.49,2025
Coal,new,Conservative,2043,8.49,2024
Coal,new,Conservative,2043,8.49,2025
Coal,new,Conservative,2044,8.49,2024
Coal,new,Conservative,2044,8.49,2025
Coal,new,Conservative,2045,8.49,2024
Coal,new,Conservative,2045,8.49,2025
Coal,new,Conservative,2046,8.49,2024
Coal,new,Conservative,2046,8.49,2025
Coal,new,Conservative,2047,8.49,2024
Coal,new,Conservative,2047,8.49,2025
Coal,new,Conservative,2048,8.49,2024
Coal,new,Conservative,2048,8.49,2025
Coal,new,Conservative,2049,8.49,2024
Coal,new,Conservative,2049,8.49,2025
Coal,new,Conservative,2050,8.49,2024
Coal,new,Conservative,2050,8.49,2025
Coal,new,Conservative,2051,8.49,2025
Coal,new,Conservative,2052,8.49,2025
Coal,new,Conservative,2053,8.49,2025
Coal,new,Conservative,2054,8.49,2025
Coal,new,Conservative,2055,8.49,2025
Coal,new,Conservative,2056,8.49,2025
Coal,new,Conservative,2057,8.49,2025
Coal,new,Conservative,2058,8.49,2025
Coal,new,Conservative,2059,8.49,2025
Coal,new,Conservative,2060,8.49,2025
Coal,new,Moderate,2022,8.49,2024
Coal,new,Moderate,2023,8.466,2024
Coal,new,Moderate,2023,8.49,2025
Coal,new,Moderate,2024,8.442,2024
Coal,new,Moderate,2024,8.464,2025
Coal,new,Moderate,2025,8.419,2024
Coal,new,Moderate,2025,8.438,2025
Coal,new,Moderate,2026,8.395,2024
Coal,new,Moderate,2026,8.413,2025
Coal,new,Moderate,2027,8.371,2024
Coal,new,Moderate,2027,8.387,2025
Coal,new,Moderate,2028,8.347,2024
Coal,new,Moderate,2028,8.361,2025
Coal,new,Moderate,2029,8.324,2024
Coal,new,Moderate,2029,8.336,2025
Coal,new,Moderate,2030,8.3,2024
Coal,new,Moderate,2030,8.31,2025
Coal,new,Moderate,2031,8.276,2024
Coal,new,Moderate,2031,8.284,2025
Coal,new,Moderate,2032,8.253,2024
Coal,new,Moderate,2032,8.259,2025
Coal,new,Moderate,2033,8.23,2024
Coal,new,Moderate,2033,8.233,2025
Coal,new,Moderate,2034,8.207,2025
Coal,new,Moderate,2034,8.21,2024
Coal,new,Moderate,2035,8.182,2024
Coal,new,Moderate,2035,8.182,2025
Coal,new,Moderate,2036,8.182,2024
Coal,new,Moderate,2036,8.182,2025
Coal,new,Moderate,2037,8.182,2024
Coal,new,Moderate,2037,8.182,2025
Coal,new,Moderate,2038,8.182,2024
Coal,new,Moderate,2038,8.182,2025
Coal,new,Moderate,2039,8.182,2024
Coal,new,Moderate,2039,8.182,2025
Coal,new,Moderate,2040,8.182,2024
Coal,new,Moderate,2040,8.182,2025
Coal,new,Moderate,2041,8.182,2024
Coal,new,Moderate,2041,8.182,2025
Coal,new,Moderate,2042,8.182,2024
Coal,new,Moderate,2042,8.182,2025
Coal,new,Moderate,2043,8.182,2024
Coal,new,Moderate,2043,8.182,2025
Coal,new,Moderate,2044,8.182,2024
Coal,new,Moderate,2044,8.182,2025
Coal,new,Moderate,2045,8.182,2024
Coal,new,Moderate,2045,8.182,2025
Coal,new,Moderate,2046,8.182,2024
Coal,new,Moderate,2046,8.182,2025
Coal,new,Moderate,2047,8.182,2024
Coal,new,Moderate,2047,8.182,2025
Coal,new,Moderate,2048,8.182,2024
Coal,new,Moderate,2048,8.182,2025
Coal,new,Moderate,2049,8.182,2024
Coal,new,Moderate,2049,8.182,2025
Coal,new,Moderate,2050,8.182,2024
Coal,new,Moderate,2050,8.182,2025
Coal,new,Moderate,2051,8.182,2025
Coal,new,Moderate,2052,8.182,2025
Coal,new,Moderate,2053,8.182,2025
Coal,new,Moderate,2054,8.182,2025
Coal,new,Moderate,2055,8.182,2025
Coal,new,Moderate,2056,8.182,2025
Coal,new,Moderate,2057,8.182,2025
Coal,new,Moderate,2058,8.182,2025
Coal,new,Moderate,2059,8.182,2025
Coal,new,Moderate,2060,8.182,2025
Coal_Retrofits,90%-CCS,Advanced,2021,11.612,2023
Coal_Retrofits,90%-CCS,Advanced,2022,11.612,2023
Coal_Retrofits,90%-CCS,Advanced,2022,11.612,2024
Coal_Retrofits,90%-CCS,Advanced,2023,11.555,2023
Coal_Retrofits,90%-CCS,Advanced,2023,11.555,2024
Coal_Retrofits,90%-CCS,Advanced,2023,11.612,2025
Coal_Retrofits,90%-CCS,Advanced,2024,11.498,2023
Coal_Retrofits,90%-CCS,Advanced,2024,11.498,2024
Coal_Retrofits,90%-CCS,Advanced,2024,11.55,2025
Coal_Retrofits,90%-CCS,Advanced,2025,11.441,2023
Coal_Retrofits,90%-CCS,Advanced,2025,11.441,2024
Coal_Retrofits,90%-CCS,Advanced,2025,11.488,2025
Coal_Retrofits,90%-CCS,Advanced,2026,11.384,2023
Coal_Retrofits,90%-CCS,Advanced,2026,11.384,2024
Coal_Retrofits,90%-CCS,Advanced,2026,11.427,2025
Coal_Retrofits,90%-CCS,Advanced,2027,11.327,2023
Coal_Retrofits,90%-CCS,Advanced,2027,11.327,2024
Coal_Retrofits,90%-CCS,Advanced,2027,11.365,2025
Coal_Retrofits,90%-CCS,Advanced,2028,11.27,2023
Coal_Retrofits,90%-CCS,Advanced,2028,11.27,2024
Coal_Retrofits,90%-CCS,Advanced,2028,11.303,2025
Coal_Retrofits,90%-CCS,Advanced,2029,11.213,2023
Coal_Retrofits,90%-CCS,Advanced,2029,11.213,2024
Coal_Retrofits,90%-CCS,Advanced,2029,11.241,2025
Coal_Retrofits,90%-CCS,Advanced,2030,11.156,2023
Coal_Retrofits,90%-CCS,Advanced,2030,11.156,2024
Coal_Retrofits,90%-CCS,Advanced,2030,11.18,2025
Coal_Retrofits,90%-CCS,Advanced,2031,11.099,2023
Coal_Retrofits,90%-CCS,Advanced,2031,11.099,2024
Coal_Retrofits,90%-CCS,Advanced,2031,11.118,2025
Coal_Retrofits,90%-CCS,Advanced,2032,11.042,2023
Coal_Retrofits,90%-CCS,Advanced,2032,11.042,2024
Coal_Retrofits,90%-CCS,Advanced,2032,11.056,2025
Coal_Retrofits,90%-CCS,Advanced,2033,10.928,2024
Coal_Retrofits,90%-CCS,Advanced,2033,10.985,2023
Coal_Retrofits,90%-CCS,Advanced,2033,10.994,2025
Coal_Retrofits,90%-CCS,Advanced,2034,10.871,2024
Coal_Retrofits,90%-CCS,Advanced,2034,10.928,2023
Coal_Retrofits,90%-CCS,Advanced,2034,10.933,2025
Coal_Retrofits,90%-CCS,Advanced,2035,10.871,2023
Coal_Retrofits,90%-CCS,Advanced,2035,10.871,2024
Coal_Retrofits,90%-CCS,Advanced,2035,10.871,2025
Coal_Retrofits,90%-CCS,Advanced,2036,10.871,2023
Coal_Retrofits,90%-CCS,Advanced,2036,10.871,2024
Coal_Retrofits,90%-CCS,Advanced,2036,10.871,2025
Coal_Retrofits,90%-CCS,Advanced,2037,10.871,2023
Coal_Retrofits,90%-CCS,Advanced,2037,10.871,2024
Coal_Retrofits,90%-CCS,Advanced,2037,10.871,2025
Coal_Retrofits,90%-CCS,Advanced,2038,10.871,2023
Coal_Retrofits,90%-CCS,Advanced,2038,10.871,2024
Coal_Retrofits,90%-CCS,Advanced,2038,10.871,2025
Coal_Retrofits,90%-CCS,Advanced,2039,10.871,2023
Coal_Retrofits,90%-CCS,Advanced,2039,10.871,2024
Coal_Retrofits,90%-CCS,Advanced,2039,10.871,2025
Coal_Retrofits,90%-CCS,Advanced,2040,10.871,2023
Coal_Retrofits,90%-CCS,Advanced,2040,10.871,2024
Coal_Retrofits,90%-CCS,Advanced,2040,10.871,2025
Coal_Retrofits,90%-CCS,Advanced,2041,10.871,2023
Coal_Retrofits,90%-CCS,Advanced,2041,10.871,2024
Coal_Retrofits,90%-CCS,Advanced,2041,10.871,2025
Coal_Retrofits,90%-CCS,Advanced,2042,10.871,2023
Coal_Retrofits,90%-CCS,Advanced,2042,10.871,2024
Coal_Retrofits,90%-CCS,Advanced,2042,10.871,2025
Coal_Retrofits,90%-CCS,Advanced,2043,10.871,2023
Coal_Retrofits,90%-CCS,Advanced,2043,10.871,2024
Coal_Retrofits,90%-CCS,Advanced,2043,10.871,2025
Coal_Retrofits,90%-CCS,Advanced,2044,10.871,2023
Coal_Retrofits,90%-CCS,Advanced,2044,10.871,2024
Coal_Retrofits,90%-CCS,Advanced,2044,10.871,2025
Coal_Retrofits,90%-CCS,Advanced,2045,10.871,2023
Coal_Retrofits,90%-CCS,Advanced,2045,10.871,2024
Coal_Retrofits,90%-CCS,Advanced,2045,10.871,2025
Coal_Retrofits,90%-CCS,Advanced,2046,10.871,2023
Coal_Retrofits,90%-CCS,Advanced,2046,10.871,2024
Coal_Retrofits,90%-CCS,Advanced,2046,10.871,2025
Coal_Retrofits,90%-CCS,Advanced,2047,10.871,2023
Coal_Retrofits,90%-CCS,Advanced,2047,10.871,2024
Coal_Retrofits,90%-CCS,Advanced,2047,10.871,2025
Coal_Retrofits,90%-CCS,Advanced,2048,10.871,2023
Coal_Retrofits,90%-CCS,Advanced,2048,10.871,2024
Coal_Retrofits,90%-CCS,Advanced,2048,10.871,2025
Coal_Retrofits,90%-CCS,Advanced,2049,10.871,2023
Coal_Retrofits,90%-CCS,Advanced,2049,10.871,2024
Coal_Retrofits,90%-CCS,Advanced,2049,10.871,2025
Coal_Retrofits,90%-CCS,Advanced,2050,10.871,2023
Coal_Retrofits,90%-CCS,Advanced,2050,10.871,2024
Coal_Retrofits,90%-CCS,Advanced,2050,10.871,2025
Coal_Retrofits,90%-CCS,Advanced,2051,10.871,2025
Coal_Retrofits,90%-CCS,Advanced,2052,10.871,2025
Coal_Retrofits,90%-CCS,Advanced,2053,10.871,2025
Coal_Retrofits,90%-CCS,Advanced,2054,10.871,2025
Coal_Retrofits,90%-CCS,Advanced,2055,10.871,2025
Coal_Retrofits,90%-CCS,Advanced,2056,10.871,2025
Coal_Retrofits,90%-CCS,Advanced,2057,10.871,2025
Coal_Retrofits,90%-CCS,Advanced,2058,10.871,2025
Coal_Retrofits,90%-CCS,Advanced,2059,10.871,2025
Coal_Retrofits,90%-CCS,Advanced,2060,10.871,2025
Coal_Retrofits,90%-CCS,Conservative,2021,11.612,2023
Coal_Retrofits,90%-CCS,Conservative,2022,11.612,2023
Coal_Retrofits,90%-CCS,Conservative,2022,11.612,2024
Coal_Retrofits,90%-CCS,Conservative,2023,11.612,2023
Coal_Retrofits,90%-CCS,Conservative,2023,11.612,2024
Coal_Retrofits,90%-CCS,Conservative,2023,11.612,2025
Coal_Retrofits,90%-CCS,Conservative,2024,11.612,2023
Coal_Retrofits,90%-CCS,Conservative,2024,11.612,2024
Coal_Retrofits,90%-CCS,Conservative,2024,11.612,2025
Coal_Retrofits,90%-CCS,Conservative,2025,11.612,2023
Coal_Retrofits,90%-CCS,Conservative,2025,11.612,2024
Coal_Retrofits,90%-CCS,Conservative,2025,11.612,2025
Coal_Retrofits,90%-CCS,Conservative,2026,11.612,2023
Coal_Retrofits,90%-CCS,Conservative,2026,11.612,2024
Coal_Retrofits,90%-CCS,Conservative,2026,11.612,2025
Coal_Retrofits,90%-CCS,Conservative,2027,11.612,2023
Coal_Retrofits,90%-CCS,Conservative,2027,11.612,2024
Coal_Retrofits,90%-CCS,Conservative,2027,11.612,2025
Coal_Retrofits,90%-CCS,Conservative,2028,11.612,2023
Coal_Retrofits,90%-CCS,Conservative,2028,11.612,2024
Coal_Retrofits,90%-CCS,Conservative,2028,11.612,2025
Coal_Retrofits,90%-CCS,Conservative,2029,11.612,2023
Coal_Retrofits,90%-CCS,Conservative,2029,11.612,2024
Coal_Retrofits,90%-CCS,Conservative,2029,11.612,2025
Coal_Retrofits,90%-CCS,Conservative,2030,11.612,2023
Coal_Retrofits,90%-CCS,Conservative,2030,11.612,2024
Coal_Retrofits,90%-CCS,Conservative,2030,11.612,2025
Coal_Retrofits,90%-CCS,Conservative,2031,11.612,2023
Coal_Retrofits,90%-CCS,Conservative,2031,11.612,2024
Coal_Retrofits,90%-CCS,Conservative,2031,11.612,2025
Coal_Retrofits,90%-CCS,Conservative,2032,11.612,2023
Coal_Retrofits,90%-CCS,Conservative,2032,11.612,2024
Coal_Retrofits,90%-CCS,Conservative,2032,11.612,2025
Coal_Retrofits,90%-CCS,Conservative,2033,11.612,2023
Coal_Retrofits,90%-CCS,Conservative,2033,11.612,2024
Coal_Retrofits,90%-CCS,Conservative,2033,11.612,2025
Coal_Retrofits,90%-CCS,Conservative,2034,11.612,2023
Coal_Retrofits,90%-CCS,Conservative,2034,11.612,2024
Coal_Retrofits,90%-CCS,Conservative,2034,11.612,2025
Coal_Retrofits,90%-CCS,Conservative,2035,11.612,2023
Coal_Retrofits,90%-CCS,Conservative,2035,11.612,2024
Coal_Retrofits,90%-CCS,Conservative,2035,11.612,2025
Coal_Retrofits,90%-CCS,Conservative,2036,11.612,2023
Coal_Retrofits,90%-CCS,Conservative,2036,11.612,2024
Coal_Retrofits,90%-CCS,Conservative,2036,11.612,2025
Coal_Retrofits,90%-CCS,Conservative,2037,11.612,2023
Coal_Retrofits,90%-CCS,Conservative,2037,11.612,2024
Coal_Retrofits,90%-CCS,Conservative,2037,11.612,2025
Coal_Retrofits,90%-CCS,Conservative,2038,11.612,2023
Coal_Retrofits,90%-CCS,Conservative,2038,11.612,2024
Coal_Retrofits,90%-CCS,Conservative,2038,11.612,2025
Coal_Retrofits,90%-CCS,Conservative,2039,11.612,2023
Coal_Retrofits,90%-CCS,Conservative,2039,11.612,2024
Coal_Retrofits,90%-CCS,Conservative,2039,11.612,2025
Coal_Retrofits,90%-CCS,Conservative,2040,11.612,2023
Coal_Retrofits,90%-CCS,Conservative,2040,11.612,2024
Coal_Retrofits,90%-CCS,Conservative,2040,11.612,2025
Coal_Retrofits,90%-CCS,Conservative,2041,11.612,2023
Coal_Retrofits,90%-CCS,Conservative,2041,11.612,2024
Coal_Retrofits,90%-CCS,Conservative,2041,11.612,2025
Coal_Retrofits,90%-CCS,Conservative,2042,11.612,2023
Coal_Retrofits,90%-CCS,Conservative,2042,11.612,2024
Coal_Retrofits,90%-CCS,Conservative,2042,11.612,2025
Coal_Retrofits,90%-CCS,Conservative,2043,11.612,2023
Coal_Retrofits,90%-CCS,Conservative,2043,11.612,2024
Coal_Retrofits,90%-CCS,Conservative,2043,11.612,2025
Coal_Retrofits,90%-CCS,Conservative,2044,11.612,2023
Coal_Retrofits,90%-CCS,Conservative,2044,11.612,2024
Coal_Retrofits,90%-CCS,Conservative,2044,11.612,2025
Coal_Retrofits,90%-CCS,Conservative,2045,11.612,2023
Coal_Retrofits,90%-CCS,Conservative,2045,11.612,2024
Coal_Retrofits,90%-CCS,Conservative,2045,11.612,2025
Coal_Retrofits,90%-CCS,Conservative,2046,11.612,2023
Coal_Retrofits,90%-CCS,Conservative,2046,11.612,2024
Coal_Retrofits,90%-CCS,Conservative,2046,11.612,2025
Coal_Retrofits,90%-CCS,Conservative,2047,11.612,2023
Coal_Retrofits,90%-CCS,Conservative,2047,11.612,2024
Coal_Retrofits,90%-CCS,Conservative,2047,11.612,2025
Coal_Retrofits,90%-CCS,Conservative,2048,11.612,2023
Coal_Retrofits,90%-CCS,Conservative,2048,11.612,2024
Coal_Retrofits,90%-CCS,Conservative,2048,11.612,2025
Coal_Retrofits,90%-CCS,Conservative,2049,11.612,2023
Coal_Retrofits,90%-CCS,Conservative,2049,11.612,2024
Coal_Retrofits,90%-CCS,Conservative,2049,11.612,2025
Coal_Retrofits,90%-CCS,Conservative,2050,11.612,2023
Coal_Retrofits,90%-CCS,Conservative,2050,11.612,2024
Coal_Retrofits,90%-CCS,Conservative,2050,11.612,2025
Coal_Retrofits,90%-CCS,Conservative,2051,11.612,2025
Coal_Retrofits,90%-CCS,Conservative,2052,11.612,2025
Coal_Retrofits,90%-CCS,Conservative,2053,11.612,2025
Coal_Retrofits,90%-CCS,Conservative,2054,11.612,2025
Coal_Retrofits,90%-CCS,Conservative,2055,11.612,2025
Coal_Retrofits,90%-CCS,Conservative,2056,11.612,2025
Coal_Retrofits,90%-CCS,Conservative,2057,11.612,2025
Coal_Retrofits,90%-CCS,Conservative,2058,11.612,2025
Coal_Retrofits,90%-CCS,Conservative,2059,11.612,2025
Coal_Retrofits,90%-CCS,Conservative,2060,11.612,2025
Coal_Retrofits,90%-CCS,Moderate,2021,11.612,2023
Coal_Retrofits,90%-CCS,Moderate,2022,11.612,2023
Coal_Retrofits,90%-CCS,Moderate,2022,11.612,2024
Coal_Retrofits,90%-CCS,Moderate,2023,11.583,2023
Coal_Retrofits,90%-CCS,Moderate,2023,11.583,2024
Coal_Retrofits,90%-CCS,Moderate,2023,11.612,2025
Coal_Retrofits,90%-CCS,Moderate,2024,11.555,2023
Coal_Retrofits,90%-CCS,Moderate,2024,11.555,2024
Coal_Retrofits,90%-CCS,Moderate,2024,11.581,2025
Coal_Retrofits,90%-CCS,Moderate,2025,11.526,2023
Coal_Retrofits,90%-CCS,Moderate,2025,11.526,2024
Coal_Retrofits,90%-CCS,Moderate,2025,11.55,2025
Coal_Retrofits,90%-CCS,Moderate,2026,11.498,2023
Coal_Retrofits,90%-CCS,Moderate,2026,11.498,2024
Coal_Retrofits,90%-CCS,Moderate,2026,11.519,2025
Coal_Retrofits,90%-CCS,Moderate,2027,11.469,2023
Coal_Retrofits,90%-CCS,Moderate,2027,11.469,2024
Coal_Retrofits,90%-CCS,Moderate,2027,11.488,2025
Coal_Retrofits,90%-CCS,Moderate,2028,11.441,2023
Coal_Retrofits,90%-CCS,Moderate,2028,11.441,2024
Coal_Retrofits,90%-CCS,Moderate,2028,11.457,2025
Coal_Retrofits,90%-CCS,Moderate,2029,11.412,2023
Coal_Retrofits,90%-CCS,Moderate,2029,11.412,2024
Coal_Retrofits,90%-CCS,Moderate,2029,11.427,2025
Coal_Retrofits,90%-CCS,Moderate,2030,11.384,2023
Coal_Retrofits,90%-CCS,Moderate,2030,11.384,2024
Coal_Retrofits,90%-CCS,Moderate,2030,11.396,2025
Coal_Retrofits,90%-CCS,Moderate,2031,11.355,2023
Coal_Retrofits,90%-CCS,Moderate,2031,11.355,2024
Coal_Retrofits,90%-CCS,Moderate,2031,11.365,2025
Coal_Retrofits,90%-CCS,Moderate,2032,11.327,2023
Coal_Retrofits,90%-CCS,Moderate,2032,11.327,2024
Coal_Retrofits,90%-CCS,Moderate,2032,11.334,2025
Coal_Retrofits,90%-CCS,Moderate,2033,11.27,2024
Coal_Retrofits,90%-CCS,Moderate,2033,11.298,2023
Coal_Retrofits,90%-CCS,Moderate,2033,11.303,2025
Coal_Retrofits,90%-CCS,Moderate,2034,11.241,2024
Coal_Retrofits,90%-CCS,Moderate,2034,11.27,2023
Coal_Retrofits,90%-CCS,Moderate,2034,11.272,2025
Coal_Retrofits,90%-CCS,Moderate,2035,11.241,2023
Coal_Retrofits,90%-CCS,Moderate,2035,11.241,2024
Coal_Retrofits,90%-CCS,Moderate,2035,11.241,2025
Coal_Retrofits,90%-CCS,Moderate,2036,11.241,2023
Coal_Retrofits,90%-CCS,Moderate,2036,11.241,2024
Coal_Retrofits,90%-CCS,Moderate,2036,11.241,2025
Coal_Retrofits,90%-CCS,Moderate,2037,11.241,2023
Coal_Retrofits,90%-CCS,Moderate,2037,11.241,2024
Coal_Retrofits,90%-CCS,Moderate,2037,11.241,2025
Coal_Retrofits,90%-CCS,Moderate,2038,11.241,2023
Coal_Retrofits,90%-CCS,Moderate,2038,11.241,2024
Coal_Retrofits,90%-CCS,Moderate,2038,11.241,2025
Coal_Retrofits,90%-CCS,Moderate,2039,11.241,2023
Coal_Retrofits,90%-CCS,Moderate,2039,11.241,2024
Coal_Retrofits,90%-CCS,Moderate,2039,11.241,2025
Coal_Retrofits,90%-CCS,Moderate,2040,11.241,2023
Coal_Retrofits,90%-CCS,Moderate,2040,11.241,2024
Coal_Retrofits,90%-CCS,Moderate,2040,11.241,2025
Coal_Retrofits,90%-CCS,Moderate,2041,11.241,2023
Coal_Retrofits,90%-CCS,Moderate,2041,11.241,2024
Coal_Retrofits,90%-CCS,Moderate,2041,11.241,2025
Coal_Retrofits,90%-CCS,Moderate,2042,11.241,2023
Coal_Retrofits,90%-CCS,Moderate,2042,11.241,2024
Coal_Retrofits,90%-CCS,Moderate,2042,11.241,2025
Coal_Retrofits,90%-CCS,Moderate,2043,11.241,2023
Coal_Retrofits,90%-CCS,Moderate,2043,11.241,2024
Coal_Retrofits,90%-CCS,Moderate,2043,11.241,2025
Coal_Retrofits,90%-CCS,Moderate,2044,11.241,2023
Coal_Retrofits,90%-CCS,Moderate,2044,11.241,2024
Coal_Retrofits,90%-CCS,Moderate,2044,11.241,2025
Coal_Retrofits,90%-CCS,Moderate,2045,11.241,2023
Coal_Retrofits,90%-CCS,Moderate,2045,11.241,2024
Coal_Retrofits,90%-CCS,Moderate,2045,11.241,2025
Coal_Retrofits,90%-CCS,Moderate,2046,11.241,2023
Coal_Retrofits,90%-CCS,Moderate,2046,11.241,2024
Coal_Retrofits,90%-CCS,Moderate,2046,11.241,2025
Coal_Retrofits,90%-CCS,Moderate,2047,11.241,2023
Coal_Retrofits,90%-CCS,Moderate,2047,11.241,2024
Coal_Retrofits,90%-CCS,Moderate,2047,11.241,2025
Coal_Retrofits,90%-CCS,Moderate,2048,11.241,2023
Coal_Retrofits,90%-CCS,Moderate,2048,11.241,2024
Coal_Retrofits,90%-CCS,Moderate,2048,11.241,2025
Coal_Retrofits,90%-CCS,Moderate,2049,11.241,2023
Coal_Retrofits,90%-CCS,Moderate,2049,11.241,2024
Coal_Retrofits,90%-CCS,Moderate,2049,11.241,2025
Coal_Retrofits,90%-CCS,Moderate,2050,11.241,2023
Coal_Retrofits,90%-CCS,Moderate,2050,11.241,2024
Coal_Retrofits,90%-CCS,Moderate,2050,11.241,2025
Coal_Retrofits,90%-CCS,Moderate,2051,11.241,2025
Coal_Retrofits,90%-CCS,Moderate,2052,11.241,2025
Coal_Retrofits,90%-CCS,Moderate,2053,11.241,2025
Coal_Retrofits,90%-CCS,Moderate,2054,11.241,2025
Coal_Retrofits,90%-CCS,Moderate,2055,11.241,2025
Coal_Retrofits,90%-CCS,Moderate,2056,11.241,2025
Coal_Retrofits,90%-CCS,Moderate,2057,11.241,2025
Coal_Retrofits,90%-CCS,Moderate,2058,11.241,2025
Coal_Retrofits,90%-CCS,Moderate,2059,11.241,2025
Coal_Retrofits,90%-CCS,Moderate,2060,11.241,2025
Coal_Retrofits,95%-CCS,Advanced,2021,11.793,2023
Coal_Retrofits,95%-CCS,Advanced,2022,11.793,2023
Coal_Retrofits,95%-CCS,Advanced,2022,11.793,2024
Coal_Retrofits,95%-CCS,Advanced,2023,11.731,2023
Coal_Retrofits,95%-CCS,Advanced,2023,11.731,2024
Coal_Retrofits,95%-CCS,Advanced,2023,11.793,2025
Coal_Retrofits,95%-CCS,Advanced,2024,11.67,2023
Coal_Retrofits,95%-CCS,Advanced,2024,11.67,2024
Coal_Retrofits,95%-CCS,Advanced,2024,11.726,2025
Coal_Retrofits,95%-CCS,Advanced,2025,11.608,2023
Coal_Retrofits,95%-CCS,Advanced,2025,11.608,2024
Coal_Retrofits,95%-CCS,Advanced,2025,11.659,2025
Coal_Retrofits,95%-CCS,Advanced,2026,11.546,2023
Coal_Retrofits,95%-CCS,Advanced,2026,11.546,2024
Coal_Retrofits,95%-CCS,Advanced,2026,11.592,2025
Coal_Retrofits,95%-CCS,Advanced,2027,11.484,2023
Coal_Retrofits,95%-CCS,Advanced,2027,11.484,2024
Coal_Retrofits,95%-CCS,Advanced,2027,11.526,2025
Coal_Retrofits,95%-CCS,Advanced,2028,11.423,2023
Coal_Retrofits,95%-CCS,Advanced,2028,11.423,2024
Coal_Retrofits,95%-CCS,Advanced,2028,11.459,2025
Coal_Retrofits,95%-CCS,Advanced,2029,11.361,2023
Coal_Retrofits,95%-CCS,Advanced,2029,11.361,2024
Coal_Retrofits,95%-CCS,Advanced,2029,11.392,2025
Coal_Retrofits,95%-CCS,Advanced,2030,11.299,2023
Coal_Retrofits,95%-CCS,Advanced,2030,11.299,2024
Coal_Retrofits,95%-CCS,Advanced,2030,11.325,2025
Coal_Retrofits,95%-CCS,Advanced,2031,11.237,2023
Coal_Retrofits,95%-CCS,Advanced,2031,11.237,2024
Coal_Retrofits,95%-CCS,Advanced,2031,11.258,2025
Coal_Retrofits,95%-CCS,Advanced,2032,11.176,2023
Coal_Retrofits,95%-CCS,Advanced,2032,11.176,2024
Coal_Retrofits,95%-CCS,Advanced,2032,11.191,2025
Coal_Retrofits,95%-CCS,Advanced,2033,11.052,2024
Coal_Retrofits,95%-CCS,Advanced,2033,11.114,2023
Coal_Retrofits,95%-CCS,Advanced,2033,11.124,2025
Coal_Retrofits,95%-CCS,Advanced,2034,10.99,2024
Coal_Retrofits,95%-CCS,Advanced,2034,11.052,2023
Coal_Retrofits,95%-CCS,Advanced,2034,11.057,2025
Coal_Retrofits,95%-CCS,Advanced,2035,10.99,2023
Coal_Retrofits,95%-CCS,Advanced,2035,10.99,2024
Coal_Retrofits,95%-CCS,Advanced,2035,10.99,2025
Coal_Retrofits,95%-CCS,Advanced,2036,10.99,2023
Coal_Retrofits,95%-CCS,Advanced,2036,10.99,2024
Coal_Retrofits,95%-CCS,Advanced,2036,10.99,2025
Coal_Retrofits,95%-CCS,Advanced,2037,10.99,2023
Coal_Retrofits,95%-CCS,Advanced,2037,10.99,2024
Coal_Retrofits,95%-CCS,Advanced,2037,10.99,2025
Coal_Retrofits,95%-CCS,Advanced,2038,10.99,2023
Coal_Retrofits,95%-CCS,Advanced,2038,10.99,2024
Coal_Retrofits,95%-CCS,Advanced,2038,10.99,2025
Coal_Retrofits,95%-CCS,Advanced,2039,10.99,2023
Coal_Retrofits,95%-CCS,Advanced,2039,10.99,2024
Coal_Retrofits,95%-CCS,Advanced,2039,10.99,2025
Coal_Retrofits,95%-CCS,Advanced,2040,10.99,2023
Coal_Retrofits,95%-CCS,Advanced,2040,10.99,2024
Coal_Retrofits,95%-CCS,Advanced,2040,10.99,2025
Coal_Retrofits,95%-CCS,Advanced,2041,10.99,2023
Coal_Retrofits,95%-CCS,Advanced,2041,10.99,2024
Coal_Retrofits,95%-CCS,Advanced,2041,10.99,2025
Coal_Retrofits,95%-CCS,Advanced,2042,10.99,2023
Coal_Retrofits,95%-CCS,Advanced,2042,10.99,2024
Coal_Retrofits,95%-CCS,Advanced,2042,10.99,2025
Coal_Retrofits,95%-CCS,Advanced,2043,10.99,2023
Coal_Retrofits,95%-CCS,Advanced,2043,10.99,2024
Coal_Retrofits,95%-CCS,Advanced,2043,10.99,2025
Coal_Retrofits,95%-CCS,Advanced,2044,10.99,2023
Coal_Retrofits,95%-CCS,Advanced,2044,10.99,2024
Coal_Retrofits,95%-CCS,Advanced,2044,10.99,2025
Coal_Retrofits,95%-CCS,Advanced,2045,10.99,2023
Coal_Retrofits,95%-CCS,Advanced,2045,10.99,2024
Coal_Retrofits,95%-CCS,Advanced,2045,10.99,2025
Coal_Retrofits,95%-CCS,Advanced,2046,10.99,2023
Coal_Retrofits,95%-CCS,Advanced,2046,10.99,2024
Coal_Retrofits,95%-CCS,Advanced,2046,10.99,2025
Coal_Retrofits,95%-CCS,Advanced,2047,10.99,2023
Coal_Retrofits,95%-CCS,Advanced,2047,10.99,2024
Coal_Retrofits,95%-CCS,Advanced,2047,10.99,2025
Coal_Retrofits,95%-CCS,Advanced,2048,10.99,2023
Coal_Retrofits,95%-CCS,Advanced,2048,10.99,2024
Coal_Retrofits,95%-CCS,Advanced,2048,10.99,2025
Coal_Retrofits,95%-CCS,Advanced,2049,10.99,2023
Coal_Retrofits,95%-CCS,Advanced,2049,10.99,2024
Coal_Retrofits,95%-CCS,Advanced,2049,10.99,2025
Coal_Retrofits,95%-CCS,Advanced,2050,10.99,2023
Coal_Retrofits,95%-CCS,Advanced,2050,10.99,2024
Coal_Retrofits,95%-CCS,Advanced,2050,10.99,2025
Coal_Retrofits,95%-CCS,Advanced,2051,10.99,2025
Coal_Retrofits,95%-CCS,Advanced,2052,10.99,2025
Coal_Retrofits,95%-CCS,Advanced,2053,10.99,2025
Coal_Retrofits,95%-CCS,Advanced,2054,10.99,2025
Coal_Retrofits,95%-CCS,Advanced,2055,10.99,2025
Coal_Retrofits,95%-CCS,Advanced,2056,10.99,2025
Coal_Retrofits,95%-CCS,Advanced,2057,10.99,2025
Coal_Retrofits,95%-CCS,Advanced,2058,10.99,2025
Coal_Retrofits,95%-CCS,Advanced,2059,10.99,2025
Coal_Retrofits,95%-CCS,Advanced,2060,10.99,2025
Coal_Retrofits,95%-CCS,Conservative,2021,11.793,2023
Coal_Retrofits,95%-CCS,Conservative,2022,11.793,2023
Coal_Retrofits,95%-CCS,Conservative,2022,11.793,2024
Coal_Retrofits,95%-CCS,Conservative,2023,11.793,2023
Coal_Retrofits,95%-CCS,Conservative,2023,11.793,2024
Coal_Retrofits,95%-CCS,Conservative,2023,11.793,2025
Coal_Retrofits,95%-CCS,Conservative,2024,11.793,2023
Coal_Retrofits,95%-CCS,Conservative,2024,11.793,2024
Coal_Retrofits,95%-CCS,Conservative,2024,11.793,2025
Coal_Retrofits,95%-CCS,Conservative,2025,11.793,2023
Coal_Retrofits,95%-CCS,Conservative,2025,11.793,2024
Coal_Retrofits,95%-CCS,Conservative,2025,11.793,2025
Coal_Retrofits,95%-CCS,Conservative,2026,11.793,2023
Coal_Retrofits,95%-CCS,Conservative,2026,11.793,2024
Coal_Retrofits,95%-CCS,Conservative,2026,11.793,2025
Coal_Retrofits,95%-CCS,Conservative,2027,11.793,2023
Coal_Retrofits,95%-CCS,Conservative,2027,11.793,2024
Coal_Retrofits,95%-CCS,Conservative,2027,11.793,2025
Coal_Retrofits,95%-CCS,Conservative,2028,11.793,2023
Coal_Retrofits,95%-CCS,Conservative,2028,11.793,2024
Coal_Retrofits,95%-CCS,Conservative,2028,11.793,2025
Coal_Retrofits,95%-CCS,Conservative,2029,11.793,2023
Coal_Retrofits,95%-CCS,Conservative,2029,11.793,2024
Coal_Retrofits,95%-CCS,Conservative,2029,11.793,2025
Coal_Retrofits,95%-CCS,Conservative,2030,11.793,2023
Coal_Retrofits,95%-CCS,Conservative,2030,11.793,2024
Coal_Retrofits,95%-CCS,Conservative,2030,11.793,2025
Coal_Retrofits,95%-CCS,Conservative,2031,11.793,2023
Coal_Retrofits,95%-CCS,Conservative,2031,11.793,2024
Coal_Retrofits,95%-CCS,Conservative,2031,11.793,2025
Coal_Retrofits,95%-CCS,Conservative,2032,11.793,2023
Coal_Retrofits,95%-CCS,Conservative,2032,11.793,2024
Coal_Retrofits,95%-CCS,Conservative,2032,11.793,2025
Coal_Retrofits,95%-CCS,Conservative,2033,11.793,2023
Coal_Retrofits,95%-CCS,Conservative,2033,11.793,2024
Coal_Retrofits,95%-CCS,Conservative,2033,11.793,2025
Coal_Retrofits,95%-CCS,Conservative,2034,11.793,2023
Coal_Retrofits,95%-CCS,Conservative,2034,11.793,2024
Coal_Retrofits,95%-CCS,Conservative,2034,11.793,2025
Coal_Retrofits,95%-CCS,Conservative,2035,11.793,2023
Coal_Retrofits,95%-CCS,Conservative,2035,11.793,2024
Coal_Retrofits,95%-CCS,Conservative,2035,11.793,2025
Coal_Retrofits,95%-CCS,Conservative,2036,11.793,2023
Coal_Retrofits,95%-CCS,Conservative,2036,11.793,2024
Coal_Retrofits,95%-CCS,Conservative,2036,11.793,2025
Coal_Retrofits,95%-CCS,Conservative,2037,11.793,2023
Coal_Retrofits,95%-CCS,Conservative,2037,11.793,2024
Coal_Retrofits,95%-CCS,Conservative,2037,11.793,2025
Coal_Retrofits,95%-CCS,Conservative,2038,11.793,2023
Coal_Retrofits,95%-CCS,Conservative,2038,11.793,2024
Coal_Retrofits,95%-CCS,Conservative,2038,11.793,2025
Coal_Retrofits,95%-CCS,Conservative,2039,11.793,2023
Coal_Retrofits,95%-CCS,Conservative,2039,11.793,2024
Coal_Retrofits,95%-CCS,Conservative,2039,11.793,2025
Coal_Retrofits,95%-CCS,Conservative,2040,11.793,2023
Coal_Retrofits,95%-CCS,Conservative,2040,11.793,2024
Coal_Retrofits,95%-CCS,Conservative,2040,11.793,2025
Coal_Retrofits,95%-CCS,Conservative,2041,11.793,2023
Coal_Retrofits,95%-CCS,Conservative,2041,11.793,2024
Coal_Retrofits,95%-CCS,Conservative,2041,11.793,2025
Coal_Retrofits,95%-CCS,Conservative,2042,11.793,2023
Coal_Retrofits,95%-CCS,Conservative,2042,11.793,2024
Coal_Retrofits,95%-CCS,Conservative,2042,11.793,2025
Coal_Retrofits,95%-CCS,Conservative,2043,11.793,2023
Coal_Retrofits,95%-CCS,Conservative,2043,11.793,2024
Coal_Retrofits,95%-CCS,Conservative,2043,11.793,2025
Coal_Retrofits,95%-CCS,Conservative,2044,11.793,2023
Coal_Retrofits,95%-CCS,Conservative,2044,11.793,2024
Coal_Retrofits,95%-CCS,Conservative,2044,11.793,2025
Coal_Retrofits,95%-CCS,Conservative,2045,11.793,2023
Coal_Retrofits,95%-CCS,Conservative,2045,11.793,2024
Coal_Retrofits,95%-CCS,Conservative,2045,11.793,2025
Coal_Retrofits,95%-CCS,Conservative,2046,11.793,2023
Coal_Retrofits,95%-CCS,Conservative,2046,11.793,2024
Coal_Retrofits,95%-CCS,Conservative,2046,11.793,2025
Coal_Retrofits,95%-CCS,Conservative,2047,11.793,2023
Coal_Retrofits,95%-CCS,Conservative,2047,11.793,2024
Coal_Retrofits,95%-CCS,Conservative,2047,11.793,2025
Coal_Retrofits,95%-CCS,Conservative,2048,11.793,2023
Coal_Retrofits,95%-CCS,Conservative,2048,11.793,2024
Coal_Retrofits,95%-CCS,Conservative,2048,11.793,2025
Coal_Retrofits,95%-CCS,Conservative,2049,11.793,2023
Coal_Retrofits,95%-CCS,Conservative,2049,11.793,2024
Coal_Retrofits,95%-CCS,Conservative,2049,11.793,2025
Coal_Retrofits,95%-CCS,Conservative,2050,11.793,2023
Coal_Retrofits,95%-CCS,Conservative,2050,11.793,2024
Coal_Retrofits,95%-CCS,Conservative,2050,11.793,2025
Coal_Retrofits,95%-CCS,Conservative,2051,11.793,2025
Coal_Retrofits,95%-CCS,Conservative,2052,11.793,2025
Coal_Retrofits,95%-CCS,Conservative,2053,11.793,2025
Coal_Retrofits,95%-CCS,Conservative,2054,11.793,2025
Coal_Retrofits,95%-CCS,Conservative,2055,11.793,2025
Coal_Retrofits,95%-CCS,Conservative,2056,11.793,2025
Coal_Retrofits,95%-CCS,Conservative,2057,11.793,2025
Coal_Retrofits,95%-CCS,Conservative,2058,11.793,2025
Coal_Retrofits,95%-CCS,Conservative,2059,11.793,2025
Coal_Retrofits,95%-CCS,Conservative,2060,11.793,2025
Coal_Retrofits,95%-CCS,Moderate,2021,11.793,2023
Coal_Retrofits,95%-CCS,Moderate,2022,11.793,2023
Coal_Retrofits,95%-CCS,Moderate,2022,11.793,2024
Coal_Retrofits,95%-CCS,Moderate,2023,11.762,2023
Coal_Retrofits,95%-CCS,Moderate,2023,11.762,2024
Coal_Retrofits,95%-CCS,Moderate,2023,11.793,2025
Coal_Retrofits,95%-CCS,Moderate,2024,11.731,2023
Coal_Retrofits,95%-CCS,Moderate,2024,11.731,2024
Coal_Retrofits,95%-CCS,Moderate,2024,11.76,2025
Coal_Retrofits,95%-CCS,Moderate,2025,11.7,2023
Coal_Retrofits,95%-CCS,Moderate,2025,11.7,2024
Coal_Retrofits,95%-CCS,Moderate,2025,11.726,2025
Coal_Retrofits,95%-CCS,Moderate,2026,11.67,2023
Coal_Retrofits,95%-CCS,Moderate,2026,11.67,2024
Coal_Retrofits,95%-CCS,Moderate,2026,11.693,2025
Coal_Retrofits,95%-CCS,Moderate,2027,11.639,2023
Coal_Retrofits,95%-CCS,Moderate,2027,11.639,2024
Coal_Retrofits,95%-CCS,Moderate,2027,11.659,2025
Coal_Retrofits,95%-CCS,Moderate,2028,11.608,2023
Coal_Retrofits,95%-CCS,Moderate,2028,11.608,2024
Coal_Retrofits,95%-CCS,Moderate,2028,11.626,2025
Coal_Retrofits,95%-CCS,Moderate,2029,11.577,2023
Coal_Retrofits,95%-CCS,Moderate,2029,11.577,2024
Coal_Retrofits,95%-CCS,Moderate,2029,11.592,2025
Coal_Retrofits,95%-CCS,Moderate,2030,11.546,2023
Coal_Retrofits,95%-CCS,Moderate,2030,11.546,2024
Coal_Retrofits,95%-CCS,Moderate,2030,11.559,2025
Coal_Retrofits,95%-CCS,Moderate,2031,11.515,2023
Coal_Retrofits,95%-CCS,Moderate,2031,11.515,2024
Coal_Retrofits,95%-CCS,Moderate,2031,11.526,2025
Coal_Retrofits,95%-CCS,Moderate,2032,11.484,2023
Coal_Retrofits,95%-CCS,Moderate,2032,11.484,2024
Coal_Retrofits,95%-CCS,Moderate,2032,11.492,2025
Coal_Retrofits,95%-CCS,Moderate,2033,11.423,2024
Coal_Retrofits,95%-CCS,Moderate,2033,11.453,2023
Coal_Retrofits,95%-CCS,Moderate,2033,11.459,2025
Coal_Retrofits,95%-CCS,Moderate,2034,11.392,2024
Coal_Retrofits,95%-CCS,Moderate,2034,11.423,2023
Coal_Retrofits,95%-CCS,Moderate,2034,11.425,2025
Coal_Retrofits,95%-CCS,Moderate,2035,11.392,2023
Coal_Retrofits,95%-CCS,Moderate,2035,11.392,2024
Coal_Retrofits,95%-CCS,Moderate,2035,11.392,2025
Coal_Retrofits,95%-CCS,Moderate,2036,11.392,2023
Coal_Retrofits,95%-CCS,Moderate,2036,11.392,2024
Coal_Retrofits,95%-CCS,Moderate,2036,11.392,2025
Coal_Retrofits,95%-CCS,Moderate,2037,11.392,2023
Coal_Retrofits,95%-CCS,Moderate,2037,11.392,2024
Coal_Retrofits,95%-CCS,Moderate,2037,11.392,2025
Coal_Retrofits,95%-CCS,Moderate,2038,11.392,2023
Coal_Retrofits,95%-CCS,Moderate,2038,11.392,2024
Coal_Retrofits,95%-CCS,Moderate,2038,11.392,2025
Coal_Retrofits,95%-CCS,Moderate,2039,11.392,2023
Coal_Retrofits,95%-CCS,Moderate,2039,11.392,2024
Coal_Retrofits,95%-CCS,Moderate,2039,11.392,2025
Coal_Retrofits,95%-CCS,Moderate,2040,11.392,2023
Coal_Retrofits,95%-CCS,Moderate,2040,11.392,2024
Coal_Retrofits,95%-CCS,Moderate,2040,11.392,2025
Coal_Retrofits,95%-CCS,Moderate,2041,11.392,2023
Coal_Retrofits,95%-CCS,Moderate,2041,11.392,2024
Coal_Retrofits,95%-CCS,Moderate,2041,11.392,2025
Coal_Retrofits,95%-CCS,Moderate,2042,11.392,2023
Coal_Retrofits,95%-CCS,Moderate,2042,11.392,2024
Coal_Retrofits,95%-CCS,Moderate,2042,11.392,2025
Coal_Retrofits,95%-CCS,Moderate,2043,11.392,2023
Coal_Retrofits,95%-CCS,Moderate,2043,11.392,2024
Coal_Retrofits,95%-CCS,Moderate,2043,11.392,2025
Coal_Retrofits,95%-CCS,Moderate,2044,11.392,2023
Coal_Retrofits,95%-CCS,Moderate,2044,11.392,2024
Coal_Retrofits,95%-CCS,Moderate,2044,11.392,2025
Coal_Retrofits,95%-CCS,Moderate,2045,11.392,2023
Coal_Retrofits,95%-CCS,Moderate,2045,11.392,2024
Coal_Retrofits,95%-CCS,Moderate,2045,11.392,2025
Coal_Retrofits,95%-CCS,Moderate,2046,11.392,2023
Coal_Retrofits,95%-CCS,Moderate,2046,11.392,2024
Coal_Retrofits,95%-CCS,Moderate,2046,11.392,2025
Coal_Retrofits,95%-CCS,Moderate,2047,11.392,2023
Coal_Retrofits,95%-CCS,Moderate,2047,11.392,2024
Coal_Retrofits,95%-CCS,Moderate,2047,11.392,2025
Coal_Retrofits,95%-CCS,Moderate,2048,11.392,2023
Coal_Retrofits,95%-CCS,Moderate,2048,11.392,2024
Coal_Retrofits,95%-CCS,Moderate,2048,11.392,2025
Coal_Retrofits,95%-CCS,Moderate,2049,11.392,2023
Coal_Retrofits,95%-CCS,Moderate,2049,11.392,2024
Coal_Retrofits,95%-CCS,Moderate,2049,11.392,2025
Coal_Retrofits,95%-CCS,Moderate,2050,11.392,2023
Coal_Retrofits,95%-CCS,Moderate,2050,11.392,2024
Coal_Retrofits,95%-CCS,Moderate,2050,11.392,2025
Coal_Retrofits,95%-CCS,Moderate,2051,11.392,2025
Coal_Retrofits,95%-CCS,Moderate,2052,11.392,2025
Coal_Retrofits,95%-CCS,Moderate,2053,11.392,2025
Coal_Retrofits,95%-CCS,Moderate,2054,11.392,2025
Coal_Retrofits,95%-CCS,Moderate,2055,11.392,2025
Coal_Retrofits,95%-CCS,Moderate,2056,11.392,2025
Coal_Retrofits,95%-CCS,Moderate,2057,11.392,2025
Coal_Retrofits,95%-CCS,Moderate,2058,11.392,2025
Coal_Retrofits,95%-CCS,Moderate,2059,11.392,2025
Coal_Retrofits,95%-CCS,Moderate,2060,11.392,2025
NaturalGas,1-on-1 Combined Cycle (H-Frame),Advanced,2022,6.068,2024
NaturalGas,1-on-1 Combined Cycle (H-Frame),Advanced,2023,6.061,2024
NaturalGas,1-on-1 Combined Cycle (H-Frame),Advanced,2023,6.068,2025
NaturalGas,1-on-1 Combined Cycle (H-Frame),Advanced,2024,6.054,2024
NaturalGas,1-on-1 Combined Cycle (H-Frame),Advanced,2024,6.06,2025
NaturalGas,1-on-1 Combined Cycle (H-Frame),Advanced,2025,6.047,2024
NaturalGas,1-on-1 Combined Cycle (H-Frame),Advanced,2025,6.053,2025
NaturalGas,1-on-1 Combined Cycle (H-Frame),Advanced,2026,6.04,2024
NaturalGas,1-on-1 Combined Cycle (H-Frame),Advanced,2026,6.045,2025
NaturalGas,1-on-1 Combined Cycle (H-Frame),Advanced,2027,6.034,2024
NaturalGas,1-on-1 Combined Cycle (H-Frame),Advanced,2027,6.038,2025
NaturalGas,1-on-1 Combined Cycle (H-Frame),Advanced,2028,6.027,2024
NaturalGas,1-on-1 Combined Cycle (H-Frame),Advanced,2028,6.031,2025
NaturalGas,1-on-1 Combined Cycle (H-Frame),Advanced,2029,6.02,2024
NaturalGas,1-on-1 Combined Cycle (H-Frame),Advanced,2029,6.023,2025
NaturalGas,1-on-1 Combined Cycle (H-Frame),Advanced,2030,6.013,2024
NaturalGas,1-on-1 Combined Cycle (H-Frame),Advanced,2030,6.016,2025
NaturalGas,1-on-1 Combined Cycle (H-Frame),Advanced,2031,6.006,2024
NaturalGas,1-on-1 Combined Cycle (H-Frame),Advanced,2031,6.009,2025
NaturalGas,1-on-1 Combined Cycle (H-Frame),Advanced,2032,5.999,2024
NaturalGas,1-on-1 Combined Cycle (H-Frame),Advanced,2032,6.001,2025
NaturalGas,1-on-1 Combined Cycle (H-Frame),Advanced,2033,5.993,2024
NaturalGas,1-on-1 Combined Cycle (H-Frame),Advanced,2033,5.994,2025
NaturalGas,1-on-1 Combined Cycle (H-Frame),Advanced,2034,5.986,2024
NaturalGas,1-on-1 Combined Cycle (H-Frame),Advanced,2034,5.986,2025
NaturalGas,1-on-1 Combined Cycle (H-Frame),Advanced,2035,5.979,2024
NaturalGas,1-on-1 Combined Cycle (H-Frame),Advanced,2035,5.979,2025
NaturalGas,1-on-1 Combined Cycle (H-Frame),Advanced,2036,5.979,2024
NaturalGas,1-on-1 Combined Cycle (H-Frame),Advanced,2036,5.979,2025
NaturalGas,1-on-1 Combined Cycle (H-Frame),Advanced,2037,5.979,2024
NaturalGas,1-on-1 Combined Cycle (H-Frame),Advanced,2037,5.979,2025
NaturalGas,1-on-1 Combined Cycle (H-Frame),Advanced,2038,5.979,2024
NaturalGas,1-on-1 Combined Cycle (H-Frame),Advanced,2038,5.979,2025
NaturalGas,1-on-1 Combined Cycle (H-Frame),Advanced,2039,5.979,2024
NaturalGas,1-on-1 Combined Cycle (H-Frame),Advanced,2039,5.979,2025
NaturalGas,1-on-1 Combined Cycle (H-Frame),Advanced,2040,5.979,2024
NaturalGas,1-on-1 Combined Cycle (H-Frame),Advanced,2040,5.979,2025
NaturalGas,1-on-1 Combined Cycle (H-Frame),Advanced,2041,5.979,2024
NaturalGas,1-on-1 Combined Cycle (H-Frame),Advanced,2041,5.979,2025
NaturalGas,1-on-1 Combined Cycle (H-Frame),Advanced,2042,5.979,2024
NaturalGas,1-on-1 Combined Cycle (H-Frame),Advanced,2042,5.979,2025
NaturalGas,1-on-1 Combined Cycle (H-Frame),Advanced,2043,5.979,2024
NaturalGas,1-on-1 Combined Cycle (H-Frame),Advanced,2043,5.979,2025
NaturalGas,1-on-1 Combined Cycle (H-Frame),Advanced,2044,5.979,2024
NaturalGas,1-on-1 Combined Cycle (H-Frame),Advanced,2044,5.979,2025
NaturalGas,1-on-1 Combined Cycle (H-Frame),Advanced,2045,5.979,2024
NaturalGas,1-on-1 Combined Cycle (H-Frame),Advanced,2045,5.979,2025
NaturalGas,1-on-1 Combined Cycle (H-Frame),Advanced,2046,5.979,2024
NaturalGas,1-on-1 Combined Cycle (H-Frame),Advanced,2046,5.979,2025
NaturalGas,1-on-1 Combined Cycle (H-Frame),Advanced,2047,5.979,2024
NaturalGas,1-on-1 Combined Cycle (H-Frame),Advanced,2047,5.979,2025
NaturalGas,1-on-1 Combined Cycle (H-Frame),Advanced,2048,5.979,2024
NaturalGas,1-on-1 Combined Cycle (H-Frame),Advanced,2048,5.979,2025
NaturalGas,1-on-1 Combined Cycle (H-Frame),Advanced,2049,5.979,2024
NaturalGas,1-on-1 Combined Cycle (H-Frame),Advanced,2049,5.979,2025
NaturalGas,1-on-1 Combined Cycle (H-Frame),Advanced,2050,5.979,2024
NaturalGas,1-on-1 Combined Cycle (H-Frame),Advanced,2050,5.979,2025
NaturalGas,1-on-1 Combined Cycle (H-Frame),Advanced,2051,5.979,2025
NaturalGas,1-on-1 Combined Cycle (H-Frame),Advanced,2052,5.979,2025
NaturalGas,1-on-1 Combined Cycle (H-Frame),Advanced,2053,5.979,2025
NaturalGas,1-on-1 Combined Cycle (H-Frame),Advanced,2054,5.979,2025
NaturalGas,1-on-1 Combined Cycle (H-Frame),Advanced,2055,5.979,2025
NaturalGas,1-on-1 Combined Cycle (H-Frame),Advanced,2056,5.979,2025
NaturalGas,1-on-1 Combined Cycle (H-Frame),Advanced,2057,5.979,2025
NaturalGas,1-on-1 Combined Cycle (H-Frame),Advanced,2058,5.979,2025
NaturalGas,1-on-1 Combined Cycle (H-Frame),Advanced,2059,5.979,2025
NaturalGas,1-on-1 Combined Cycle (H-Frame),Advanced,2060,5.979,2025
NaturalGas,1-on-1 Combined Cycle (H-Frame),Conservative,2022,6.068,2024
NaturalGas,1-on-1 Combined Cycle (H-Frame),Conservative,2023,6.068,2024
NaturalGas,1-on-1 Combined Cycle (H-Frame),Conservative,2023,6.068,2025
NaturalGas,1-on-1 Combined Cycle (H-Frame),Conservative,2024,6.068,2024
NaturalGas,1-on-1 Combined Cycle (H-Frame),Conservative,2024,6.068,2025
NaturalGas,1-on-1 Combined Cycle (H-Frame),Conservative,2025,6.068,2024
NaturalGas,1-on-1 Combined Cycle (H-Frame),Conservative,2025,6.068,2025
NaturalGas,1-on-1 Combined Cycle (H-Frame),Conservative,2026,6.068,2024
NaturalGas,1-on-1 Combined Cycle (H-Frame),Conservative,2026,6.068,2025
NaturalGas,1-on-1 Combined Cycle (H-Frame),Conservative,2027,6.068,2024
NaturalGas,1-on-1 Combined Cycle (H-Frame),Conservative,2027,6.068,2025
NaturalGas,1-on-1 Combined Cycle (H-Frame),Conservative,2028,6.068,2024
NaturalGas,1-on-1 Combined Cycle (H-Frame),Conservative,2028,6.068,2025
NaturalGas,1-on-1 Combined Cycle (H-Frame),Conservative,2029,6.068,2024
NaturalGas,1-on-1 Combined Cycle (H-Frame),Conservative,2029,6.068,2025
NaturalGas,1-on-1 Combined Cycle (H-Frame),Conservative,2030,6.068,2024
NaturalGas,1-on-1 Combined Cycle (H-Frame),Conservative,2030,6.068,2025
NaturalGas,1-on-1 Combined Cycle (H-Frame),Conservative,2031,6.068,2024
NaturalGas,1-on-1 Combined Cycle (H-Frame),Conservative,2031,6.068,2025
NaturalGas,1-on-1 Combined Cycle (H-Frame),Conservative,2032,6.068,2024
NaturalGas,1-on-1 Combined Cycle (H-Frame),Conservative,2032,6.068,2025
NaturalGas,1-on-1 Combined Cycle (H-Frame),Conservative,2033,6.068,2024
NaturalGas,1-on-1 Combined Cycle (H-Frame),Conservative,2033,6.068,2025
NaturalGas,1-on-1 Combined Cycle (H-Frame),Conservative,2034,6.068,2024
NaturalGas,1-on-1 Combined Cycle (H-Frame),Conservative,2034,6.068,2025
NaturalGas,1-on-1 Combined Cycle (H-Frame),Conservative,2035,6.068,2024
NaturalGas,1-on-1 Combined Cycle (H-Frame),Conservative,2035,6.068,2025
NaturalGas,1-on-1 Combined Cycle (H-Frame),Conservative,2036,6.068,2024
NaturalGas,1-on-1 Combined Cycle (H-Frame),Conservative,2036,6.068,2025
NaturalGas,1-on-1 Combined Cycle (H-Frame),Conservative,2037,6.068,2024
NaturalGas,1-on-1 Combined Cycle (H-Frame),Conservative,2037,6.068,2025
NaturalGas,1-on-1 Combined Cycle (H-Frame),Conservative,2038,6.068,2024
NaturalGas,1-on-1 Combined Cycle (H-Frame),Conservative,2038,6.068,2025
NaturalGas,1-on-1 Combined Cycle (H-Frame),Conservative,2039,6.068,2024
NaturalGas,1-on-1 Combined Cycle (H-Frame),Conservative,2039,6.068,2025
NaturalGas,1-on-1 Combined Cycle (H-Frame),Conservative,2040,6.068,2024
NaturalGas,1-on-1 Combined Cycle (H-Frame),Conservative,2040,6.068,2025
NaturalGas,1-on-1 Combined Cycle (H-Frame),Conservative,2041,6.068,2024
NaturalGas,1-on-1 Combined Cycle (H-Frame),Conservative,2041,6.068,2025
NaturalGas,1-on-1 Combined Cycle (H-Frame),Conservative,2042,6.068,2024
NaturalGas,1-on-1 Combined Cycle (H-Frame),Conservative,2042,6.068,2025
NaturalGas,1-on-1 Combined Cycle (H-Frame),Conservative,2043,6.068,2024
NaturalGas,1-on-1 Combined Cycle (H-Frame),Conservative,2043,6.068,2025
NaturalGas,1-on-1 Combined Cycle (H-Frame),Conservative,2044,6.068,2024
NaturalGas,1-on-1 Combined Cycle (H-Frame),Conservative,2044,6.068,2025
NaturalGas,1-on-1 Combined Cycle (H-Frame),Conservative,2045,6.068,2024
NaturalGas,1-on-1 Combined Cycle (H-Frame),Conservative,2045,6.068,2025
NaturalGas,1-on-1 Combined Cycle (H-Frame),Conservative,2046,6.068,2024
NaturalGas,1-on-1 Combined Cycle (H-Frame),Conservative,2046,6.068,2025
NaturalGas,1-on-1 Combined Cycle (H-Frame),Conservative,2047,6.068,2024
NaturalGas,1-on-1 Combined Cycle (H-Frame),Conservative,2047,6.068,2025
NaturalGas,1-on-1 Combined Cycle (H-Frame),Conservative,2048,6.068,2024
NaturalGas,1-on-1 Combined Cycle (H-Frame),Conservative,2048,6.068,2025
NaturalGas,1-on-1 Combined Cycle (H-Frame),Conservative,2049,6.068,2024
NaturalGas,1-on-1 Combined Cycle (H-Frame),Conservative,2049,6.068,2025
NaturalGas,1-on-1 Combined Cycle (H-Frame),Conservative,2050,6.068,2024
NaturalGas,1-on-1 Combined Cycle (H-Frame),Conservative,2050,6.068,2025
NaturalGas,1-on-1 Combined Cycle (H-Frame),Conservative,2051,6.068,2025
NaturalGas,1-on-1 Combined Cycle (H-Frame),Conservative,2052,6.068,2025
NaturalGas,1-on-1 Combined Cycle (H-Frame),Conservative,2053,6.068,2025
NaturalGas,1-on-1 Combined Cycle (H-Frame),Conservative,2054,6.068,2025
NaturalGas,1-on-1 Combined Cycle (H-Frame),Conservative,2055,6.068,2025
NaturalGas,1-on-1 Combined Cycle (H-Frame),Conservative,2056,6.068,2025
NaturalGas,1-on-1 Combined Cycle (H-Frame),Conservative,2057,6.068,2025
NaturalGas,1-on-1 Combined Cycle (H-Frame),Conservative,2058,6.068,2025
NaturalGas,1-on-1 Combined Cycle (H-Frame),Conservative,2059,6.068,2025
NaturalGas,1-on-1 Combined Cycle (H-Frame),Conservative,2060,6.068,2025
NaturalGas,1-on-1 Combined Cycle (H-Frame),Moderate,2022,6.068,2024
NaturalGas,1-on-1 Combined Cycle (H-Frame),Moderate,2023,6.064,2024
NaturalGas,1-on-1 Combined Cycle (H-Frame),Moderate,2023,6.068,2025
NaturalGas,1-on-1 Combined Cycle (H-Frame),Moderate,2024,6.061,2024
NaturalGas,1-on-1 Combined Cycle (H-Frame),Moderate,2024,6.064,2025
NaturalGas,1-on-1 Combined Cycle (H-Frame),Moderate,2025,6.057,2024
NaturalGas,1-on-1 Combined Cycle (H-Frame),Moderate,2025,6.06,2025
NaturalGas,1-on-1 Combined Cycle (H-Frame),Moderate,2026,6.054,2024
NaturalGas,1-on-1 Combined Cycle (H-Frame),Moderate,2026,6.056,2025
NaturalGas,1-on-1 Combined Cycle (H-Frame),Moderate,2027,6.051,2024
NaturalGas,1-on-1 Combined Cycle (H-Frame),Moderate,2027,6.053,2025
NaturalGas,1-on-1 Combined Cycle (H-Frame),Moderate,2028,6.047,2024
NaturalGas,1-on-1 Combined Cycle (H-Frame),Moderate,2028,6.049,2025
NaturalGas,1-on-1 Combined Cycle (H-Frame),Moderate,2029,6.044,2024
NaturalGas,1-on-1 Combined Cycle (H-Frame),Moderate,2029,6.045,2025
NaturalGas,1-on-1 Combined Cycle (H-Frame),Moderate,2030,6.04,2024
NaturalGas,1-on-1 Combined Cycle (H-Frame),Moderate,2030,6.042,2025
NaturalGas,1-on-1 Combined Cycle (H-Frame),Moderate,2031,6.037,2024
NaturalGas,1-on-1 Combined Cycle (H-Frame),Moderate,2031,6.038,2025
NaturalGas,1-on-1 Combined Cycle (H-Frame),Moderate,2032,6.034,2024
NaturalGas,1-on-1 Combined Cycle (H-Frame),Moderate,2032,6.034,2025
NaturalGas,1-on-1 Combined Cycle (H-Frame),Moderate,2033,6.03,2024
NaturalGas,1-on-1 Combined Cycle (H-Frame),Moderate,2033,6.031,2025
NaturalGas,1-on-1 Combined Cycle (H-Frame),Moderate,2034,6.027,2024
NaturalGas,1-on-1 Combined Cycle (H-Frame),Moderate,2034,6.027,2025
NaturalGas,1-on-1 Combined Cycle (H-Frame),Moderate,2035,6.023,2024
NaturalGas,1-on-1 Combined Cycle (H-Frame),Moderate,2035,6.023,2025
NaturalGas,1-on-1 Combined Cycle (H-Frame),Moderate,2036,6.023,2024
NaturalGas,1-on-1 Combined Cycle (H-Frame),Moderate,2036,6.023,2025
NaturalGas,1-on-1 Combined Cycle (H-Frame),Moderate,2037,6.023,2024
NaturalGas,1-on-1 Combined Cycle (H-Frame),Moderate,2037,6.023,2025
NaturalGas,1-on-1 Combined Cycle (H-Frame),Moderate,2038,6.023,2024
NaturalGas,1-on-1 Combined Cycle (H-Frame),Moderate,2038,6.023,2025
NaturalGas,1-on-1 Combined Cycle (H-Frame),Moderate,2039,6.023,2024
NaturalGas,1-on-1 Combined Cycle (H-Frame),Moderate,2039,6.023,2025
NaturalGas,1-on-1 Combined Cycle (H-Frame),Moderate,2040,6.023,2024
NaturalGas,1-on-1 Combined Cycle (H-Frame),Moderate,2040,6.023,2025
NaturalGas,1-on-1 Combined Cycle (H-Frame),Moderate,2041,6.023,2024
NaturalGas,1-on-1 Combined Cycle (H-Frame),Moderate,2041,6.023,2025
NaturalGas,1-on-1 Combined Cycle (H-Frame),Moderate,2042,6.023,2024
NaturalGas,1-on-1 Combined Cycle (H-Frame),Moderate,2042,6.023,2025
NaturalGas,1-on-1 Combined Cycle (H-Frame),Moderate,2043,6.023,2024
NaturalGas,1-on-1 Combined Cycle (H-Frame),Moderate,2043,6.023,2025
NaturalGas,1-on-1 Combined Cycle (H-Frame),Moderate,2044,6.023,2024
NaturalGas,1-on-1 Combined Cycle (H-Frame),Moderate,2044,6.023,2025
NaturalGas,1-on-1 Combined Cycle (H-Frame),Moderate,2045,6.023,2024
NaturalGas,1-on-1 Combined Cycle (H-Frame),Moderate,2045,6.023,2025
NaturalGas,1-on-1 Combined Cycle (H-Frame),Moderate,2046,6.023,2024
NaturalGas,1-on-1 Combined Cycle (H-Frame),Moderate,2046,6.023,2025
NaturalGas,1-on-1 Combined Cycle (H-Frame),Moderate,2047,6.023,2024
NaturalGas,1-on-1 Combined Cycle (H-Frame),Moderate,2047,6.023,2025
NaturalGas,1-on-1 Combined Cycle (H-Frame),Moderate,2048,6.023,2024
NaturalGas,1-on-1 Combined Cycle (H-Frame),Moderate,2048,6.023,2025
NaturalGas,1-on-1 Combined Cycle (H-Frame),Moderate,2049,6.023,2024
NaturalGas,1-on-1 Combined Cycle (H-Frame),Moderate,2049,6.023,2025
NaturalGas,1-on-1 Combined Cycle (H-Frame),Moderate,2050,6.023,2024
NaturalGas,1-on-1 Combined Cycle (H-Frame),Moderate,2050,6.023,2025
NaturalGas,1-on-1 Combined Cycle (H-Frame),Moderate,2051,6.023,2025
NaturalGas,1-on-1 Combined Cycle (H-Frame),Moderate,2052,6.023,2025
NaturalGas,1-on-1 Combined Cycle (H-Frame),Moderate,2053,6.023,2025
NaturalGas,1-on-1 Combined Cycle (H-Frame),Moderate,2054,6.023,2025
NaturalGas,1-on-1 Combined Cycle (H-Frame),Moderate,2055,6.023,2025
NaturalGas,1-on-1 Combined Cycle (H-Frame),Moderate,2056,6.023,2025
NaturalGas,1-on-1 Combined Cycle (H-Frame),Moderate,2057,6.023,2025
NaturalGas,1-on-1 Combined Cycle (H-Frame),Moderate,2058,6.023,2025
NaturalGas,1-on-1 Combined Cycle (H-Frame),Moderate,2059,6.023,2025
NaturalGas,1-on-1 Combined Cycle (H-Frame),Moderate,2060,6.023,2025
NaturalGas,1-on-1 Combined Cycle (H-Frame) 95% CCS,Advanced,2022,6.848,2024
NaturalGas,1-on-1 Combined Cycle (H-Frame) 95% CCS,Advanced,2023,6.822,2024
NaturalGas,1-on-1 Combined Cycle (H-Frame) 95% CCS,Advanced,2023,6.848,2025
NaturalGas,1-on-1 Combined Cycle (H-Frame) 95% CCS,Advanced,2024,6.795,2024
NaturalGas,1-on-1 Combined Cycle (H-Frame) 95% CCS,Advanced,2024,6.819,2025
NaturalGas,1-on-1 Combined Cycle (H-Frame) 95% CCS,Advanced,2025,6.769,2024
NaturalGas,1-on-1 Combined Cycle (H-Frame) 95% CCS,Advanced,2025,6.791,2025
NaturalGas,1-on-1 Combined Cycle (H-Frame) 95% CCS,Advanced,2026,6.743,2024
NaturalGas,1-on-1 Combined Cycle (H-Frame) 95% CCS,Advanced,2026,6.762,2025
NaturalGas,1-on-1 Combined Cycle (H-Frame) 95% CCS,Advanced,2027,6.716,2024
NaturalGas,1-on-1 Combined Cycle (H-Frame) 95% CCS,Advanced,2027,6.734,2025
NaturalGas,1-on-1 Combined Cycle (H-Frame) 95% CCS,Advanced,2028,6.69,2024
NaturalGas,1-on-1 Combined Cycle (H-Frame) 95% CCS,Advanced,2028,6.705,2025
NaturalGas,1-on-1 Combined Cycle (H-Frame) 95% CCS,Advanced,2029,6.664,2024
NaturalGas,1-on-1 Combined Cycle (H-Frame) 95% CCS,Advanced,2029,6.677,2025
NaturalGas,1-on-1 Combined Cycle (H-Frame) 95% CCS,Advanced,2030,6.637,2024
NaturalGas,1-on-1 Combined Cycle (H-Frame) 95% CCS,Advanced,2030,6.648,2025
NaturalGas,1-on-1 Combined Cycle (H-Frame) 95% CCS,Advanced,2031,6.611,2024
NaturalGas,1-on-1 Combined Cycle (H-Frame) 95% CCS,Advanced,2031,6.62,2025
NaturalGas,1-on-1 Combined Cycle (H-Frame) 95% CCS,Advanced,2032,6.585,2024
NaturalGas,1-on-1 Combined Cycle (H-Frame) 95% CCS,Advanced,2032,6.591,2025
NaturalGas,1-on-1 Combined Cycle (H-Frame) 95% CCS,Advanced,2033,6.558,2024
NaturalGas,1-on-1 Combined Cycle (H-Frame) 95% CCS,Advanced,2033,6.563,2025
NaturalGas,1-on-1 Combined Cycle (H-Frame) 95% CCS,Advanced,2034,6.532,2024
NaturalGas,1-on-1 Combined Cycle (H-Frame) 95% CCS,Advanced,2034,6.534,2025
NaturalGas,1-on-1 Combined Cycle (H-Frame) 95% CCS,Advanced,2035,6.506,2024
NaturalGas,1-on-1 Combined Cycle (H-Frame) 95% CCS,Advanced,2035,6.506,2025
NaturalGas,1-on-1 Combined Cycle (H-Frame) 95% CCS,Advanced,2036,6.506,2024
NaturalGas,1-on-1 Combined Cycle (H-Frame) 95% CCS,Advanced,2036,6.506,2025
NaturalGas,1-on-1 Combined Cycle (H-Frame) 95% CCS,Advanced,2037,6.506,2024
NaturalGas,1-on-1 Combined Cycle (H-Frame) 95% CCS,Advanced,2037,6.506,2025
NaturalGas,1-on-1 Combined Cycle (H-Frame) 95% CCS,Advanced,2038,6.506,2024
NaturalGas,1-on-1 Combined Cycle (H-Frame) 95% CCS,Advanced,2038,6.506,2025
NaturalGas,1-on-1 Combined Cycle (H-Frame) 95% CCS,Advanced,2039,6.506,2024
NaturalGas,1-on-1 Combined Cycle (H-Frame) 95% CCS,Advanced,2039,6.506,2025
NaturalGas,1-on-1 Combined Cycle (H-Frame) 95% CCS,Advanced,2040,6.506,2024
NaturalGas,1-on-1 Combined Cycle (H-Frame) 95% CCS,Advanced,2040,6.506,2025
NaturalGas,1-on-1 Combined Cycle (H-Frame) 95% CCS,Advanced,2041,6.506,2024
NaturalGas,1-on-1 Combined Cycle (H-Frame) 95% CCS,Advanced,2041,6.506,2025
NaturalGas,1-on-1 Combined Cycle (H-Frame) 95% CCS,Advanced,2042,6.506,2024
NaturalGas,1-on-1 Combined Cycle (H-Frame) 95% CCS,Advanced,2042,6.506,2025
NaturalGas,1-on-1 Combined Cycle (H-Frame) 95% CCS,Advanced,2043,6.506,2024
NaturalGas,1-on-1 Combined Cycle (H-Frame) 95% CCS,Advanced,2043,6.506,2025
NaturalGas,1-on-1 Combined Cycle (H-Frame) 95% CCS,Advanced,2044,6.506,2024
NaturalGas,1-on-1 Combined Cycle (H-Frame) 95% CCS,Advanced,2044,6.506,2025
NaturalGas,1-on-1 Combined Cycle (H-Frame) 95% CCS,Advanced,2045,6.506,2024
NaturalGas,1-on-1 Combined Cycle (H-Frame) 95% CCS,Advanced,2045,6.506,2025
NaturalGas,1-on-1 Combined Cycle (H-Frame) 95% CCS,Advanced,2046,6.506,2024
NaturalGas,1-on-1 Combined Cycle (H-Frame) 95% CCS,Advanced,2046,6.506,2025
NaturalGas,1-on-1 Combined Cycle (H-Frame) 95% CCS,Advanced,2047,6.506,2024
NaturalGas,1-on-1 Combined Cycle (H-Frame) 95% CCS,Advanced,2047,6.506,2025
NaturalGas,1-on-1 Combined Cycle (H-Frame) 95% CCS,Advanced,2048,6.506,2024
NaturalGas,1-on-1 Combined Cycle (H-Frame) 95% CCS,Advanced,2048,6.506,2025
NaturalGas,1-on-1 Combined Cycle (H-Frame) 95% CCS,Advanced,2049,6.506,2024
NaturalGas,1-on-1 Combined Cycle (H-Frame) 95% CCS,Advanced,2049,6.506,2025
NaturalGas,1-on-1 Combined Cycle (H-Frame) 95% CCS,Advanced,2050,6.506,2024
NaturalGas,1-on-1 Combined Cycle (H-Frame) 95% CCS,Advanced,2050,6.506,2025
NaturalGas,1-on-1 Combined Cycle (H-Frame) 95% CCS,Advanced,2051,6.506,2025
NaturalGas,1-on-1 Combined Cycle (H-Frame) 95% CCS,Advanced,2052,6.506,2025
NaturalGas,1-on-1 Combined Cycle (H-Frame) 95% CCS,Advanced,2053,6.506,2025
NaturalGas,1-on-1 Combined Cycle (H-Frame) 95% CCS,Advanced,2054,6.506,2025
NaturalGas,1-on-1 Combined Cycle (H-Frame) 95% CCS,Advanced,2055,6.506,2025
NaturalGas,1-on-1 Combined Cycle (H-Frame) 95% CCS,Advanced,2056,6.506,2025
NaturalGas,1-on-1 Combined Cycle (H-Frame) 95% CCS,Advanced,2057,6.506,2025
NaturalGas,1-on-1 Combined Cycle (H-Frame) 95% CCS,Advanced,2058,6.506,2025
NaturalGas,1-on-1 Combined Cycle (H-Frame) 95% CCS,Advanced,2059,6.506,2025
NaturalGas,1-on-1 Combined Cycle (H-Frame) 95% CCS,Advanced,2060,6.506,2025
NaturalGas,1-on-1 Combined Cycle (H-Frame) 95% CCS,Conservative,2022,6.848,2024
NaturalGas,1-on-1 Combined Cycle (H-Frame) 95% CCS,Conservative,2023,6.848,2024
NaturalGas,1-on-1 Combined Cycle (H-Frame) 95% CCS,Conservative,2023,6.848,2025
NaturalGas,1-on-1 Combined Cycle (H-Frame) 95% CCS,Conservative,2024,6.848,2024
NaturalGas,1-on-1 Combined Cycle (H-Frame) 95% CCS,Conservative,2024,6.848,2025
NaturalGas,1-on-1 Combined Cycle (H-Frame) 95% CCS,Conservative,2025,6.848,2024
NaturalGas,1-on-1 Combined Cycle (H-Frame) 95% CCS,Conservative,2025,6.848,2025
NaturalGas,1-on-1 Combined Cycle (H-Frame) 95% CCS,Conservative,2026,6.848,2024
NaturalGas,1-on-1 Combined Cycle (H-Frame) 95% CCS,Conservative,2026,6.848,2025
NaturalGas,1-on-1 Combined Cycle (H-Frame) 95% CCS,Conservative,2027,6.848,2024
NaturalGas,1-on-1 Combined Cycle (H-Frame) 95% CCS,Conservative,2027,6.848,2025
NaturalGas,1-on-1 Combined Cycle (H-Frame) 95% CCS,Conservative,2028,6.848,2024
NaturalGas,1-on-1 Combined Cycle (H-Frame) 95% CCS,Conservative,2028,6.848,2025
NaturalGas,1-on-1 Combined Cycle (H-Frame) 95% CCS,Conservative,2029,6.848,2024
NaturalGas,1-on-1 Combined Cycle (H-Frame) 95% CCS,Conservative,2029,6.848,2025
NaturalGas,1-on-1 Combined Cycle (H-Frame) 95% CCS,Conservative,2030,6.848,2024
NaturalGas,1-on-1 Combined Cycle (H-Frame) 95% CCS,Conservative,2030,6.848,2025
NaturalGas,1-on-1 Combined Cycle (H-Frame) 95% CCS,Conservative,2031,6.848,2024
NaturalGas,1-on-1 Combined Cycle (H-Frame) 95% CCS,Conservative,2031,6.848,2025
NaturalGas,1-on-1 Combined Cycle (H-Frame) 95% CCS,Conservative,2032,6.848,2024
NaturalGas,1-on-1 Combined Cycle (H-Frame) 95% CCS,Conservative,2032,6.848,2025
NaturalGas,1-on-1 Combined Cycle (H-Frame) 95% CCS,Conservative,2033,6.848,2024
NaturalGas,1-on-1 Combined Cycle (H-Frame) 95% CCS,Conservative,2033,6.848,2025
NaturalGas,1-on-1 Combined Cycle (H-Frame) 95% CCS,Conservative,2034,6.848,2024
NaturalGas,1-on-1 Combined Cycle (H-Frame) 95% CCS,Conservative,2034,6.848,2025
NaturalGas,1-on-1 Combined Cycle (H-Frame) 95% CCS,Conservative,2035,6.848,2024
NaturalGas,1-on-1 Combined Cycle (H-Frame) 95% CCS,Conservative,2035,6.848,2025
NaturalGas,1-on-1 Combined Cycle (H-Frame) 95% CCS,Conservative,2036,6.848,2024
NaturalGas,1-on-1 Combined Cycle (H-Frame) 95% CCS,Conservative,2036,6.848,2025
NaturalGas,1-on-1 Combined Cycle (H-Frame) 95% CCS,Conservative,2037,6.848,2024
NaturalGas,1-on-1 Combined Cycle (H-Frame) 95% CCS,Conservative,2037,6.848,2025
NaturalGas,1-on-1 Combined Cycle (H-Frame) 95% CCS,Conservative,2038,6.848,2024
NaturalGas,1-on-1 Combined Cycle (H-Frame) 95% CCS,Conservative,2038,6.848,2025
NaturalGas,1-on-1 Combined Cycle (H-Frame) 95% CCS,Conservative,2039,6.848,2024
NaturalGas,1-on-1 Combined Cycle (H-Frame) 95% CCS,Conservative,2039,6.848,2025
NaturalGas,1-on-1 Combined Cycle (H-Frame) 95% CCS,Conservative,2040,6.848,2024
NaturalGas,1-on-1 Combined Cycle (H-Frame) 95% CCS,Conservative,2040,6.848,2025
NaturalGas,1-on-1 Combined Cycle (H-Frame) 95% CCS,Conservative,2041,6.848,2024
NaturalGas,1-on-1 Combined Cycle (H-Frame) 95% CCS,Conservative,2041,6.848,2025
NaturalGas,1-on-1 Combined Cycle (H-Frame) 95% CCS,Conservative,2042,6.848,2024
NaturalGas,1-on-1 Combined Cycle (H-Frame) 95% CCS,Conservative,2042,6.848,2025
NaturalGas,1-on-1 Combined Cycle (H-Frame) 95% CCS,Conservative,2043,6.848,2024
NaturalGas,1-on-1 Combined Cycle (H-Frame) 95% CCS,Conservative,2043,6.848,2025
NaturalGas,1-on-1 Combined Cycle (H-Frame) 95% CCS,Conservative,2044,6.848,2024
NaturalGas,1-on-1 Combined Cycle (H-Frame) 95% CCS,Conservative,2044,6.848,2025
NaturalGas,1-on-1 Combined Cycle (H-Frame) 95% CCS,Conservative,2045,6.848,2024
NaturalGas,1-on-1 Combined Cycle (H-Frame) 95% CCS,Conservative,2045,6.848,2025
NaturalGas,1-on-1 Combined Cycle (H-Frame) 95% CCS,Conservative,2046,6.848,2024
NaturalGas,1-on-1 Combined Cycle (H-Frame) 95% CCS,Conservative,2046,6.848,2025
NaturalGas,1-on-1 Combined Cycle (H-Frame) 95% CCS,Conservative,2047,6.848,2024
NaturalGas,1-on-1 Combined Cycle (H-Frame) 95% CCS,Conservative,2047,6.848,2025
NaturalGas,1-on-1 Combined Cycle (H-Frame) 95% CCS,Conservative,2048,6.848,2024
NaturalGas,1-on-1 Combined Cycle (H-Frame) 95% CCS,Conservative,2048,6.848,2025
NaturalGas,1-on-1 Combined Cycle (H-Frame) 95% CCS,Conservative,2049,6.848,2024
NaturalGas,1-on-1 Combined Cycle (H-Frame) 95% CCS,Conservative,2049,6.848,2025
NaturalGas,1-on-1 Combined Cycle (H-Frame) 95% CCS,Conservative,2050,6.848,2024
NaturalGas,1-on-1 Combined Cycle (H-Frame) 95% CCS,Conservative,2050,6.848,2025
NaturalGas,1-on-1 Combined Cycle (H-Frame) 95% CCS,Conservative,2051,6.848,2025
NaturalGas,1-on-1 Combined Cycle (H-Frame) 95% CCS,Conservative,2052,6.848,2025
NaturalGas,1-on-1 Combined Cycle (H-Frame) 95% CCS,Conservative,2053,6.848,2025
NaturalGas,1-on-1 Combined Cycle (H-Frame) 95% CCS,Conservative,2054,6.848,2025
NaturalGas,1-on-1 Combined Cycle (H-Frame) 95% CCS,Conservative,2055,6.848,2025
NaturalGas,1-on-1 Combined Cycle (H-Frame) 95% CCS,Conservative,2056,6.848,2025
NaturalGas,1-on-1 Combined Cycle (H-Frame) 95% CCS,Conservative,2057,6.848,2025
NaturalGas,1-on-1 Combined Cycle (H-Frame) 95% CCS,Conservative,2058,6.848,2025
NaturalGas,1-on-1 Combined Cycle (H-Frame) 95% CCS,Conservative,2059,6.848,2025
NaturalGas,1-on-1 Combined Cycle (H-Frame) 95% CCS,Conservative,2060,6.848,2025
NaturalGas,1-on-1 Combined Cycle (H-Frame) 95% CCS,Moderate,2022,6.848,2024
NaturalGas,1-on-1 Combined Cycle (H-Frame) 95% CCS,Moderate,2023,6.835,2024
NaturalGas,1-on-1 Combined Cycle (H-Frame) 95% CCS,Moderate,2023,6.848,2025
NaturalGas,1-on-1 Combined Cycle (H-Frame) 95% CCS,Moderate,2024,6.822,2024
NaturalGas,1-on-1 Combined Cycle (H-Frame) 95% CCS,Moderate,2024,6.834,2025
NaturalGas,1-on-1 Combined Cycle (H-Frame) 95% CCS,Moderate,2025,6.808,2024
NaturalGas,1-on-1 Combined Cycle (H-Frame) 95% CCS,Moderate,2025,6.819,2025
NaturalGas,1-on-1 Combined Cycle (H-Frame) 95% CCS,Moderate,2026,6.795,2024
NaturalGas,1-on-1 Combined Cycle (H-Frame) 95% CCS,Moderate,2026,6.805,2025
NaturalGas,1-on-1 Combined Cycle (H-Frame) 95% CCS,Moderate,2027,6.782,2024
NaturalGas,1-on-1 Combined Cycle (H-Frame) 95% CCS,Moderate,2027,6.791,2025
NaturalGas,1-on-1 Combined Cycle (H-Frame) 95% CCS,Moderate,2028,6.769,2024
NaturalGas,1-on-1 Combined Cycle (H-Frame) 95% CCS,Moderate,2028,6.777,2025
NaturalGas,1-on-1 Combined Cycle (H-Frame) 95% CCS,Moderate,2029,6.756,2024
NaturalGas,1-on-1 Combined Cycle (H-Frame) 95% CCS,Moderate,2029,6.762,2025
NaturalGas,1-on-1 Combined Cycle (H-Frame) 95% CCS,Moderate,2030,6.743,2024
NaturalGas,1-on-1 Combined Cycle (H-Frame) 95% CCS,Moderate,2030,6.748,2025
NaturalGas,1-on-1 Combined Cycle (H-Frame) 95% CCS,Moderate,2031,6.73,2024
NaturalGas,1-on-1 Combined Cycle (H-Frame) 95% CCS,Moderate,2031,6.734,2025
NaturalGas,1-on-1 Combined Cycle (H-Frame) 95% CCS,Moderate,2032,6.716,2024
NaturalGas,1-on-1 Combined Cycle (H-Frame) 95% CCS,Moderate,2032,6.72,2025
NaturalGas,1-on-1 Combined Cycle (H-Frame) 95% CCS,Moderate,2033,6.703,2024
NaturalGas,1-on-1 Combined Cycle (H-Frame) 95% CCS,Moderate,2033,6.705,2025
NaturalGas,1-on-1 Combined Cycle (H-Frame) 95% CCS,Moderate,2034,6.69,2024
NaturalGas,1-on-1 Combined Cycle (H-Frame) 95% CCS,Moderate,2034,6.691,2025
NaturalGas,1-on-1 Combined Cycle (H-Frame) 95% CCS,Moderate,2035,6.677,2024
NaturalGas,1-on-1 Combined Cycle (H-Frame) 95% CCS,Moderate,2035,6.677,2025
NaturalGas,1-on-1 Combined Cycle (H-Frame) 95% CCS,Moderate,2036,6.677,2024
NaturalGas,1-on-1 Combined Cycle (H-Frame) 95% CCS,Moderate,2036,6.677,2025
NaturalGas,1-on-1 Combined Cycle (H-Frame) 95% CCS,Moderate,2037,6.677,2024
NaturalGas,1-on-1 Combined Cycle (H-Frame) 95% CCS,Moderate,2037,6.677,2025
NaturalGas,1-on-1 Combined Cycle (H-Frame) 95% CCS,Moderate,2038,6.677,2024
NaturalGas,1-on-1 Combined Cycle (H-Frame) 95% CCS,Moderate,2038,6.677,2025
NaturalGas,1-on-1 Combined Cycle (H-Frame) 95% CCS,Moderate,2039,6.677,2024
NaturalGas,1-on-1 Combined Cycle (H-Frame) 95% CCS,Moderate,2039,6.677,2025
NaturalGas,1-on-1 Combined Cycle (H-Frame) 95% CCS,Moderate,2040,6.677,2024
NaturalGas,1-on-1 Combined Cycle (H-Frame) 95% CCS,Moderate,2040,6.677,2025
NaturalGas,1-on-1 Combined Cycle (H-Frame) 95% CCS,Moderate,2041,6.677,2024
NaturalGas,1-on-1 Combined Cycle (H-Frame) 95% CCS,Moderate,2041,6.677,2025
NaturalGas,1-on-1 Combined Cycle (H-Frame) 95% CCS,Moderate,2042,6.677,2024
NaturalGas,1-on-1 Combined Cycle (H-Frame) 95% CCS,Moderate,2042,6.677,2025
NaturalGas,1-on-1 Combined Cycle (H-Frame) 95% CCS,Moderate,2043,6.677,2024
NaturalGas,1-on-1 Combined Cycle (H-Frame) 95% CCS,Moderate,2043,6.677,2025
NaturalGas,1-on-1 Combined Cycle (H-Frame) 95% CCS,Moderate,2044,6.677,2024
NaturalGas,1-on-1 Combined Cycle (H-Frame) 95% CCS,Moderate,2044,6.677,2025
NaturalGas,1-on-1 Combined Cycle (H-Frame) 95% CCS,Moderate,2045,6.677,2024
NaturalGas,1-on-1 Combined Cycle (H-Frame) 95% CCS,Moderate,2045,6.677,2025
NaturalGas,1-on-1 Combined Cycle (H-Frame) 95% CCS,Moderate,2046,6.677,2024
NaturalGas,1-on-1 Combined Cycle (H-Frame) 95% CCS,Moderate,2046,6.677,2025
NaturalGas,1-on-1 Combined Cycle (H-Frame) 95% CCS,Moderate,2047,6.677,2024
NaturalGas,1-on-1 Combined Cycle (H-Frame) 95% CCS,Moderate,2047,6.677,2025
NaturalGas,1-on-1 Combined Cycle (H-Frame) 95% CCS,Moderate,2048,6.677,2024
NaturalGas,1-on-1 Combined Cycle (H-Frame) 95% CCS,Moderate,2048,6.677,2025
NaturalGas,1-on-1 Combined Cycle (H-Frame) 95% CCS,Moderate,2049,6.677,2024
NaturalGas,1-on-1 Combined Cycle (H-Frame) 95% CCS,Moderate,2049,6.677,2025
NaturalGas,1-on-1 Combined Cycle (H-Frame) 95% CCS,Moderate,2050,6.677,2024
NaturalGas,1-on-1 Combined Cycle (H-Frame) 95% CCS,Moderate,2050,6.677,2025
NaturalGas,1-on-1 Combined Cycle (H-Frame) 95% CCS,Moderate,2051,6.677,2025
NaturalGas,1-on-1 Combined Cycle (H-Frame) 95% CCS,Moderate,2052,6.677,2025
NaturalGas,1-on-1 Combined Cycle (H-Frame) 95% CCS,Moderate,2053,6.677,2025
NaturalGas,1-on-1 Combined Cycle (H-Frame) 95% CCS,Moderate,2054,6.677,2025
NaturalGas,1-on-1 Combined Cycle (H-Frame) 95% CCS,Moderate,2055,6.677,2025
NaturalGas,1-on-1 Combined Cycle (H-Frame) 95% CCS,Moderate,2056,6.677,2025
NaturalGas,1-on-1 Combined Cycle (H-Frame) 95% CCS,Moderate,2057,6.677,2025
NaturalGas,1-on-1 Combined Cycle (H-Frame) 95% CCS,Moderate,2058,6.677,2025
NaturalGas,1-on-1 Combined Cycle (H-Frame) 95% CCS,Moderate,2059,6.677,2025
NaturalGas,1-on-1 Combined Cycle (H-Frame) 95% CCS,Moderate,2060,6.677,2025
NaturalGas,1-on-1 Combined Cycle (H-Frame) 97% CCS,Advanced,2022,6.884,2024
NaturalGas,1-on-1 Combined Cycle (H-Frame) 97% CCS,Advanced,2023,6.856,2024
NaturalGas,1-on-1 Combined Cycle (H-Frame) 97% CCS,Advanced,2023,6.884,2025
NaturalGas,1-on-1 Combined Cycle (H-Frame) 97% CCS,Advanced,2024,6.829,2024
NaturalGas,1-on-1 Combined Cycle (H-Frame) 97% CCS,Advanced,2024,6.854,2025
NaturalGas,1-on-1 Combined Cycle (H-Frame) 97% CCS,Advanced,2025,6.802,2024
NaturalGas,1-on-1 Combined Cycle (H-Frame) 97% CCS,Advanced,2025,6.824,2025
NaturalGas,1-on-1 Combined Cycle (H-Frame) 97% CCS,Advanced,2026,6.774,2024
NaturalGas,1-on-1 Combined Cycle (H-Frame) 97% CCS,Advanced,2026,6.795,2025
NaturalGas,1-on-1 Combined Cycle (H-Frame) 97% CCS,Advanced,2027,6.747,2024
NaturalGas,1-on-1 Combined Cycle (H-Frame) 97% CCS,Advanced,2027,6.765,2025
NaturalGas,1-on-1 Combined Cycle (H-Frame) 97% CCS,Advanced,2028,6.719,2024
NaturalGas,1-on-1 Combined Cycle (H-Frame) 97% CCS,Advanced,2028,6.735,2025
NaturalGas,1-on-1 Combined Cycle (H-Frame) 97% CCS,Advanced,2029,6.692,2024
NaturalGas,1-on-1 Combined Cycle (H-Frame) 97% CCS,Advanced,2029,6.706,2025
NaturalGas,1-on-1 Combined Cycle (H-Frame) 97% CCS,Advanced,2030,6.665,2024
NaturalGas,1-on-1 Combined Cycle (H-Frame) 97% CCS,Advanced,2030,6.676,2025
NaturalGas,1-on-1 Combined Cycle (H-Frame) 97% CCS,Advanced,2031,6.637,2024
NaturalGas,1-on-1 Combined Cycle (H-Frame) 97% CCS,Advanced,2031,6.647,2025
NaturalGas,1-on-1 Combined Cycle (H-Frame) 97% CCS,Advanced,2032,6.61,2024
NaturalGas,1-on-1 Combined Cycle (H-Frame) 97% CCS,Advanced,2032,6.617,2025
NaturalGas,1-on-1 Combined Cycle (H-Frame) 97% CCS,Advanced,2033,6.583,2024
NaturalGas,1-on-1 Combined Cycle (H-Frame) 97% CCS,Advanced,2033,6.587,2025
NaturalGas,1-on-1 Combined Cycle (H-Frame) 97% CCS,Advanced,2034,6.555,2024
NaturalGas,1-on-1 Combined Cycle (H-Frame) 97% CCS,Advanced,2034,6.558,2025
NaturalGas,1-on-1 Combined Cycle (H-Frame) 97% CCS,Advanced,2035,6.528,2024
NaturalGas,1-on-1 Combined Cycle (H-Frame) 97% CCS,Advanced,2035,6.528,2025
NaturalGas,1-on-1 Combined Cycle (H-Frame) 97% CCS,Advanced,2036,6.528,2024
NaturalGas,1-on-1 Combined Cycle (H-Frame) 97% CCS,Advanced,2036,6.528,2025
NaturalGas,1-on-1 Combined Cycle (H-Frame) 97% CCS,Advanced,2037,6.528,2024
NaturalGas,1-on-1 Combined Cycle (H-Frame) 97% CCS,Advanced,2037,6.528,2025
NaturalGas,1-on-1 Combined Cycle (H-Frame) 97% CCS,Advanced,2038,6.528,2024
NaturalGas,1-on-1 Combined Cycle (H-Frame) 97% CCS,Advanced,2038,6.528,2025
NaturalGas,1-on-1 Combined Cycle (H-Frame) 97% CCS,Advanced,2039,6.528,2024
NaturalGas,1-on-1 Combined Cycle (H-Frame) 97% CCS,Advanced,2039,6.528,2025
NaturalGas,1-on-1 Combined Cycle (H-Frame) 97% CCS,Advanced,2040,6.528,2024
NaturalGas,1-on-1 Combined Cycle (H-Frame) 97% CCS,Advanced,2040,6.528,2025
NaturalGas,1-on-1 Combined Cycle (H-Frame) 97% CCS,Advanced,2041,6.528,2024
NaturalGas,1-on-1 Combined Cycle (H-Frame) 97% CCS,Advanced,2041,6.528,2025
NaturalGas,1-on-1 Combined Cycle (H-Frame) 97% CCS,Advanced,2042,6.528,2024
NaturalGas,1-on-1 Combined Cycle (H-Frame) 97% CCS,Advanced,2042,6.528,2025
NaturalGas,1-on-1 Combined Cycle (H-Frame) 97% CCS,Advanced,2043,6.528,2024
NaturalGas,1-on-1 Combined Cycle (H-Frame) 97% CCS,Advanced,2043,6.528,2025
NaturalGas,1-on-1 Combined Cycle (H-Frame) 97% CCS,Advanced,2044,6.528,2024
NaturalGas,1-on-1 Combined Cycle (H-Frame) 97% CCS,Advanced,2044,6.528,2025
NaturalGas,1-on-1 Combined Cycle (H-Frame) 97% CCS,Advanced,2045,6.528,2024
NaturalGas,1-on-1 Combined Cycle (H-Frame) 97% CCS,Advanced,2045,6.528,2025
NaturalGas,1-on-1 Combined Cycle (H-Frame) 97% CCS,Advanced,2046,6.528,2024
NaturalGas,1-on-1 Combined Cycle (H-Frame) 97% CCS,Advanced,2046,6.528,2025
NaturalGas,1-on-1 Combined Cycle (H-Frame) 97% CCS,Advanced,2047,6.528,2024
NaturalGas,1-on-1 Combined Cycle (H-Frame) 97% CCS,Advanced,2047,6.528,2025
NaturalGas,1-on-1 Combined Cycle (H-Frame) 97% CCS,Advanced,2048,6.528,2024
NaturalGas,1-on-1 Combined Cycle (H-Frame) 97% CCS,Advanced,2048,6.528,2025
NaturalGas,1-on-1 Combined Cycle (H-Frame) 97% CCS,Advanced,2049,6.528,2024
NaturalGas,1-on-1 Combined Cycle (H-Frame) 97% CCS,Advanced,2049,6.528,2025
NaturalGas,1-on-1 Combined Cycle (H-Frame) 97% CCS,Advanced,2050,6.528,2024
NaturalGas,1-on-1 Combined Cycle (H-Frame) 97% CCS,Advanced,2050,6.528,2025
NaturalGas,1-on-1 Combined Cycle (H-Frame) 97% CCS,Advanced,2051,6.528,2025
NaturalGas,1-on-1 Combined Cycle (H-Frame) 97% CCS,Advanced,2052,6.528,2025
NaturalGas,1-on-1 Combined Cycle (H-Frame) 97% CCS,Advanced,2053,6.528,2025
NaturalGas,1-on-1 Combined Cycle (H-Frame) 97% CCS,Advanced,2054,6.528,2025
NaturalGas,1-on-1 Combined Cycle (H-Frame) 97% CCS,Advanced,2055,6.528,2025
NaturalGas,1-on-1 Combined Cycle (H-Frame) 97% CCS,Advanced,2056,6.528,2025
NaturalGas,1-on-1 Combined Cycle (H-Frame) 97% CCS,Advanced,2057,6.528,2025
NaturalGas,1-on-1 Combined Cycle (H-Frame) 97% CCS,Advanced,2058,6.528,2025
NaturalGas,1-on-1 Combined Cycle (H-Frame) 97% CCS,Advanced,2059,6.528,2025
NaturalGas,1-on-1 Combined Cycle (H-Frame) 97% CCS,Advanced,2060,6.528,2025
NaturalGas,1-on-1 Combined Cycle (H-Frame) 97% CCS,Conservative,2022,6.884,2024
NaturalGas,1-on-1 Combined Cycle (H-Frame) 97% CCS,Conservative,2023,6.884,2024
NaturalGas,1-on-1 Combined Cycle (H-Frame) 97% CCS,Conservative,2023,6.884,2025
NaturalGas,1-on-1 Combined Cycle (H-Frame) 97% CCS,Conservative,2024,6.884,2024
NaturalGas,1-on-1 Combined Cycle (H-Frame) 97% CCS,Conservative,2024,6.884,2025
NaturalGas,1-on-1 Combined Cycle (H-Frame) 97% CCS,Conservative,2025,6.884,2024
NaturalGas,1-on-1 Combined Cycle (H-Frame) 97% CCS,Conservative,2025,6.884,2025
NaturalGas,1-on-1 Combined Cycle (H-Frame) 97% CCS,Conservative,2026,6.884,2024
NaturalGas,1-on-1 Combined Cycle (H-Frame) 97% CCS,Conservative,2026,6.884,2025
NaturalGas,1-on-1 Combined Cycle (H-Frame) 97% CCS,Conservative,2027,6.884,2024
NaturalGas,1-on-1 Combined Cycle (H-Frame) 97% CCS,Conservative,2027,6.884,2025
NaturalGas,1-on-1 Combined Cycle (H-Frame) 97% CCS,Conservative,2028,6.884,2024
NaturalGas,1-on-1 Combined Cycle (H-Frame) 97% CCS,Conservative,2028,6.884,2025
NaturalGas,1-on-1 Combined Cycle (H-Frame) 97% CCS,Conservative,2029,6.884,2024
NaturalGas,1-on-1 Combined Cycle (H-Frame) 97% CCS,Conservative,2029,6.884,2025
NaturalGas,1-on-1 Combined Cycle (H-Frame) 97% CCS,Conservative,2030,6.884,2024
NaturalGas,1-on-1 Combined Cycle (H-Frame) 97% CCS,Conservative,2030,6.884,2025
NaturalGas,1-on-1 Combined Cycle (H-Frame) 97% CCS,Conservative,2031,6.884,2024
NaturalGas,1-on-1 Combined Cycle (H-Frame) 97% CCS,Conservative,2031,6.884,2025
NaturalGas,1-on-1 Combined Cycle (H-Frame) 97% CCS,Conservative,2032,6.884,2024
NaturalGas,1-on-1 Combined Cycle (H-Frame) 97% CCS,Conservative,2032,6.884,2025
NaturalGas,1-on-1 Combined Cycle (H-Frame) 97% CCS,Conservative,2033,6.884,2024
NaturalGas,1-on-1 Combined Cycle (H-Frame) 97% CCS,Conservative,2033,6.884,2025
NaturalGas,1-on-1 Combined Cycle (H-Frame) 97% CCS,Conservative,2034,6.884,2024
NaturalGas,1-on-1 Combined Cycle (H-Frame) 97% CCS,Conservative,2034,6.884,2025
NaturalGas,1-on-1 Combined Cycle (H-Frame) 97% CCS,Conservative,2035,6.884,2024
NaturalGas,1-on-1 Combined Cycle (H-Frame) 97% CCS,Conservative,2035,6.884,2025
NaturalGas,1-on-1 Combined Cycle (H-Frame) 97% CCS,Conservative,2036,6.884,2024
NaturalGas,1-on-1 Combined Cycle (H-Frame) 97% CCS,Conservative,2036,6.884,2025
NaturalGas,1-on-1 Combined Cycle (H-Frame) 97% CCS,Conservative,2037,6.884,2024
NaturalGas,1-on-1 Combined Cycle (H-Frame) 97% CCS,Conservative,2037,6.884,2025
NaturalGas,1-on-1 Combined Cycle (H-Frame) 97% CCS,Conservative,2038,6.884,2024
NaturalGas,1-on-1 Combined Cycle (H-Frame) 97% CCS,Conservative,2038,6.884,2025
NaturalGas,1-on-1 Combined Cycle (H-Frame) 97% CCS,Conservative,2039,6.884,2024
NaturalGas,1-on-1 Combined Cycle (H-Frame) 97% CCS,Conservative,2039,6.884,2025
NaturalGas,1-on-1 Combined Cycle (H-Frame) 97% CCS,Conservative,2040,6.884,2024
NaturalGas,1-on-1 Combined Cycle (H-Frame) 97% CCS,Conservative,2040,6.884,2025
NaturalGas,1-on-1 Combined Cycle (H-Frame) 97% CCS,Conservative,2041,6.884,2024
NaturalGas,1-on-1 Combined Cycle (H-Frame) 97% CCS,Conservative,2041,6.884,2025
NaturalGas,1-on-1 Combined Cycle (H-Frame) 97% CCS,Conservative,2042,6.884,2024
NaturalGas,1-on-1 Combined Cycle (H-Frame) 97% CCS,Conservative,2042,6.884,2025
NaturalGas,1-on-1 Combined Cycle (H-Frame) 97% CCS,Conservative,2043,6.884,2024
NaturalGas,1-on-1 Combined Cycle (H-Frame) 97% CCS,Conservative,2043,6.884,2025
NaturalGas,1-on-1 Combined Cycle (H-Frame) 97% CCS,Conservative,2044,6.884,2024
NaturalGas,1-on-1 Combined Cycle (H-Frame) 97% CCS,Conservative,2044,6.884,2025
NaturalGas,1-on-1 Combined Cycle (H-Frame) 97% CCS,Conservative,2045,6.884,2024
NaturalGas,1-on-1 Combined Cycle (H-Frame) 97% CCS,Conservative,2045,6.884,2025
NaturalGas,1-on-1 Combined Cycle (H-Frame) 97% CCS,Conservative,2046,6.884,2024
NaturalGas,1-on-1 Combined Cycle (H-Frame) 97% CCS,Conservative,2046,6.884,2025
NaturalGas,1-on-1 Combined Cycle (H-Frame) 97% CCS,Conservative,2047,6.884,2024
NaturalGas,1-on-1 Combined Cycle (H-Frame) 97% CCS,Conservative,2047,6.884,2025
NaturalGas,1-on-1 Combined Cycle (H-Frame) 97% CCS,Conservative,2048,6.884,2024
NaturalGas,1-on-1 Combined Cycle (H-Frame) 97% CCS,Conservative,2048,6.884,2025
NaturalGas,1-on-1 Combined Cycle (H-Frame) 97% CCS,Conservative,2049,6.884,2024
NaturalGas,1-on-1 Combined Cycle (H-Frame) 97% CCS,Conservative,2049,6.884,2025
NaturalGas,1-on-1 Combined Cycle (H-Frame) 97% CCS,Conservative,2050,6.884,2024
NaturalGas,1-on-1 Combined Cycle (H-Frame) 97% CCS,Conservative,2050,6.884,2025
NaturalGas,1-on-1 Combined Cycle (H-Frame) 97% CCS,Conservative,2051,6.884,2025
NaturalGas,1-on-1 Combined Cycle (H-Frame) 97% CCS,Conservative,2052,6.884,2025
NaturalGas,1-on-1 Combined Cycle (H-Frame) 97% CCS,Conservative,2053,6.884,2025
NaturalGas,1-on-1 Combined Cycle (H-Frame) 97% CCS,Conservative,2054,6.884,2025
NaturalGas,1-on-1 Combined Cycle (H-Frame) 97% CCS,Conservative,2055,6.884,2025
NaturalGas,1-on-1 Combined Cycle (H-Frame) 97% CCS,Conservative,2056,6.884,2025
NaturalGas,1-on-1 Combined Cycle (H-Frame) 97% CCS,Conservative,2057,6.884,2025
NaturalGas,1-on-1 Combined Cycle (H-Frame) 97% CCS,Conservative,2058,6.884,2025
NaturalGas,1-on-1 Combined Cycle (H-Frame) 97% CCS,Conservative,2059,6.884,2025
NaturalGas,1-on-1 Combined Cycle (H-Frame) 97% CCS,Conservative,2060,6.884,2025
NaturalGas,1-on-1 Combined Cycle (H-Frame) 97% CCS,Moderate,2022,6.884,2024
NaturalGas,1-on-1 Combined Cycle (H-Frame) 97% CCS,Moderate,2023,6.87,2024
NaturalGas,1-on-1 Combined Cycle (H-Frame) 97% CCS,Moderate,2023,6.884,2025
NaturalGas,1-on-1 Combined Cycle (H-Frame) 97% CCS,Moderate,2024,6.856,2024
NaturalGas,1-on-1 Combined Cycle (H-Frame) 97% CCS,Moderate,2024,6.869,2025
NaturalGas,1-on-1 Combined Cycle (H-Frame) 97% CCS,Moderate,2025,6.843,2024
NaturalGas,1-on-1 Combined Cycle (H-Frame) 97% CCS,Moderate,2025,6.854,2025
NaturalGas,1-on-1 Combined Cycle (H-Frame) 97% CCS,Moderate,2026,6.829,2024
NaturalGas,1-on-1 Combined Cycle (H-Frame) 97% CCS,Moderate,2026,6.839,2025
NaturalGas,1-on-1 Combined Cycle (H-Frame) 97% CCS,Moderate,2027,6.815,2024
NaturalGas,1-on-1 Combined Cycle (H-Frame) 97% CCS,Moderate,2027,6.824,2025
NaturalGas,1-on-1 Combined Cycle (H-Frame) 97% CCS,Moderate,2028,6.802,2024
NaturalGas,1-on-1 Combined Cycle (H-Frame) 97% CCS,Moderate,2028,6.809,2025
NaturalGas,1-on-1 Combined Cycle (H-Frame) 97% CCS,Moderate,2029,6.788,2024
NaturalGas,1-on-1 Combined Cycle (H-Frame) 97% CCS,Moderate,2029,6.795,2025
NaturalGas,1-on-1 Combined Cycle (H-Frame) 97% CCS,Moderate,2030,6.774,2024
NaturalGas,1-on-1 Combined Cycle (H-Frame) 97% CCS,Moderate,2030,6.78,2025
NaturalGas,1-on-1 Combined Cycle (H-Frame) 97% CCS,Moderate,2031,6.76,2024
NaturalGas,1-on-1 Combined Cycle (H-Frame) 97% CCS,Moderate,2031,6.765,2025
NaturalGas,1-on-1 Combined Cycle (H-Frame) 97% CCS,Moderate,2032,6.747,2024
NaturalGas,1-on-1 Combined Cycle (H-Frame) 97% CCS,Moderate,2032,6.75,2025
NaturalGas,1-on-1 Combined Cycle (H-Frame) 97% CCS,Moderate,2033,6.733,2024
NaturalGas,1-on-1 Combined Cycle (H-Frame) 97% CCS,Moderate,2033,6.735,2025
NaturalGas,1-on-1 Combined Cycle (H-Frame) 97% CCS,Moderate,2034,6.719,2024
NaturalGas,1-on-1 Combined Cycle (H-Frame) 97% CCS,Moderate,2034,6.721,2025
NaturalGas,1-on-1 Combined Cycle (H-Frame) 97% CCS,Moderate,2035,6.706,2024
NaturalGas,1-on-1 Combined Cycle (H-Frame) 97% CCS,Moderate,2035,6.706,2025
NaturalGas,1-on-1 Combined Cycle (H-Frame) 97% CCS,Moderate,2036,6.706,2024
NaturalGas,1-on-1 Combined Cycle (H-Frame) 97% CCS,Moderate,2036,6.706,2025
NaturalGas,1-on-1 Combined Cycle (H-Frame) 97% CCS,Moderate,2037,6.706,2024
NaturalGas,1-on-1 Combined Cycle (H-Frame) 97% CCS,Moderate,2037,6.706,2025
NaturalGas,1-on-1 Combined Cycle (H-Frame) 97% CCS,Moderate,2038,6.706,2024
NaturalGas,1-on-1 Combined Cycle (H-Frame) 97% CCS,Moderate,2038,6.706,2025
NaturalGas,1-on-1 Combined Cycle (H-Frame) 97% CCS,Moderate,2039,6.706,2024
NaturalGas,1-on-1 Combined Cycle (H-Frame) 97% CCS,Moderate,2039,6.706,2025
NaturalGas,1-on-1 Combined Cycle (H-Frame) 97% CCS,Moderate,2040,6.706,2024
NaturalGas,1-on-1 Combined Cycle (H-Frame) 97% CCS,Moderate,2040,6.706,2025
NaturalGas,1-on-1 Combined Cycle (H-Frame) 97% CCS,Moderate,2041,6.706,2024
NaturalGas,1-on-1 Combined Cycle (H-Frame) 97% CCS,Moderate,2041,6.706,2025
NaturalGas,1-on-1 Combined Cycle (H-Frame) 97% CCS,Moderate,2042,6.706,2024
NaturalGas,1-on-1 Combined Cycle (H-Frame) 97% CCS,Moderate,2042,6.706,2025
NaturalGas,1-on-1 Combined Cycle (H-Frame) 97% CCS,Moderate,2043,6.706,2024
NaturalGas,1-on-1 Combined Cycle (H-Frame) 97% CCS,Moderate,2043,6.706,2025
NaturalGas,1-on-1 Combined Cycle (H-Frame) 97% CCS,Moderate,2044,6.706,2024
NaturalGas,1-on-1 Combined Cycle (H-Frame) 97% CCS,Moderate,2044,6.706,2025
NaturalGas,1-on-1 Combined Cycle (H-Frame) 97% CCS,Moderate,2045,6.706,2024
NaturalGas,1-on-1 Combined Cycle (H-Frame) 97% CCS,Moderate,2045,6.706,2025
NaturalGas,1-on-1 Combined Cycle (H-Frame) 97% CCS,Moderate,2046,6.706,2024
NaturalGas,1-on-1 Combined Cycle (H-Frame) 97% CCS,Moderate,2046,6.706,2025
NaturalGas,1-on-1 Combined Cycle (H-Frame) 97% CCS,Moderate,2047,6.706,2024
NaturalGas,1-on-1 Combined Cycle (H-Frame) 97% CCS,Moderate,2047,6.706,2025
NaturalGas,1-on-1 Combined Cycle (H-Frame) 97% CCS,Moderate,2048,6.706,2024
NaturalGas,1-on-1 Combined Cycle (H-Frame) 97% CCS,Moderate,2048,6.706,2025
NaturalGas,1-on-1 Combined Cycle (H-Frame) 97% CCS,Moderate,2049,6.706,2024
NaturalGas,1-on-1 Combined Cycle (H-Frame) 97% CCS,Moderate,2049,6.706,2025
NaturalGas,1-on-1 Combined Cycle (H-Frame) 97% CCS,Moderate,2050,6.706,2024
NaturalGas,1-on-1 Combined Cycle (H-Frame) 97% CCS,Moderate,2050,6.706,2025
NaturalGas,1-on-1 Combined Cycle (H-Frame) 97% CCS,Moderate,2051,6.706,2025
NaturalGas,1-on-1 Combined Cycle (H-Frame) 97% CCS,Moderate,2052,6.706,2025
NaturalGas,1-on-1 Combined Cycle (H-Frame) 97% CCS,Moderate,2053,6.706,2025
NaturalGas,1-on-1 Combined Cycle (H-Frame) 97% CCS,Moderate,2054,6.706,2025
NaturalGas,1-on-1 Combined Cycle (H-Frame) 97% CCS,Moderate,2055,6.706,2025
NaturalGas,1-on-1 Combined Cycle (H-Frame) 97% CCS,Moderate,2056,6.706,2025
NaturalGas,1-on-1 Combined Cycle (H-Frame) 97% CCS,Moderate,2057,6.706,2025
NaturalGas,1-on-1 Combined Cycle (H-Frame) 97% CCS,Moderate,2058,6.706,2025
NaturalGas,1-on-1 Combined Cycle (H-Frame) 97% CCS,Moderate,2059,6.706,2025
NaturalGas,1-on-1 Combined Cycle (H-Frame) 97% CCS,Moderate,2060,6.706,2025
NaturalGas,2-on-1 Combined Cycle (F-Frame),Advanced,2022,6.363,2024
NaturalGas,2-on-1 Combined Cycle (F-Frame),Advanced,2023,6.332,2024
NaturalGas,2-on-1 Combined Cycle (F-Frame),Advanced,2023,6.385,2025
NaturalGas,2-on-1 Combined Cycle (F-Frame),Advanced,2024,6.3,2024
NaturalGas,2-on-1 Combined Cycle (F-Frame),Advanced,2024,6.349,2025
NaturalGas,2-on-1 Combined Cycle (F-Frame),Advanced,2025,6.269,2024
NaturalGas,2-on-1 Combined Cycle (F-Frame),Advanced,2025,6.313,2025
NaturalGas,2-on-1 Combined Cycle (F-Frame),Advanced,2026,6.238,2024
NaturalGas,2-on-1 Combined Cycle (F-Frame),Advanced,2026,6.277,2025
NaturalGas,2-on-1 Combined Cycle (F-Frame),Advanced,2027,6.206,2024
NaturalGas,2-on-1 Combined Cycle (F-Frame),Advanced,2027,6.241,2025
NaturalGas,2-on-1 Combined Cycle (F-Frame),Advanced,2028,6.175,2024
NaturalGas,2-on-1 Combined Cycle (F-Frame),Advanced,2028,6.206,2025
NaturalGas,2-on-1 Combined Cycle (F-Frame),Advanced,2029,6.143,2024
NaturalGas,2-on-1 Combined Cycle (F-Frame),Advanced,2029,6.17,2025
NaturalGas,2-on-1 Combined Cycle (F-Frame),Advanced,2030,6.112,2024
NaturalGas,2-on-1 Combined Cycle (F-Frame),Advanced,2030,6.134,2025
NaturalGas,2-on-1 Combined Cycle (F-Frame),Advanced,2031,6.081,2024
NaturalGas,2-on-1 Combined Cycle (F-Frame),Advanced,2031,6.098,2025
NaturalGas,2-on-1 Combined Cycle (F-Frame),Advanced,2032,6.049,2024
NaturalGas,2-on-1 Combined Cycle (F-Frame),Advanced,2032,6.062,2025
NaturalGas,2-on-1 Combined Cycle (F-Frame),Advanced,2033,6.018,2024
NaturalGas,2-on-1 Combined Cycle (F-Frame),Advanced,2033,6.027,2025
NaturalGas,2-on-1 Combined Cycle (F-Frame),Advanced,2034,5.986,2024
NaturalGas,2-on-1 Combined Cycle (F-Frame),Advanced,2034,5.991,2025
NaturalGas,2-on-1 Combined Cycle (F-Frame),Advanced,2035,5.955,2024
NaturalGas,2-on-1 Combined Cycle (F-Frame),Advanced,2035,5.955,2025
NaturalGas,2-on-1 Combined Cycle (F-Frame),Advanced,2036,5.955,2024
NaturalGas,2-on-1 Combined Cycle (F-Frame),Advanced,2036,5.955,2025
NaturalGas,2-on-1 Combined Cycle (F-Frame),Advanced,2037,5.955,2024
NaturalGas,2-on-1 Combined Cycle (F-Frame),Advanced,2037,5.955,2025
NaturalGas,2-on-1 Combined Cycle (F-Frame),Advanced,2038,5.955,2024
NaturalGas,2-on-1 Combined Cycle (F-Frame),Advanced,2038,5.955,2025
NaturalGas,2-on-1 Combined Cycle (F-Frame),Advanced,2039,5.955,2024
NaturalGas,2-on-1 Combined Cycle (F-Frame),Advanced,2039,5.955,2025
NaturalGas,2-on-1 Combined Cycle (F-Frame),Advanced,2040,5.955,2024
NaturalGas,2-on-1 Combined Cycle (F-Frame),Advanced,2040,5.955,2025
NaturalGas,2-on-1 Combined Cycle (F-Frame),Advanced,2041,5.955,2024
NaturalGas,2-on-1 Combined Cycle (F-Frame),Advanced,2041,5.955,2025
NaturalGas,2-on-1 Combined Cycle (F-Frame),Advanced,2042,5.955,2024
NaturalGas,2-on-1 Combined Cycle (F-Frame),Advanced,2042,5.955,2025
NaturalGas,2-on-1 Combined Cycle (F-Frame),Advanced,2043,5.955,2024
NaturalGas,2-on-1 Combined Cycle (F-Frame),Advanced,2043,5.955,2025
NaturalGas,2-on-1 Combined Cycle (F-Frame),Advanced,2044,5.955,2024
NaturalGas,2-on-1 Combined Cycle (F-Frame),Advanced,2044,5.955,2025
NaturalGas,2-on-1 Combined Cycle (F-Frame),Advanced,2045,5.955,2024
NaturalGas,2-on-1 Combined Cycle (F-Frame),Advanced,2045,5.955,2025
NaturalGas,2-on-1 Combined Cycle (F-Frame),Advanced,2046,5.955,2024
NaturalGas,2-on-1 Combined Cycle (F-Frame),Advanced,2046,5.955,2025
NaturalGas,2-on-1 Combined Cycle (F-Frame),Advanced,2047,5.955,2024
NaturalGas,2-on-1 Combined Cycle (F-Frame),Advanced,2047,5.955,2025
NaturalGas,2-on-1 Combined Cycle (F-Frame),Advanced,2048,5.955,2024
NaturalGas,2-on-1 Combined Cycle (F-Frame),Advanced,2048,5.955,2025
NaturalGas,2-on-1 Combined Cycle (F-Frame),Advanced,2049,5.955,2024
NaturalGas,2-on-1 Combined Cycle (F-Frame),Advanced,2049,5.955,2025
NaturalGas,2-on-1 Combined Cycle (F-Frame),Advanced,2050,5.955,2024
NaturalGas,2-on-1 Combined Cycle (F-Frame),Advanced,2050,5.955,2025
NaturalGas,2-on-1 Combined Cycle (F-Frame),Advanced,2051,5.955,2025
NaturalGas,2-on-1 Combined Cycle (F-Frame),Advanced,2052,5.955,2025
NaturalGas,2-on-1 Combined Cycle (F-Frame),Advanced,2053,5.955,2025
NaturalGas,2-on-1 Combined Cycle (F-Frame),Advanced,2054,5.955,2025
NaturalGas,2-on-1 Combined Cycle (F-Frame),Advanced,2055,5.955,2025
NaturalGas,2-on-1 Combined Cycle (F-Frame),Advanced,2056,5.955,2025
NaturalGas,2-on-1 Combined Cycle (F-Frame),Advanced,2057,5.955,2025
NaturalGas,2-on-1 Combined Cycle (F-Frame),Advanced,2058,5.955,2025
NaturalGas,2-on-1 Combined Cycle (F-Frame),Advanced,2059,5.955,2025
NaturalGas,2-on-1 Combined Cycle (F-Frame),Advanced,2060,5.955,2025
NaturalGas,2-on-1 Combined Cycle (F-Frame),Conservative,2022,6.363,2024
NaturalGas,2-on-1 Combined Cycle (F-Frame),Conservative,2023,6.363,2024
NaturalGas,2-on-1 Combined Cycle (F-Frame),Conservative,2023,6.385,2025
NaturalGas,2-on-1 Combined Cycle (F-Frame),Conservative,2024,6.363,2024
NaturalGas,2-on-1 Combined Cycle (F-Frame),Conservative,2024,6.385,2025
NaturalGas,2-on-1 Combined Cycle (F-Frame),Conservative,2025,6.363,2024
NaturalGas,2-on-1 Combined Cycle (F-Frame),Conservative,2025,6.385,2025
NaturalGas,2-on-1 Combined Cycle (F-Frame),Conservative,2026,6.363,2024
NaturalGas,2-on-1 Combined Cycle (F-Frame),Conservative,2026,6.385,2025
NaturalGas,2-on-1 Combined Cycle (F-Frame),Conservative,2027,6.363,2024
NaturalGas,2-on-1 Combined Cycle (F-Frame),Conservative,2027,6.385,2025
NaturalGas,2-on-1 Combined Cycle (F-Frame),Conservative,2028,6.363,2024
NaturalGas,2-on-1 Combined Cycle (F-Frame),Conservative,2028,6.385,2025
NaturalGas,2-on-1 Combined Cycle (F-Frame),Conservative,2029,6.363,2024
NaturalGas,2-on-1 Combined Cycle (F-Frame),Conservative,2029,6.385,2025
NaturalGas,2-on-1 Combined Cycle (F-Frame),Conservative,2030,6.363,2024
NaturalGas,2-on-1 Combined Cycle (F-Frame),Conservative,2030,6.385,2025
NaturalGas,2-on-1 Combined Cycle (F-Frame),Conservative,2031,6.363,2024
NaturalGas,2-on-1 Combined Cycle (F-Frame),Conservative,2031,6.385,2025
NaturalGas,2-on-1 Combined Cycle (F-Frame),Conservative,2032,6.363,2024
NaturalGas,2-on-1 Combined Cycle (F-Frame),Conservative,2032,6.385,2025
NaturalGas,2-on-1 Combined Cycle (F-Frame),Conservative,2033,6.363,2024
NaturalGas,2-on-1 Combined Cycle (F-Frame),Conservative,2033,6.385,2025
NaturalGas,2-on-1 Combined Cycle (F-Frame),Conservative,2034,6.363,2024
NaturalGas,2-on-1 Combined Cycle (F-Frame),Conservative,2034,6.385,2025
NaturalGas,2-on-1 Combined Cycle (F-Frame),Conservative,2035,6.363,2024
NaturalGas,2-on-1 Combined Cycle (F-Frame),Conservative,2035,6.385,2025
NaturalGas,2-on-1 Combined Cycle (F-Frame),Conservative,2036,6.363,2024
NaturalGas,2-on-1 Combined Cycle (F-Frame),Conservative,2036,6.385,2025
NaturalGas,2-on-1 Combined Cycle (F-Frame),Conservative,2037,6.363,2024
NaturalGas,2-on-1 Combined Cycle (F-Frame),Conservative,2037,6.385,2025
NaturalGas,2-on-1 Combined Cycle (F-Frame),Conservative,2038,6.363,2024
NaturalGas,2-on-1 Combined Cycle (F-Frame),Conservative,2038,6.385,2025
NaturalGas,2-on-1 Combined Cycle (F-Frame),Conservative,2039,6.363,2024
NaturalGas,2-on-1 Combined Cycle (F-Frame),Conservative,2039,6.385,2025
NaturalGas,2-on-1 Combined Cycle (F-Frame),Conservative,2040,6.363,2024
NaturalGas,2-on-1 Combined Cycle (F-Frame),Conservative,2040,6.385,2025
NaturalGas,2-on-1 Combined Cycle (F-Frame),Conservative,2041,6.363,2024
NaturalGas,2-on-1 Combined Cycle (F-Frame),Conservative,2041,6.385,2025
NaturalGas,2-on-1 Combined Cycle (F-Frame),Conservative,2042,6.363,2024
NaturalGas,2-on-1 Combined Cycle (F-Frame),Conservative,2042,6.385,2025
NaturalGas,2-on-1 Combined Cycle (F-Frame),Conservative,2043,6.363,2024
NaturalGas,2-on-1 Combined Cycle (F-Frame),Conservative,2043,6.385,2025
NaturalGas,2-on-1 Combined Cycle (F-Frame),Conservative,2044,6.363,2024
NaturalGas,2-on-1 Combined Cycle (F-Frame),Conservative,2044,6.385,2025
NaturalGas,2-on-1 Combined Cycle (F-Frame),Conservative,2045,6.363,2024
NaturalGas,2-on-1 Combined Cycle (F-Frame),Conservative,2045,6.385,2025
NaturalGas,2-on-1 Combined Cycle (F-Frame),Conservative,2046,6.363,2024
NaturalGas,2-on-1 Combined Cycle (F-Frame),Conservative,2046,6.385,2025
NaturalGas,2-on-1 Combined Cycle (F-Frame),Conservative,2047,6.363,2024
NaturalGas,2-on-1 Combined Cycle (F-Frame),Conservative,2047,6.385,2025
NaturalGas,2-on-1 Combined Cycle (F-Frame),Conservative,2048,6.363,2024
NaturalGas,2-on-1 Combined Cycle (F-Frame),Conservative,2048,6.385,2025
NaturalGas,2-on-1 Combined Cycle (F-Frame),Conservative,2049,6.363,2024
NaturalGas,2-on-1 Combined Cycle (F-Frame),Conservative,2049,6.385,2025
NaturalGas,2-on-1 Combined Cycle (F-Frame),Conservative,2050,6.363,2024
NaturalGas,2-on-1 Combined Cycle (F-Frame),Conservative,2050,6.385,2025
NaturalGas,2-on-1 Combined Cycle (F-Frame),Conservative,2051,6.385,2025
NaturalGas,2-on-1 Combined Cycle (F-Frame),Conservative,2052,6.385,2025
NaturalGas,2-on-1 Combined Cycle (F-Frame),Conservative,2053,6.385,2025
NaturalGas,2-on-1 Combined Cycle (F-Frame),Conservative,2054,6.385,2025
NaturalGas,2-on-1 Combined Cycle (F-Frame),Conservative,2055,6.385,2025
NaturalGas,2-on-1 Combined Cycle (F-Frame),Conservative,2056,6.385,2025
NaturalGas,2-on-1 Combined Cycle (F-Frame),Conservative,2057,6.385,2025
NaturalGas,2-on-1 Combined Cycle (F-Frame),Conservative,2058,6.385,2025
NaturalGas,2-on-1 Combined Cycle (F-Frame),Conservative,2059,6.385,2025
NaturalGas,2-on-1 Combined Cycle (F-Frame),Conservative,2060,6.385,2025
NaturalGas,2-on-1 Combined Cycle (F-Frame),Moderate,2022,6.363,2024
NaturalGas,2-on-1 Combined Cycle (F-Frame),Moderate,2023,6.348,2024
NaturalGas,2-on-1 Combined Cycle (F-Frame),Moderate,2023,6.385,2025
NaturalGas,2-on-1 Combined Cycle (F-Frame),Moderate,2024,6.332,2024
NaturalGas,2-on-1 Combined Cycle (F-Frame),Moderate,2024,6.367,2025
NaturalGas,2-on-1 Combined Cycle (F-Frame),Moderate,2025,6.316,2024
NaturalGas,2-on-1 Combined Cycle (F-Frame),Moderate,2025,6.349,2025
NaturalGas,2-on-1 Combined Cycle (F-Frame),Moderate,2026,6.3,2024
NaturalGas,2-on-1 Combined Cycle (F-Frame),Moderate,2026,6.331,2025
NaturalGas,2-on-1 Combined Cycle (F-Frame),Moderate,2027,6.285,2024
NaturalGas,2-on-1 Combined Cycle (F-Frame),Moderate,2027,6.313,2025
NaturalGas,2-on-1 Combined Cycle (F-Frame),Moderate,2028,6.269,2024
NaturalGas,2-on-1 Combined Cycle (F-Frame),Moderate,2028,6.295,2025
NaturalGas,2-on-1 Combined Cycle (F-Frame),Moderate,2029,6.253,2024
NaturalGas,2-on-1 Combined Cycle (F-Frame),Moderate,2029,6.277,2025
NaturalGas,2-on-1 Combined Cycle (F-Frame),Moderate,2030,6.238,2024
NaturalGas,2-on-1 Combined Cycle (F-Frame),Moderate,2030,6.259,2025
NaturalGas,2-on-1 Combined Cycle (F-Frame),Moderate,2031,6.222,2024
NaturalGas,2-on-1 Combined Cycle (F-Frame),Moderate,2031,6.241,2025
NaturalGas,2-on-1 Combined Cycle (F-Frame),Moderate,2032,6.206,2024
NaturalGas,2-on-1 Combined Cycle (F-Frame),Moderate,2032,6.223,2025
NaturalGas,2-on-1 Combined Cycle (F-Frame),Moderate,2033,6.19,2024
NaturalGas,2-on-1 Combined Cycle (F-Frame),Moderate,2033,6.206,2025
NaturalGas,2-on-1 Combined Cycle (F-Frame),Moderate,2034,6.175,2024
NaturalGas,2-on-1 Combined Cycle (F-Frame),Moderate,2034,6.188,2025
NaturalGas,2-on-1 Combined Cycle (F-Frame),Moderate,2035,6.159,2024
NaturalGas,2-on-1 Combined Cycle (F-Frame),Moderate,2035,6.17,2025
NaturalGas,2-on-1 Combined Cycle (F-Frame),Moderate,2036,6.159,2024
NaturalGas,2-on-1 Combined Cycle (F-Frame),Moderate,2036,6.17,2025
NaturalGas,2-on-1 Combined Cycle (F-Frame),Moderate,2037,6.159,2024
NaturalGas,2-on-1 Combined Cycle (F-Frame),Moderate,2037,6.17,2025
NaturalGas,2-on-1 Combined Cycle (F-Frame),Moderate,2038,6.159,2024
NaturalGas,2-on-1 Combined Cycle (F-Frame),Moderate,2038,6.17,2025
NaturalGas,2-on-1 Combined Cycle (F-Frame),Moderate,2039,6.159,2024
NaturalGas,2-on-1 Combined Cycle (F-Frame),Moderate,2039,6.17,2025
NaturalGas,2-on-1 Combined Cycle (F-Frame),Moderate,2040,6.159,2024
NaturalGas,2-on-1 Combined Cycle (F-Frame),Moderate,2040,6.17,2025
NaturalGas,2-on-1 Combined Cycle (F-Frame),Moderate,2041,6.159,2024
NaturalGas,2-on-1 Combined Cycle (F-Frame),Moderate,2041,6.17,2025
NaturalGas,2-on-1 Combined Cycle (F-Frame),Moderate,2042,6.159,2024
NaturalGas,2-on-1 Combined Cycle (F-Frame),Moderate,2042,6.17,2025
NaturalGas,2-on-1 Combined Cycle (F-Frame),Moderate,2043,6.159,2024
NaturalGas,2-on-1 Combined Cycle (F-Frame),Moderate,2043,6.17,2025
NaturalGas,2-on-1 Combined Cycle (F-Frame),Moderate,2044,6.159,2024
NaturalGas,2-on-1 Combined Cycle (F-Frame),Moderate,2044,6.17,2025
NaturalGas,2-on-1 Combined Cycle (F-Frame),Moderate,2045,6.159,2024
NaturalGas,2-on-1 Combined Cycle (F-Frame),Moderate,2045,6.17,2025
NaturalGas,2-on-1 Combined Cycle (F-Frame),Moderate,2046,6.159,2024
NaturalGas,2-on-1 Combined Cycle (F-Frame),Moderate,2046,6.17,2025
NaturalGas,2-on-1 Combined Cycle (F-Frame),Moderate,2047,6.159,2024
NaturalGas,2-on-1 Combined Cycle (F-Frame),Moderate,2047,6.17,2025
NaturalGas,2-on-1 Combined Cycle (F-Frame),Moderate,2048,6.159,2024
NaturalGas,2-on-1 Combined Cycle (F-Frame),Moderate,2048,6.17,2025
NaturalGas,2-on-1 Combined Cycle (F-Frame),Moderate,2049,6.159,2024
NaturalGas,2-on-1 Combined Cycle (F-Frame),Moderate,2049,6.17,2025
NaturalGas,2-on-1 Combined Cycle (F-Frame),Moderate,2050,6.159,2024
NaturalGas,2-on-1 Combined Cycle (F-Frame),Moderate,2050,6.17,2025
NaturalGas,2-on-1 Combined Cycle (F-Frame),Moderate,2051,6.17,2025
NaturalGas,2-on-1 Combined Cycle (F-Frame),Moderate,2052,6.17,2025
NaturalGas,2-on-1 Combined Cycle (F-Frame),Moderate,2053,6.17,2025
NaturalGas,2-on-1 Combined Cycle (F-Frame),Moderate,2054,6.17,2025
NaturalGas,2-on-1 Combined Cycle (F-Frame),Moderate,2055,6.17,2025
NaturalGas,2-on-1 Combined Cycle (F-Frame),Moderate,2056,6.17,2025
NaturalGas,2-on-1 Combined Cycle (F-Frame),Moderate,2057,6.17,2025
NaturalGas,2-on-1 Combined Cycle (F-Frame),Moderate,2058,6.17,2025
NaturalGas,2-on-1 Combined Cycle (F-Frame),Moderate,2059,6.17,2025
NaturalGas,2-on-1 Combined Cycle (F-Frame),Moderate,2060,6.17,2025
NaturalGas,2-on-1 Combined Cycle (F-Frame) 95% CCS,Advanced,2022,7.22,2024
NaturalGas,2-on-1 Combined Cycle (F-Frame) 95% CCS,Advanced,2023,7.162,2024
NaturalGas,2-on-1 Combined Cycle (F-Frame) 95% CCS,Advanced,2023,7.236,2025
NaturalGas,2-on-1 Combined Cycle (F-Frame) 95% CCS,Advanced,2024,7.105,2024
NaturalGas,2-on-1 Combined Cycle (F-Frame) 95% CCS,Advanced,2024,7.172,2025
NaturalGas,2-on-1 Combined Cycle (F-Frame) 95% CCS,Advanced,2025,7.048,2024
NaturalGas,2-on-1 Combined Cycle (F-Frame) 95% CCS,Advanced,2025,7.109,2025
NaturalGas,2-on-1 Combined Cycle (F-Frame) 95% CCS,Advanced,2026,6.99,2024
NaturalGas,2-on-1 Combined Cycle (F-Frame) 95% CCS,Advanced,2026,7.045,2025
NaturalGas,2-on-1 Combined Cycle (F-Frame) 95% CCS,Advanced,2027,6.933,2024
NaturalGas,2-on-1 Combined Cycle (F-Frame) 95% CCS,Advanced,2027,6.982,2025
NaturalGas,2-on-1 Combined Cycle (F-Frame) 95% CCS,Advanced,2028,6.875,2024
NaturalGas,2-on-1 Combined Cycle (F-Frame) 95% CCS,Advanced,2028,6.918,2025
NaturalGas,2-on-1 Combined Cycle (F-Frame) 95% CCS,Advanced,2029,6.818,2024
NaturalGas,2-on-1 Combined Cycle (F-Frame) 95% CCS,Advanced,2029,6.855,2025
NaturalGas,2-on-1 Combined Cycle (F-Frame) 95% CCS,Advanced,2030,6.761,2024
NaturalGas,2-on-1 Combined Cycle (F-Frame) 95% CCS,Advanced,2030,6.791,2025
NaturalGas,2-on-1 Combined Cycle (F-Frame) 95% CCS,Advanced,2031,6.703,2024
NaturalGas,2-on-1 Combined Cycle (F-Frame) 95% CCS,Advanced,2031,6.728,2025
NaturalGas,2-on-1 Combined Cycle (F-Frame) 95% CCS,Advanced,2032,6.646,2024
NaturalGas,2-on-1 Combined Cycle (F-Frame) 95% CCS,Advanced,2032,6.664,2025
NaturalGas,2-on-1 Combined Cycle (F-Frame) 95% CCS,Advanced,2033,6.589,2024
NaturalGas,2-on-1 Combined Cycle (F-Frame) 95% CCS,Advanced,2033,6.601,2025
NaturalGas,2-on-1 Combined Cycle (F-Frame) 95% CCS,Advanced,2034,6.531,2024
NaturalGas,2-on-1 Combined Cycle (F-Frame) 95% CCS,Advanced,2034,6.537,2025
NaturalGas,2-on-1 Combined Cycle (F-Frame) 95% CCS,Advanced,2035,6.474,2024
NaturalGas,2-on-1 Combined Cycle (F-Frame) 95% CCS,Advanced,2035,6.474,2025
NaturalGas,2-on-1 Combined Cycle (F-Frame) 95% CCS,Advanced,2036,6.474,2024
NaturalGas,2-on-1 Combined Cycle (F-Frame) 95% CCS,Advanced,2036,6.474,2025
NaturalGas,2-on-1 Combined Cycle (F-Frame) 95% CCS,Advanced,2037,6.474,2024
NaturalGas,2-on-1 Combined Cycle (F-Frame) 95% CCS,Advanced,2037,6.474,2025
NaturalGas,2-on-1 Combined Cycle (F-Frame) 95% CCS,Advanced,2038,6.474,2024
NaturalGas,2-on-1 Combined Cycle (F-Frame) 95% CCS,Advanced,2038,6.474,2025
NaturalGas,2-on-1 Combined Cycle (F-Frame) 95% CCS,Advanced,2039,6.474,2024
NaturalGas,2-on-1 Combined Cycle (F-Frame) 95% CCS,Advanced,2039,6.474,2025
NaturalGas,2-on-1 Combined Cycle (F-Frame) 95% CCS,Advanced,2040,6.474,2024
NaturalGas,2-on-1 Combined Cycle (F-Frame) 95% CCS,Advanced,2040,6.474,2025
NaturalGas,2-on-1 Combined Cycle (F-Frame) 95% CCS,Advanced,2041,6.474,2024
NaturalGas,2-on-1 Combined Cycle (F-Frame) 95% CCS,Advanced,2041,6.474,2025
NaturalGas,2-on-1 Combined Cycle (F-Frame) 95% CCS,Advanced,2042,6.474,2024
NaturalGas,2-on-1 Combined Cycle (F-Frame) 95% CCS,Advanced,2042,6.474,2025
NaturalGas,2-on-1 Combined Cycle (F-Frame) 95% CCS,Advanced,2043,6.474,2024
NaturalGas,2-on-1 Combined Cycle (F-Frame) 95% CCS,Advanced,2043,6.474,2025
NaturalGas,2-on-1 Combined Cycle (F-Frame) 95% CCS,Advanced,2044,6.474,2024
NaturalGas,2-on-1 Combined Cycle (F-Frame) 95% CCS,Advanced,2044,6.474,2025
NaturalGas,2-on-1 Combined Cycle (F-Frame) 95% CCS,Advanced,2045,6.474,2024
NaturalGas,2-on-1 Combined Cycle (F-Frame) 95% CCS,Advanced,2045,6.474,2025
NaturalGas,2-on-1 Combined Cycle (F-Frame) 95% CCS,Advanced,2046,6.474,2024
NaturalGas,2-on-1 Combined Cycle (F-Frame) 95% CCS,Advanced,2046,6.474,2025
NaturalGas,2-on-1 Combined Cycle (F-Frame) 95% CCS,Advanced,2047,6.474,2024
NaturalGas,2-on-1 Combined Cycle (F-Frame) 95% CCS,Advanced,2047,6.474,2025
NaturalGas,2-on-1 Combined Cycle (F-Frame) 95% CCS,Advanced,2048,6.474,2024
NaturalGas,2-on-1 Combined Cycle (F-Frame) 95% CCS,Advanced,2048,6.474,2025
NaturalGas,2-on-1 Combined Cycle (F-Frame) 95% CCS,Advanced,2049,6.474,2024
NaturalGas,2-on-1 Combined Cycle (F-Frame) 95% CCS,Advanced,2049,6.474,2025
NaturalGas,2-on-1 Combined Cycle (F-Frame) 95% CCS,Advanced,2050,6.474,2024
NaturalGas,2-on-1 Combined Cycle (F-Frame) 95% CCS,Advanced,2050,6.474,2025
NaturalGas,2-on-1 Combined Cycle (F-Frame) 95% CCS,Advanced,2051,6.474,2025
NaturalGas,2-on-1 Combined Cycle (F-Frame) 95% CCS,Advanced,2052,6.474,2025
NaturalGas,2-on-1 Combined Cycle (F-Frame) 95% CCS,Advanced,2053,6.474,2025
NaturalGas,2-on-1 Combined Cycle (F-Frame) 95% CCS,Advanced,2054,6.474,2025
NaturalGas,2-on-1 Combined Cycle (F-Frame) 95% CCS,Advanced,2055,6.474,2025
NaturalGas,2-on-1 Combined Cycle (F-Frame) 95% CCS,Advanced,2056,6.474,2025
NaturalGas,2-on-1 Combined Cycle (F-Frame) 95% CCS,Advanced,2057,6.474,2025
NaturalGas,2-on-1 Combined Cycle (F-Frame) 95% CCS,Advanced,2058,6.474,2025
NaturalGas,2-on-1 Combined Cycle (F-Frame) 95% CCS,Advanced,2059,6.474,2025
NaturalGas,2-on-1 Combined Cycle (F-Frame) 95% CCS,Advanced,2060,6.474,2025
NaturalGas,2-on-1 Combined Cycle (F-Frame) 95% CCS,Conservative,2022,7.22,2024
NaturalGas,2-on-1 Combined Cycle (F-Frame) 95% CCS,Conservative,2023,7.22,2024
NaturalGas,2-on-1 Combined Cycle (F-Frame) 95% CCS,Conservative,2023,7.236,2025
NaturalGas,2-on-1 Combined Cycle (F-Frame) 95% CCS,Conservative,2024,7.22,2024
NaturalGas,2-on-1 Combined Cycle (F-Frame) 95% CCS,Conservative,2024,7.236,2025
NaturalGas,2-on-1 Combined Cycle (F-Frame) 95% CCS,Conservative,2025,7.22,2024
NaturalGas,2-on-1 Combined Cycle (F-Frame) 95% CCS,Conservative,2025,7.236,2025
NaturalGas,2-on-1 Combined Cycle (F-Frame) 95% CCS,Conservative,2026,7.22,2024
NaturalGas,2-on-1 Combined Cycle (F-Frame) 95% CCS,Conservative,2026,7.236,2025
NaturalGas,2-on-1 Combined Cycle (F-Frame) 95% CCS,Conservative,2027,7.22,2024
NaturalGas,2-on-1 Combined Cycle (F-Frame) 95% CCS,Conservative,2027,7.236,2025
NaturalGas,2-on-1 Combined Cycle (F-Frame) 95% CCS,Conservative,2028,7.22,2024
NaturalGas,2-on-1 Combined Cycle (F-Frame) 95% CCS,Conservative,2028,7.236,2025
NaturalGas,2-on-1 Combined Cycle (F-Frame) 95% CCS,Conservative,2029,7.22,2024
NaturalGas,2-on-1 Combined Cycle (F-Frame) 95% CCS,Conservative,2029,7.236,2025
NaturalGas,2-on-1 Combined Cycle (F-Frame) 95% CCS,Conservative,2030,7.22,2024
NaturalGas,2-on-1 Combined Cycle (F-Frame) 95% CCS,Conservative,2030,7.236,2025
NaturalGas,2-on-1 Combined Cycle (F-Frame) 95% CCS,Conservative,2031,7.22,2024
NaturalGas,2-on-1 Combined Cycle (F-Frame) 95% CCS,Conservative,2031,7.236,2025
NaturalGas,2-on-1 Combined Cycle (F-Frame) 95% CCS,Conservative,2032,7.22,2024
NaturalGas,2-on-1 Combined Cycle (F-Frame) 95% CCS,Conservative,2032,7.236,2025
NaturalGas,2-on-1 Combined Cycle (F-Frame) 95% CCS,Conservative,2033,7.22,2024
NaturalGas,2-on-1 Combined Cycle (F-Frame) 95% CCS,Conservative,2033,7.236,2025
NaturalGas,2-on-1 Combined Cycle (F-Frame) 95% CCS,Conservative,2034,7.22,2024
NaturalGas,2-on-1 Combined Cycle (F-Frame) 95% CCS,Conservative,2034,7.236,2025
NaturalGas,2-on-1 Combined Cycle (F-Frame) 95% CCS,Conservative,2035,7.22,2024
NaturalGas,2-on-1 Combined Cycle (F-Frame) 95% CCS,Conservative,2035,7.236,2025
NaturalGas,2-on-1 Combined Cycle (F-Frame) 95% CCS,Conservative,2036,7.22,2024
NaturalGas,2-on-1 Combined Cycle (F-Frame) 95% CCS,Conservative,2036,7.236,2025
NaturalGas,2-on-1 Combined Cycle (F-Frame) 95% CCS,Conservative,2037,7.22,2024
NaturalGas,2-on-1 Combined Cycle (F-Frame) 95% CCS,Conservative,2037,7.236,2025
NaturalGas,2-on-1 Combined Cycle (F-Frame) 95% CCS,Conservative,2038,7.22,2024
NaturalGas,2-on-1 Combined Cycle (F-Frame) 95% CCS,Conservative,2038,7.236,2025
NaturalGas,2-on-1 Combined Cycle (F-Frame) 95% CCS,Conservative,2039,7.22,2024
NaturalGas,2-on-1 Combined Cycle (F-Frame) 95% CCS,Conservative,2039,7.236,2025
NaturalGas,2-on-1 Combined Cycle (F-Frame) 95% CCS,Conservative,2040,7.22,2024
NaturalGas,2-on-1 Combined Cycle (F-Frame) 95% CCS,Conservative,2040,7.236,2025
NaturalGas,2-on-1 Combined Cycle (F-Frame) 95% CCS,Conservative,2041,7.22,2024
NaturalGas,2-on-1 Combined Cycle (F-Frame) 95% CCS,Conservative,2041,7.236,2025
NaturalGas,2-on-1 Combined Cycle (F-Frame) 95% CCS,Conservative,2042,7.22,2024
NaturalGas,2-on-1 Combined Cycle (F-Frame) 95% CCS,Conservative,2042,7.236,2025
NaturalGas,2-on-1 Combined Cycle (F-Frame) 95% CCS,Conservative,2043,7.22,2024
NaturalGas,2-on-1 Combined Cycle (F-Frame) 95% CCS,Conservative,2043,7.236,2025
NaturalGas,2-on-1 Combined Cycle (F-Frame) 95% CCS,Conservative,2044,7.22,2024
NaturalGas,2-on-1 Combined Cycle (F-Frame) 95% CCS,Conservative,2044,7.236,2025
NaturalGas,2-on-1 Combined Cycle (F-Frame) 95% CCS,Conservative,2045,7.22,2024
NaturalGas,2-on-1 Combined Cycle (F-Frame) 95% CCS,Conservative,2045,7.236,2025
NaturalGas,2-on-1 Combined Cycle (F-Frame) 95% CCS,Conservative,2046,7.22,2024
NaturalGas,2-on-1 Combined Cycle (F-Frame) 95% CCS,Conservative,2046,7.236,2025
NaturalGas,2-on-1 Combined Cycle (F-Frame) 95% CCS,Conservative,2047,7.22,2024
NaturalGas,2-on-1 Combined Cycle (F-Frame) 95% CCS,Conservative,2047,7.236,2025
NaturalGas,2-on-1 Combined Cycle (F-Frame) 95% CCS,Conservative,2048,7.22,2024
NaturalGas,2-on-1 Combined Cycle (F-Frame) 95% CCS,Conservative,2048,7.236,2025
NaturalGas,2-on-1 Combined Cycle (F-Frame) 95% CCS,Conservative,2049,7.22,2024
NaturalGas,2-on-1 Combined Cycle (F-Frame) 95% CCS,Conservative,2049,7.236,2025
NaturalGas,2-on-1 Combined Cycle (F-Frame) 95% CCS,Conservative,2050,7.22,2024
NaturalGas,2-on-1 Combined Cycle (F-Frame) 95% CCS,Conservative,2050,7.236,2025
NaturalGas,2-on-1 Combined Cycle (F-Frame) 95% CCS,Conservative,2051,7.236,2025
NaturalGas,2-on-1 Combined Cycle (F-Frame) 95% CCS,Conservative,2052,7.236,2025
NaturalGas,2-on-1 Combined Cycle (F-Frame) 95% CCS,Conservative,2053,7.236,2025
NaturalGas,2-on-1 Combined Cycle (F-Frame) 95% CCS,Conservative,2054,7.236,2025
NaturalGas,2-on-1 Combined Cycle (F-Frame) 95% CCS,Conservative,2055,7.236,2025
NaturalGas,2-on-1 Combined Cycle (F-Frame) 95% CCS,Conservative,2056,7.236,2025
NaturalGas,2-on-1 Combined Cycle (F-Frame) 95% CCS,Conservative,2057,7.236,2025
NaturalGas,2-on-1 Combined Cycle (F-Frame) 95% CCS,Conservative,2058,7.236,2025
NaturalGas,2-on-1 Combined Cycle (F-Frame) 95% CCS,Conservative,2059,7.236,2025
NaturalGas,2-on-1 Combined Cycle (F-Frame) 95% CCS,Conservative,2060,7.236,2025
NaturalGas,2-on-1 Combined Cycle (F-Frame) 95% CCS,Moderate,2022,7.22,2024
NaturalGas,2-on-1 Combined Cycle (F-Frame) 95% CCS,Moderate,2023,7.191,2024
NaturalGas,2-on-1 Combined Cycle (F-Frame) 95% CCS,Moderate,2023,7.236,2025
NaturalGas,2-on-1 Combined Cycle (F-Frame) 95% CCS,Moderate,2024,7.162,2024
NaturalGas,2-on-1 Combined Cycle (F-Frame) 95% CCS,Moderate,2024,7.204,2025
NaturalGas,2-on-1 Combined Cycle (F-Frame) 95% CCS,Moderate,2025,7.134,2024
NaturalGas,2-on-1 Combined Cycle (F-Frame) 95% CCS,Moderate,2025,7.172,2025
NaturalGas,2-on-1 Combined Cycle (F-Frame) 95% CCS,Moderate,2026,7.105,2024
NaturalGas,2-on-1 Combined Cycle (F-Frame) 95% CCS,Moderate,2026,7.141,2025
NaturalGas,2-on-1 Combined Cycle (F-Frame) 95% CCS,Moderate,2027,7.076,2024
NaturalGas,2-on-1 Combined Cycle (F-Frame) 95% CCS,Moderate,2027,7.109,2025
NaturalGas,2-on-1 Combined Cycle (F-Frame) 95% CCS,Moderate,2028,7.048,2024
NaturalGas,2-on-1 Combined Cycle (F-Frame) 95% CCS,Moderate,2028,7.077,2025
NaturalGas,2-on-1 Combined Cycle (F-Frame) 95% CCS,Moderate,2029,7.019,2024
NaturalGas,2-on-1 Combined Cycle (F-Frame) 95% CCS,Moderate,2029,7.045,2025
NaturalGas,2-on-1 Combined Cycle (F-Frame) 95% CCS,Moderate,2030,6.99,2024
NaturalGas,2-on-1 Combined Cycle (F-Frame) 95% CCS,Moderate,2030,7.014,2025
NaturalGas,2-on-1 Combined Cycle (F-Frame) 95% CCS,Moderate,2031,6.961,2024
NaturalGas,2-on-1 Combined Cycle (F-Frame) 95% CCS,Moderate,2031,6.982,2025
NaturalGas,2-on-1 Combined Cycle (F-Frame) 95% CCS,Moderate,2032,6.933,2024
NaturalGas,2-on-1 Combined Cycle (F-Frame) 95% CCS,Moderate,2032,6.95,2025
NaturalGas,2-on-1 Combined Cycle (F-Frame) 95% CCS,Moderate,2033,6.904,2024
NaturalGas,2-on-1 Combined Cycle (F-Frame) 95% CCS,Moderate,2033,6.918,2025
NaturalGas,2-on-1 Combined Cycle (F-Frame) 95% CCS,Moderate,2034,6.875,2024
NaturalGas,2-on-1 Combined Cycle (F-Frame) 95% CCS,Moderate,2034,6.887,2025
NaturalGas,2-on-1 Combined Cycle (F-Frame) 95% CCS,Moderate,2035,6.847,2024
NaturalGas,2-on-1 Combined Cycle (F-Frame) 95% CCS,Moderate,2035,6.855,2025
NaturalGas,2-on-1 Combined Cycle (F-Frame) 95% CCS,Moderate,2036,6.847,2024
NaturalGas,2-on-1 Combined Cycle (F-Frame) 95% CCS,Moderate,2036,6.855,2025
NaturalGas,2-on-1 Combined Cycle (F-Frame) 95% CCS,Moderate,2037,6.847,2024
NaturalGas,2-on-1 Combined Cycle (F-Frame) 95% CCS,Moderate,2037,6.855,2025
NaturalGas,2-on-1 Combined Cycle (F-Frame) 95% CCS,Moderate,2038,6.847,2024
NaturalGas,2-on-1 Combined Cycle (F-Frame) 95% CCS,Moderate,2038,6.855,2025
NaturalGas,2-on-1 Combined Cycle (F-Frame) 95% CCS,Moderate,2039,6.847,2024
NaturalGas,2-on-1 Combined Cycle (F-Frame) 95% CCS,Moderate,2039,6.855,2025
NaturalGas,2-on-1 Combined Cycle (F-Frame) 95% CCS,Moderate,2040,6.847,2024
NaturalGas,2-on-1 Combined Cycle (F-Frame) 95% CCS,Moderate,2040,6.855,2025
NaturalGas,2-on-1 Combined Cycle (F-Frame) 95% CCS,Moderate,2041,6.847,2024
NaturalGas,2-on-1 Combined Cycle (F-Frame) 95% CCS,Moderate,2041,6.855,2025
NaturalGas,2-on-1 Combined Cycle (F-Frame) 95% CCS,Moderate,2042,6.847,2024
NaturalGas,2-on-1 Combined Cycle (F-Frame) 95% CCS,Moderate,2042,6.855,2025
NaturalGas,2-on-1 Combined Cycle (F-Frame) 95% CCS,Moderate,2043,6.847,2024
NaturalGas,2-on-1 Combined Cycle (F-Frame) 95% CCS,Moderate,2043,6.855,2025
NaturalGas,2-on-1 Combined Cycle (F-Frame) 95% CCS,Moderate,2044,6.847,2024
NaturalGas,2-on-1 Combined Cycle (F-Frame) 95% CCS,Moderate,2044,6.855,2025
NaturalGas,2-on-1 Combined Cycle (F-Frame) 95% CCS,Moderate,2045,6.847,2024
NaturalGas,2-on-1 Combined Cycle (F-Frame) 95% CCS,Moderate,2045,6.855,2025
NaturalGas,2-on-1 Combined Cycle (F-Frame) 95% CCS,Moderate,2046,6.847,2024
NaturalGas,2-on-1 Combined Cycle (F-Frame) 95% CCS,Moderate,2046,6.855,2025
NaturalGas,2-on-1 Combined Cycle (F-Frame) 95% CCS,Moderate,2047,6.847,2024
NaturalGas,2-on-1 Combined Cycle (F-Frame) 95% CCS,Moderate,2047,6.855,2025
NaturalGas,2-on-1 Combined Cycle (F-Frame) 95% CCS,Moderate,2048,6.847,2024
NaturalGas,2-on-1 Combined Cycle (F-Frame) 95% CCS,Moderate,2048,6.855,2025
NaturalGas,2-on-1 Combined Cycle (F-Frame) 95% CCS,Moderate,2049,6.847,2024
NaturalGas,2-on-1 Combined Cycle (F-Frame) 95% CCS,Moderate,2049,6.855,2025
NaturalGas,2-on-1 Combined Cycle (F-Frame) 95% CCS,Moderate,2050,6.847,2024
NaturalGas,2-on-1 Combined Cycle (F-Frame) 95% CCS,Moderate,2050,6.855,2025
NaturalGas,2-on-1 Combined Cycle (F-Frame) 95% CCS,Moderate,2051,6.855,2025
NaturalGas,2-on-1 Combined Cycle (F-Frame) 95% CCS,Moderate,2052,6.855,2025
NaturalGas,2-on-1 Combined Cycle (F-Frame) 95% CCS,Moderate,2053,6.855,2025
NaturalGas,2-on-1 Combined Cycle (F-Frame) 95% CCS,Moderate,2054,6.855,2025
NaturalGas,2-on-1 Combined Cycle (F-Frame) 95% CCS,Moderate,2055,6.855,2025
NaturalGas,2-on-1 Combined Cycle (F-Frame) 95% CCS,Moderate,2056,6.855,2025
NaturalGas,2-on-1 Combined Cycle (F-Frame) 95% CCS,Moderate,2057,6.855,2025
NaturalGas,2-on-1 Combined Cycle (F-Frame) 95% CCS,Moderate,2058,6.855,2025
NaturalGas,2-on-1 Combined Cycle (F-Frame) 95% CCS,Moderate,2059,6.855,2025
NaturalGas,2-on-1 Combined Cycle (F-Frame) 95% CCS,Moderate,2060,6.855,2025
NaturalGas,2-on-1 Combined Cycle (F-Frame) 97% CCS,Advanced,2022,7.26,2024
NaturalGas,2-on-1 Combined Cycle (F-Frame) 97% CCS,Advanced,2023,7.201,2024
NaturalGas,2-on-1 Combined Cycle (F-Frame) 97% CCS,Advanced,2023,7.277,2025
NaturalGas,2-on-1 Combined Cycle (F-Frame) 97% CCS,Advanced,2024,7.142,2024
NaturalGas,2-on-1 Combined Cycle (F-Frame) 97% CCS,Advanced,2024,7.212,2025
NaturalGas,2-on-1 Combined Cycle (F-Frame) 97% CCS,Advanced,2025,7.083,2024
NaturalGas,2-on-1 Combined Cycle (F-Frame) 97% CCS,Advanced,2025,7.147,2025
NaturalGas,2-on-1 Combined Cycle (F-Frame) 97% CCS,Advanced,2026,7.025,2024
NaturalGas,2-on-1 Combined Cycle (F-Frame) 97% CCS,Advanced,2026,7.082,2025
NaturalGas,2-on-1 Combined Cycle (F-Frame) 97% CCS,Advanced,2027,6.966,2024
NaturalGas,2-on-1 Combined Cycle (F-Frame) 97% CCS,Advanced,2027,7.017,2025
NaturalGas,2-on-1 Combined Cycle (F-Frame) 97% CCS,Advanced,2028,6.907,2024
NaturalGas,2-on-1 Combined Cycle (F-Frame) 97% CCS,Advanced,2028,6.952,2025
NaturalGas,2-on-1 Combined Cycle (F-Frame) 97% CCS,Advanced,2029,6.848,2024
NaturalGas,2-on-1 Combined Cycle (F-Frame) 97% CCS,Advanced,2029,6.887,2025
NaturalGas,2-on-1 Combined Cycle (F-Frame) 97% CCS,Advanced,2030,6.79,2024
NaturalGas,2-on-1 Combined Cycle (F-Frame) 97% CCS,Advanced,2030,6.822,2025
NaturalGas,2-on-1 Combined Cycle (F-Frame) 97% CCS,Advanced,2031,6.731,2024
NaturalGas,2-on-1 Combined Cycle (F-Frame) 97% CCS,Advanced,2031,6.757,2025
NaturalGas,2-on-1 Combined Cycle (F-Frame) 97% CCS,Advanced,2032,6.672,2024
NaturalGas,2-on-1 Combined Cycle (F-Frame) 97% CCS,Advanced,2032,6.691,2025
NaturalGas,2-on-1 Combined Cycle (F-Frame) 97% CCS,Advanced,2033,6.614,2024
NaturalGas,2-on-1 Combined Cycle (F-Frame) 97% CCS,Advanced,2033,6.626,2025
NaturalGas,2-on-1 Combined Cycle (F-Frame) 97% CCS,Advanced,2034,6.555,2024
NaturalGas,2-on-1 Combined Cycle (F-Frame) 97% CCS,Advanced,2034,6.561,2025
NaturalGas,2-on-1 Combined Cycle (F-Frame) 97% CCS,Advanced,2035,6.496,2024
NaturalGas,2-on-1 Combined Cycle (F-Frame) 97% CCS,Advanced,2035,6.496,2025
NaturalGas,2-on-1 Combined Cycle (F-Frame) 97% CCS,Advanced,2036,6.496,2024
NaturalGas,2-on-1 Combined Cycle (F-Frame) 97% CCS,Advanced,2036,6.496,2025
NaturalGas,2-on-1 Combined Cycle (F-Frame) 97% CCS,Advanced,2037,6.496,2024
NaturalGas,2-on-1 Combined Cycle (F-Frame) 97% CCS,Advanced,2037,6.496,2025
NaturalGas,2-on-1 Combined Cycle (F-Frame) 97% CCS,Advanced,2038,6.496,2024
NaturalGas,2-on-1 Combined Cycle (F-Frame) 97% CCS,Advanced,2038,6.496,2025
NaturalGas,2-on-1 Combined Cycle (F-Frame) 97% CCS,Advanced,2039,6.496,2024
NaturalGas,2-on-1 Combined Cycle (F-Frame) 97% CCS,Advanced,2039,6.496,2025
NaturalGas,2-on-1 Combined Cycle (F-Frame) 97% CCS,Advanced,2040,6.496,2024
NaturalGas,2-on-1 Combined Cycle (F-Frame) 97% CCS,Advanced,2040,6.496,2025
NaturalGas,2-on-1 Combined Cycle (F-Frame) 97% CCS,Advanced,2041,6.496,2024
NaturalGas,2-on-1 Combined Cycle (F-Frame) 97% CCS,Advanced,2041,6.496,2025
NaturalGas,2-on-1 Combined Cycle (F-Frame) 97% CCS,Advanced,2042,6.496,2024
NaturalGas,2-on-1 Combined Cycle (F-Frame) 97% CCS,Advanced,2042,6.496,2025
NaturalGas,2-on-1 Combined Cycle (F-Frame) 97% CCS,Advanced,2043,6.496,2024
NaturalGas,2-on-1 Combined Cycle (F-Frame) 97% CCS,Advanced,2043,6.496,2025
NaturalGas,2-on-1 Combined Cycle (F-Frame) 97% CCS,Advanced,2044,6.496,2024
NaturalGas,2-on-1 Combined Cycle (F-Frame) 97% CCS,Advanced,2044,6.496,2025
NaturalGas,2-on-1 Combined Cycle (F-Frame) 97% CCS,Advanced,2045,6.496,2024
NaturalGas,2-on-1 Combined Cycle (F-Frame) 97% CCS,Advanced,2045,6.496,2025
NaturalGas,2-on-1 Combined Cycle (F-Frame) 97% CCS,Advanced,2046,6.496,2024
NaturalGas,2-on-1 Combined Cycle (F-Frame) 97% CCS,Advanced,2046,6.496,2025
NaturalGas,2-on-1 Combined Cycle (F-Frame) 97% CCS,Advanced,2047,6.496,2024
NaturalGas,2-on-1 Combined Cycle (F-Frame) 97% CCS,Advanced,2047,6.496,2025
NaturalGas,2-on-1 Combined Cycle (F-Frame) 97% CCS,Advanced,2048,6.496,2024
NaturalGas,2-on-1 Combined Cycle (F-Frame) 97% CCS,Advanced,2048,6.496,2025
NaturalGas,2-on-1 Combined Cycle (F-Frame) 97% CCS,Advanced,2049,6.496,2024
NaturalGas,2-on-1 Combined Cycle (F-Frame) 97% CCS,Advanced,2049,6.496,2025
NaturalGas,2-on-1 Combined Cycle (F-Frame) 97% CCS,Advanced,2050,6.496,2024
NaturalGas,2-on-1 Combined Cycle (F-Frame) 97% CCS,Advanced,2050,6.496,2025
NaturalGas,2-on-1 Combined Cycle (F-Frame) 97% CCS,Advanced,2051,6.496,2025
NaturalGas,2-on-1 Combined Cycle (F-Frame) 97% CCS,Advanced,2052,6.496,2025
NaturalGas,2-on-1 Combined Cycle (F-Frame) 97% CCS,Advanced,2053,6.496,2025
NaturalGas,2-on-1 Combined Cycle (F-Frame) 97% CCS,Advanced,2054,6.496,2025
NaturalGas,2-on-1 Combined Cycle (F-Frame) 97% CCS,Advanced,2055,6.496,2025
NaturalGas,2-on-1 Combined Cycle (F-Frame) 97% CCS,Advanced,2056,6.496,2025
NaturalGas,2-on-1 Combined Cycle (F-Frame) 97% CCS,Advanced,2057,6.496,2025
NaturalGas,2-on-1 Combined Cycle (F-Frame) 97% CCS,Advanced,2058,6.496,2025
NaturalGas,2-on-1 Combined Cycle (F-Frame) 97% CCS,Advanced,2059,6.496,2025
NaturalGas,2-on-1 Combined Cycle (F-Frame) 97% CCS,Advanced,2060,6.496,2025
NaturalGas,2-on-1 Combined Cycle (F-Frame) 97% CCS,Conservative,2022,7.26,2024
NaturalGas,2-on-1 Combined Cycle (F-Frame) 97% CCS,Conservative,2023,7.26,2024
NaturalGas,2-on-1 Combined Cycle (F-Frame) 97% CCS,Conservative,2023,7.277,2025
NaturalGas,2-on-1 Combined Cycle (F-Frame) 97% CCS,Conservative,2024,7.26,2024
NaturalGas,2-on-1 Combined Cycle (F-Frame) 97% CCS,Conservative,2024,7.277,2025
NaturalGas,2-on-1 Combined Cycle (F-Frame) 97% CCS,Conservative,2025,7.26,2024
NaturalGas,2-on-1 Combined Cycle (F-Frame) 97% CCS,Conservative,2025,7.277,2025
NaturalGas,2-on-1 Combined Cycle (F-Frame) 97% CCS,Conservative,2026,7.26,2024
NaturalGas,2-on-1 Combined Cycle (F-Frame) 97% CCS,Conservative,2026,7.277,2025
NaturalGas,2-on-1 Combined Cycle (F-Frame) 97% CCS,Conservative,2027,7.26,2024
NaturalGas,2-on-1 Combined Cycle (F-Frame) 97% CCS,Conservative,2027,7.277,2025
NaturalGas,2-on-1 Combined Cycle (F-Frame) 97% CCS,Conservative,2028,7.26,2024
NaturalGas,2-on-1 Combined Cycle (F-Frame) 97% CCS,Conservative,2028,7.277,2025
NaturalGas,2-on-1 Combined Cycle (F-Frame) 97% CCS,Conservative,2029,7.26,2024
NaturalGas,2-on-1 Combined Cycle (F-Frame) 97% CCS,Conservative,2029,7.277,2025
NaturalGas,2-on-1 Combined Cycle (F-Frame) 97% CCS,Conservative,2030,7.26,2024
NaturalGas,2-on-1 Combined Cycle (F-Frame) 97% CCS,Conservative,2030,7.277,2025
NaturalGas,2-on-1 Combined Cycle (F-Frame) 97% CCS,Conservative,2031,7.26,2024
NaturalGas,2-on-1 Combined Cycle (F-Frame) 97% CCS,Conservative,2031,7.277,2025
NaturalGas,2-on-1 Combined Cycle (F-Frame) 97% CCS,Conservative,2032,7.26,2024
NaturalGas,2-on-1 Combined Cycle (F-Frame) 97% CCS,Conservative,2032,7.277,2025
NaturalGas,2-on-1 Combined Cycle (F-Frame) 97% CCS,Conservative,2033,7.26,2024
NaturalGas,2-on-1 Combined Cycle (F-Frame) 97% CCS,Conservative,2033,7.277,2025
NaturalGas,2-on-1 Combined Cycle (F-Frame) 97% CCS,Conservative,2034,7.26,2024
NaturalGas,2-on-1 Combined Cycle (F-Frame) 97% CCS,Conservative,2034,7.277,2025
NaturalGas,2-on-1 Combined Cycle (F-Frame) 97% CCS,Conservative,2035,7.26,2024
NaturalGas,2-on-1 Combined Cycle (F-Frame) 97% CCS,Conservative,2035,7.277,2025
NaturalGas,2-on-1 Combined Cycle (F-Frame) 97% CCS,Conservative,2036,7.26,2024
NaturalGas,2-on-1 Combined Cycle (F-Frame) 97% CCS,Conservative,2036,7.277,2025
NaturalGas,2-on-1 Combined Cycle (F-Frame) 97% CCS,Conservative,2037,7.26,2024
NaturalGas,2-on-1 Combined Cycle (F-Frame) 97% CCS,Conservative,2037,7.277,2025
NaturalGas,2-on-1 Combined Cycle (F-Frame) 97% CCS,Conservative,2038,7.26,2024
NaturalGas,2-on-1 Combined Cycle (F-Frame) 97% CCS,Conservative,2038,7.277,2025
NaturalGas,2-on-1 Combined Cycle (F-Frame) 97% CCS,Conservative,2039,7.26,2024
NaturalGas,2-on-1 Combined Cycle (F-Frame) 97% CCS,Conservative,2039,7.277,2025
NaturalGas,2-on-1 Combined Cycle (F-Frame) 97% CCS,Conservative,2040,7.26,2024
NaturalGas,2-on-1 Combined Cycle (F-Frame) 97% CCS,Conservative,2040,7.277,2025
NaturalGas,2-on-1 Combined Cycle (F-Frame) 97% CCS,Conservative,2041,7.26,2024
NaturalGas,2-on-1 Combined Cycle (F-Frame) 97% CCS,Conservative,2041,7.277,2025
NaturalGas,2-on-1 Combined Cycle (F-Frame) 97% CCS,Conservative,2042,7.26,2024
NaturalGas,2-on-1 Combined Cycle (F-Frame) 97% CCS,Conservative,2042,7.277,2025
NaturalGas,2-on-1 Combined Cycle (F-Frame) 97% CCS,Conservative,2043,7.26,2024
NaturalGas,2-on-1 Combined Cycle (F-Frame) 97% CCS,Conservative,2043,7.277,2025
NaturalGas,2-on-1 Combined Cycle (F-Frame) 97% CCS,Conservative,2044,7.26,2024
NaturalGas,2-on-1 Combined Cycle (F-Frame) 97% CCS,Conservative,2044,7.277,2025
NaturalGas,2-on-1 Combined Cycle (F-Frame) 97% CCS,Conservative,2045,7.26,2024
NaturalGas,2-on-1 Combined Cycle (F-Frame) 97% CCS,Conservative,2045,7.277,2025
NaturalGas,2-on-1 Combined Cycle (F-Frame) 97% CCS,Conservative,2046,7.26,2024
NaturalGas,2-on-1 Combined Cycle (F-Frame) 97% CCS,Conservative,2046,7.277,2025
NaturalGas,2-on-1 Combined Cycle (F-Frame) 97% CCS,Conservative,2047,7.26,2024
NaturalGas,2-on-1 Combined Cycle (F-Frame) 97% CCS,Conservative,2047,7.277,2025
NaturalGas,2-on-1 Combined Cycle (F-Frame) 97% CCS,Conservative,2048,7.26,2024
NaturalGas,2-on-1 Combined Cycle (F-Frame) 97% CCS,Conservative,2048,7.277,2025
NaturalGas,2-on-1 Combined Cycle (F-Frame) 97% CCS,Conservative,2049,7.26,2024
NaturalGas,2-on-1 Combined Cycle (F-Frame) 97% CCS,Conservative,2049,7.277,2025
NaturalGas,2-on-1 Combined Cycle (F-Frame) 97% CCS,Conservative,2050,7.26,2024
NaturalGas,2-on-1 Combined Cycle (F-Frame) 97% CCS,Conservative,2050,7.277,2025
NaturalGas,2-on-1 Combined Cycle (F-Frame) 97% CCS,Conservative,2051,7.277,2025
NaturalGas,2-on-1 Combined Cycle (F-Frame) 97% CCS,Conservative,2052,7.277,2025
NaturalGas,2-on-1 Combined Cycle (F-Frame) 97% CCS,Conservative,2053,7.277,2025
NaturalGas,2-on-1 Combined Cycle (F-Frame) 97% CCS,Conservative,2054,7.277,2025
NaturalGas,2-on-1 Combined Cycle (F-Frame) 97% CCS,Conservative,2055,7.277,2025
NaturalGas,2-on-1 Combined Cycle (F-Frame) 97% CCS,Conservative,2056,7.277,2025
NaturalGas,2-on-1 Combined Cycle (F-Frame) 97% CCS,Conservative,2057,7.277,2025
NaturalGas,2-on-1 Combined Cycle (F-Frame) 97% CCS,Conservative,2058,7.277,2025
NaturalGas,2-on-1 Combined Cycle (F-Frame) 97% CCS,Conservative,2059,7.277,2025
NaturalGas,2-on-1 Combined Cycle (F-Frame) 97% CCS,Conservative,2060,7.277,2025
NaturalGas,2-on-1 Combined Cycle (F-Frame) 97% CCS,Moderate,2022,7.26,2024
NaturalGas,2-on-1 Combined Cycle (F-Frame) 97% CCS,Moderate,2023,7.23,2024
NaturalGas,2-on-1 Combined Cycle (F-Frame) 97% CCS,Moderate,2023,7.277,2025
NaturalGas,2-on-1 Combined Cycle (F-Frame) 97% CCS,Moderate,2024,7.201,2024
NaturalGas,2-on-1 Combined Cycle (F-Frame) 97% CCS,Moderate,2024,7.245,2025
NaturalGas,2-on-1 Combined Cycle (F-Frame) 97% CCS,Moderate,2025,7.171,2024
NaturalGas,2-on-1 Combined Cycle (F-Frame) 97% CCS,Moderate,2025,7.212,2025
NaturalGas,2-on-1 Combined Cycle (F-Frame) 97% CCS,Moderate,2026,7.142,2024
NaturalGas,2-on-1 Combined Cycle (F-Frame) 97% CCS,Moderate,2026,7.18,2025
NaturalGas,2-on-1 Combined Cycle (F-Frame) 97% CCS,Moderate,2027,7.113,2024
NaturalGas,2-on-1 Combined Cycle (F-Frame) 97% CCS,Moderate,2027,7.147,2025
NaturalGas,2-on-1 Combined Cycle (F-Frame) 97% CCS,Moderate,2028,7.083,2024
NaturalGas,2-on-1 Combined Cycle (F-Frame) 97% CCS,Moderate,2028,7.115,2025
NaturalGas,2-on-1 Combined Cycle (F-Frame) 97% CCS,Moderate,2029,7.054,2024
NaturalGas,2-on-1 Combined Cycle (F-Frame) 97% CCS,Moderate,2029,7.082,2025
NaturalGas,2-on-1 Combined Cycle (F-Frame) 97% CCS,Moderate,2030,7.025,2024
NaturalGas,2-on-1 Combined Cycle (F-Frame) 97% CCS,Moderate,2030,7.049,2025
NaturalGas,2-on-1 Combined Cycle (F-Frame) 97% CCS,Moderate,2031,6.995,2024
NaturalGas,2-on-1 Combined Cycle (F-Frame) 97% CCS,Moderate,2031,7.017,2025
NaturalGas,2-on-1 Combined Cycle (F-Frame) 97% CCS,Moderate,2032,6.966,2024
NaturalGas,2-on-1 Combined Cycle (F-Frame) 97% CCS,Moderate,2032,6.984,2025
NaturalGas,2-on-1 Combined Cycle (F-Frame) 97% CCS,Moderate,2033,6.937,2024
NaturalGas,2-on-1 Combined Cycle (F-Frame) 97% CCS,Moderate,2033,6.952,2025
NaturalGas,2-on-1 Combined Cycle (F-Frame) 97% CCS,Moderate,2034,6.907,2024
NaturalGas,2-on-1 Combined Cycle (F-Frame) 97% CCS,Moderate,2034,6.919,2025
NaturalGas,2-on-1 Combined Cycle (F-Frame) 97% CCS,Moderate,2035,6.878,2024
NaturalGas,2-on-1 Combined Cycle (F-Frame) 97% CCS,Moderate,2035,6.887,2025
NaturalGas,2-on-1 Combined Cycle (F-Frame) 97% CCS,Moderate,2036,6.878,2024
NaturalGas,2-on-1 Combined Cycle (F-Frame) 97% CCS,Moderate,2036,6.887,2025
NaturalGas,2-on-1 Combined Cycle (F-Frame) 97% CCS,Moderate,2037,6.878,2024
NaturalGas,2-on-1 Combined Cycle (F-Frame) 97% CCS,Moderate,2037,6.887,2025
NaturalGas,2-on-1 Combined Cycle (F-Frame) 97% CCS,Moderate,2038,6.878,2024
NaturalGas,2-on-1 Combined Cycle (F-Frame) 97% CCS,Moderate,2038,6.887,2025
NaturalGas,2-on-1 Combined Cycle (F-Frame) 97% CCS,Moderate,2039,6.878,2024
NaturalGas,2-on-1 Combined Cycle (F-Frame) 97% CCS,Moderate,2039,6.887,2025
NaturalGas,2-on-1 Combined Cycle (F-Frame) 97% CCS,Moderate,2040,6.878,2024
NaturalGas,2-on-1 Combined Cycle (F-Frame) 97% CCS,Moderate,2040,6.887,2025
NaturalGas,2-on-1 Combined Cycle (F-Frame) 97% CCS,Moderate,2041,6.878,2024
NaturalGas,2-on-1 Combined Cycle (F-Frame) 97% CCS,Moderate,2041,6.887,2025
NaturalGas,2-on-1 Combined Cycle (F-Frame) 97% CCS,Moderate,2042,6.878,2024
NaturalGas,2-on-1 Combined Cycle (F-Frame) 97% CCS,Moderate,2042,6.887,2025
NaturalGas,2-on-1 Combined Cycle (F-Frame) 97% CCS,Moderate,2043,6.878,2024
NaturalGas,2-on-1 Combined Cycle (F-Frame) 97% CCS,Moderate,2043,6.887,2025
NaturalGas,2-on-1 Combined Cycle (F-Frame) 97% CCS,Moderate,2044,6.878,2024
NaturalGas,2-on-1 Combined Cycle (F-Frame) 97% CCS,Moderate,2044,6.887,2025
NaturalGas,2-on-1 Combined Cycle (F-Frame) 97% CCS,Moderate,2045,6.878,2024
NaturalGas,2-on-1 Combined Cycle (F-Frame) 97% CCS,Moderate,2045,6.887,2025
NaturalGas,2-on-1 Combined Cycle (F-Frame) 97% CCS,Moderate,2046,6.878,2024
NaturalGas,2-on-1 Combined Cycle (F-Frame) 97% CCS,Moderate,2046,6.887,2025
NaturalGas,2-on-1 Combined Cycle (F-Frame) 97% CCS,Moderate,2047,6.878,2024
NaturalGas,2-on-1 Combined Cycle (F-Frame) 97% CCS,Moderate,2047,6.887,2025
NaturalGas,2-on-1 Combined Cycle (F-Frame) 97% CCS,Moderate,2048,6.878,2024
NaturalGas,2-on-1 Combined Cycle (F-Frame) 97% CCS,Moderate,2048,6.887,2025
NaturalGas,2-on-1 Combined Cycle (F-Frame) 97% CCS,Moderate,2049,6.878,2024
NaturalGas,2-on-1 Combined Cycle (F-Frame) 97% CCS,Moderate,2049,6.887,2025
NaturalGas,2-on-1 Combined Cycle (F-Frame) 97% CCS,Moderate,2050,6.878,2024
NaturalGas,2-on-1 Combined Cycle (F-Frame) 97% CCS,Moderate,2050,6.887,2025
NaturalGas,2-on-1 Combined Cycle (F-Frame) 97% CCS,Moderate,2051,6.887,2025
NaturalGas,2-on-1 Combined Cycle (F-Frame) 97% CCS,Moderate,2052,6.887,2025
NaturalGas,2-on-1 Combined Cycle (F-Frame) 97% CCS,Moderate,2053,6.887,2025
NaturalGas,2-on-1 Combined Cycle (F-Frame) 97% CCS,Moderate,2054,6.887,2025
NaturalGas,2-on-1 Combined Cycle (F-Frame) 97% CCS,Moderate,2055,6.887,2025
NaturalGas,2-on-1 Combined Cycle (F-Frame) 97% CCS,Moderate,2056,6.887,2025
NaturalGas,2-on-1 Combined Cycle (F-Frame) 97% CCS,Moderate,2057,6.887,2025
NaturalGas,2-on-1 Combined Cycle (F-Frame) 97% CCS,Moderate,2058,6.887,2025
NaturalGas,2-on-1 Combined Cycle (F-Frame) 97% CCS,Moderate,2059,6.887,2025
NaturalGas,2-on-1 Combined Cycle (F-Frame) 97% CCS,Moderate,2060,6.887,2025
NaturalGas,2-on-1 Combined Cycle (H-Frame),Advanced,2022,6.196,2024
NaturalGas,2-on-1 Combined Cycle (H-Frame),Advanced,2023,6.113,2025
NaturalGas,2-on-1 Combined Cycle (H-Frame),Advanced,2023,6.177,2024
NaturalGas,2-on-1 Combined Cycle (H-Frame),Advanced,2024,6.1,2025
NaturalGas,2-on-1 Combined Cycle (H-Frame),Advanced,2024,6.159,2024
NaturalGas,2-on-1 Combined Cycle (H-Frame),Advanced,2025,6.087,2025
NaturalGas,2-on-1 Combined Cycle (H-Frame),Advanced,2025,6.14,2024
NaturalGas,2-on-1 Combined Cycle (H-Frame),Advanced,2026,6.074,2025
NaturalGas,2-on-1 Combined Cycle (H-Frame),Advanced,2026,6.122,2024
NaturalGas,2-on-1 Combined Cycle (H-Frame),Advanced,2027,6.06,2025
NaturalGas,2-on-1 Combined Cycle (H-Frame),Advanced,2027,6.103,2024
NaturalGas,2-on-1 Combined Cycle (H-Frame),Advanced,2028,6.047,2025
NaturalGas,2-on-1 Combined Cycle (H-Frame),Advanced,2028,6.085,2024
NaturalGas,2-on-1 Combined Cycle (H-Frame),Advanced,2029,6.034,2025
NaturalGas,2-on-1 Combined Cycle (H-Frame),Advanced,2029,6.066,2024
NaturalGas,2-on-1 Combined Cycle (H-Frame),Advanced,2030,6.021,2025
NaturalGas,2-on-1 Combined Cycle (H-Frame),Advanced,2030,6.048,2024
NaturalGas,2-on-1 Combined Cycle (H-Frame),Advanced,2031,6.008,2025
NaturalGas,2-on-1 Combined Cycle (H-Frame),Advanced,2031,6.029,2024
NaturalGas,2-on-1 Combined Cycle (H-Frame),Advanced,2032,5.994,2025
NaturalGas,2-on-1 Combined Cycle (H-Frame),Advanced,2032,6.011,2024
NaturalGas,2-on-1 Combined Cycle (H-Frame),Advanced,2033,5.981,2025
NaturalGas,2-on-1 Combined Cycle (H-Frame),Advanced,2033,5.992,2024
NaturalGas,2-on-1 Combined Cycle (H-Frame),Advanced,2034,5.968,2025
NaturalGas,2-on-1 Combined Cycle (H-Frame),Advanced,2034,5.973,2024
NaturalGas,2-on-1 Combined Cycle (H-Frame),Advanced,2035,5.955,2024
NaturalGas,2-on-1 Combined Cycle (H-Frame),Advanced,2035,5.955,2025
NaturalGas,2-on-1 Combined Cycle (H-Frame),Advanced,2036,5.955,2024
NaturalGas,2-on-1 Combined Cycle (H-Frame),Advanced,2036,5.955,2025
NaturalGas,2-on-1 Combined Cycle (H-Frame),Advanced,2037,5.955,2024
NaturalGas,2-on-1 Combined Cycle (H-Frame),Advanced,2037,5.955,2025
NaturalGas,2-on-1 Combined Cycle (H-Frame),Advanced,2038,5.955,2024
NaturalGas,2-on-1 Combined Cycle (H-Frame),Advanced,2038,5.955,2025
NaturalGas,2-on-1 Combined Cycle (H-Frame),Advanced,2039,5.955,2024
NaturalGas,2-on-1 Combined Cycle (H-Frame),Advanced,2039,5.955,2025
NaturalGas,2-on-1 Combined Cycle (H-Frame),Advanced,2040,5.955,2024
NaturalGas,2-on-1 Combined Cycle (H-Frame),Advanced,2040,5.955,2025
NaturalGas,2-on-1 Combined Cycle (H-Frame),Advanced,2041,5.955,2024
NaturalGas,2-on-1 Combined Cycle (H-Frame),Advanced,2041,5.955,2025
NaturalGas,2-on-1 Combined Cycle (H-Frame),Advanced,2042,5.955,2024
NaturalGas,2-on-1 Combined Cycle (H-Frame),Advanced,2042,5.955,2025
NaturalGas,2-on-1 Combined Cycle (H-Frame),Advanced,2043,5.955,2024
NaturalGas,2-on-1 Combined Cycle (H-Frame),Advanced,2043,5.955,2025
NaturalGas,2-on-1 Combined Cycle (H-Frame),Advanced,2044,5.955,2024
NaturalGas,2-on-1 Combined Cycle (H-Frame),Advanced,2044,5.955,2025
NaturalGas,2-on-1 Combined Cycle (H-Frame),Advanced,2045,5.955,2024
NaturalGas,2-on-1 Combined Cycle (H-Frame),Advanced,2045,5.955,2025
NaturalGas,2-on-1 Combined Cycle (H-Frame),Advanced,2046,5.955,2024
NaturalGas,2-on-1 Combined Cycle (H-Frame),Advanced,2046,5.955,2025
NaturalGas,2-on-1 Combined Cycle (H-Frame),Advanced,2047,5.955,2024
NaturalGas,2-on-1 Combined Cycle (H-Frame),Advanced,2047,5.955,2025
NaturalGas,2-on-1 Combined Cycle (H-Frame),Advanced,2048,5.955,2024
NaturalGas,2-on-1 Combined Cycle (H-Frame),Advanced,2048,5.955,2025
NaturalGas,2-on-1 Combined Cycle (H-Frame),Advanced,2049,5.955,2024
NaturalGas,2-on-1 Combined Cycle (H-Frame),Advanced,2049,5.955,2025
NaturalGas,2-on-1 Combined Cycle (H-Frame),Advanced,2050,5.955,2024
NaturalGas,2-on-1 Combined Cycle (H-Frame),Advanced,2050,5.955,2025
NaturalGas,2-on-1 Combined Cycle (H-Frame),Advanced,2051,5.955,2025
NaturalGas,2-on-1 Combined Cycle (H-Frame),Advanced,2052,5.955,2025
NaturalGas,2-on-1 Combined Cycle (H-Frame),Advanced,2053,5.955,2025
NaturalGas,2-on-1 Combined Cycle (H-Frame),Advanced,2054,5.955,2025
NaturalGas,2-on-1 Combined Cycle (H-Frame),Advanced,2055,5.955,2025
NaturalGas,2-on-1 Combined Cycle (H-Frame),Advanced,2056,5.955,2025
NaturalGas,2-on-1 Combined Cycle (H-Frame),Advanced,2057,5.955,2025
NaturalGas,2-on-1 Combined Cycle (H-Frame),Advanced,2058,5.955,2025
NaturalGas,2-on-1 Combined Cycle (H-Frame),Advanced,2059,5.955,2025
NaturalGas,2-on-1 Combined Cycle (H-Frame),Advanced,2060,5.955,2025
NaturalGas,2-on-1 Combined Cycle (H-Frame),Conservative,2022,6.196,2024
NaturalGas,2-on-1 Combined Cycle (H-Frame),Conservative,2023,6.113,2025
NaturalGas,2-on-1 Combined Cycle (H-Frame),Conservative,2023,6.196,2024
NaturalGas,2-on-1 Combined Cycle (H-Frame),Conservative,2024,6.113,2025
NaturalGas,2-on-1 Combined Cycle (H-Frame),Conservative,2024,6.196,2024
NaturalGas,2-on-1 Combined Cycle (H-Frame),Conservative,2025,6.113,2025
NaturalGas,2-on-1 Combined Cycle (H-Frame),Conservative,2025,6.196,2024
NaturalGas,2-on-1 Combined Cycle (H-Frame),Conservative,2026,6.113,2025
NaturalGas,2-on-1 Combined Cycle (H-Frame),Conservative,2026,6.196,2024
NaturalGas,2-on-1 Combined Cycle (H-Frame),Conservative,2027,6.113,2025
NaturalGas,2-on-1 Combined Cycle (H-Frame),Conservative,2027,6.196,2024
NaturalGas,2-on-1 Combined Cycle (H-Frame),Conservative,2028,6.113,2025
NaturalGas,2-on-1 Combined Cycle (H-Frame),Conservative,2028,6.196,2024
NaturalGas,2-on-1 Combined Cycle (H-Frame),Conservative,2029,6.113,2025
NaturalGas,2-on-1 Combined Cycle (H-Frame),Conservative,2029,6.196,2024
NaturalGas,2-on-1 Combined Cycle (H-Frame),Conservative,2030,6.113,2025
NaturalGas,2-on-1 Combined Cycle (H-Frame),Conservative,2030,6.196,2024
NaturalGas,2-on-1 Combined Cycle (H-Frame),Conservative,2031,6.113,2025
NaturalGas,2-on-1 Combined Cycle (H-Frame),Conservative,2031,6.196,2024
NaturalGas,2-on-1 Combined Cycle (H-Frame),Conservative,2032,6.113,2025
NaturalGas,2-on-1 Combined Cycle (H-Frame),Conservative,2032,6.196,2024
NaturalGas,2-on-1 Combined Cycle (H-Frame),Conservative,2033,6.113,2025
NaturalGas,2-on-1 Combined Cycle (H-Frame),Conservative,2033,6.196,2024
NaturalGas,2-on-1 Combined Cycle (H-Frame),Conservative,2034,6.113,2025
NaturalGas,2-on-1 Combined Cycle (H-Frame),Conservative,2034,6.196,2024
NaturalGas,2-on-1 Combined Cycle (H-Frame),Conservative,2035,6.113,2025
NaturalGas,2-on-1 Combined Cycle (H-Frame),Conservative,2035,6.196,2024
NaturalGas,2-on-1 Combined Cycle (H-Frame),Conservative,2036,6.113,2025
NaturalGas,2-on-1 Combined Cycle (H-Frame),Conservative,2036,6.196,2024
NaturalGas,2-on-1 Combined Cycle (H-Frame),Conservative,2037,6.113,2025
NaturalGas,2-on-1 Combined Cycle (H-Frame),Conservative,2037,6.196,2024
NaturalGas,2-on-1 Combined Cycle (H-Frame),Conservative,2038,6.113,2025
NaturalGas,2-on-1 Combined Cycle (H-Frame),Conservative,2038,6.196,2024
NaturalGas,2-on-1 Combined Cycle (H-Frame),Conservative,2039,6.113,2025
NaturalGas,2-on-1 Combined Cycle (H-Frame),Conservative,2039,6.196,2024
NaturalGas,2-on-1 Combined Cycle (H-Frame),Conservative,2040,6.113,2025
NaturalGas,2-on-1 Combined Cycle (H-Frame),Conservative,2040,6.196,2024
NaturalGas,2-on-1 Combined Cycle (H-Frame),Conservative,2041,6.113,2025
NaturalGas,2-on-1 Combined Cycle (H-Frame),Conservative,2041,6.196,2024
NaturalGas,2-on-1 Combined Cycle (H-Frame),Conservative,2042,6.113,2025
NaturalGas,2-on-1 Combined Cycle (H-Frame),Conservative,2042,6.196,2024
NaturalGas,2-on-1 Combined Cycle (H-Frame),Conservative,2043,6.113,2025
NaturalGas,2-on-1 Combined Cycle (H-Frame),Conservative,2043,6.196,2024
NaturalGas,2-on-1 Combined Cycle (H-Frame),Conservative,2044,6.113,2025
NaturalGas,2-on-1 Combined Cycle (H-Frame),Conservative,2044,6.196,2024
NaturalGas,2-on-1 Combined Cycle (H-Frame),Conservative,2045,6.113,2025
NaturalGas,2-on-1 Combined Cycle (H-Frame),Conservative,2045,6.196,2024
NaturalGas,2-on-1 Combined Cycle (H-Frame),Conservative,2046,6.113,2025
NaturalGas,2-on-1 Combined Cycle (H-Frame),Conservative,2046,6.196,2024
NaturalGas,2-on-1 Combined Cycle (H-Frame),Conservative,2047,6.113,2025
NaturalGas,2-on-1 Combined Cycle (H-Frame),Conservative,2047,6.196,2024
NaturalGas,2-on-1 Combined Cycle (H-Frame),Conservative,2048,6.113,2025
NaturalGas,2-on-1 Combined Cycle (H-Frame),Conservative,2048,6.196,2024
NaturalGas,2-on-1 Combined Cycle (H-Frame),Conservative,2049,6.113,2025
NaturalGas,2-on-1 Combined Cycle (H-Frame),Conservative,2049,6.196,2024
NaturalGas,2-on-1 Combined Cycle (H-Frame),Conservative,2050,6.113,2025
NaturalGas,2-on-1 Combined Cycle (H-Frame),Conservative,2050,6.196,2024
NaturalGas,2-on-1 Combined Cycle (H-Frame),Conservative,2051,6.113,2025
NaturalGas,2-on-1 Combined Cycle (H-Frame),Conservative,2052,6.113,2025
NaturalGas,2-on-1 Combined Cycle (H-Frame),Conservative,2053,6.113,2025
NaturalGas,2-on-1 Combined Cycle (H-Frame),Conservative,2054,6.113,2025
NaturalGas,2-on-1 Combined Cycle (H-Frame),Conservative,2055,6.113,2025
NaturalGas,2-on-1 Combined Cycle (H-Frame),Conservative,2056,6.113,2025
NaturalGas,2-on-1 Combined Cycle (H-Frame),Conservative,2057,6.113,2025
NaturalGas,2-on-1 Combined Cycle (H-Frame),Conservative,2058,6.113,2025
NaturalGas,2-on-1 Combined Cycle (H-Frame),Conservative,2059,6.113,2025
NaturalGas,2-on-1 Combined Cycle (H-Frame),Conservative,2060,6.113,2025
NaturalGas,2-on-1 Combined Cycle (H-Frame),Moderate,2022,6.196,2024
NaturalGas,2-on-1 Combined Cycle (H-Frame),Moderate,2023,6.113,2025
NaturalGas,2-on-1 Combined Cycle (H-Frame),Moderate,2023,6.187,2024
NaturalGas,2-on-1 Combined Cycle (H-Frame),Moderate,2024,6.106,2025
NaturalGas,2-on-1 Combined Cycle (H-Frame),Moderate,2024,6.177,2024
NaturalGas,2-on-1 Combined Cycle (H-Frame),Moderate,2025,6.1,2025
NaturalGas,2-on-1 Combined Cycle (H-Frame),Moderate,2025,6.168,2024
NaturalGas,2-on-1 Combined Cycle (H-Frame),Moderate,2026,6.093,2025
NaturalGas,2-on-1 Combined Cycle (H-Frame),Moderate,2026,6.159,2024
NaturalGas,2-on-1 Combined Cycle (H-Frame),Moderate,2027,6.087,2025
NaturalGas,2-on-1 Combined Cycle (H-Frame),Moderate,2027,6.15,2024
NaturalGas,2-on-1 Combined Cycle (H-Frame),Moderate,2028,6.08,2025
NaturalGas,2-on-1 Combined Cycle (H-Frame),Moderate,2028,6.14,2024
NaturalGas,2-on-1 Combined Cycle (H-Frame),Moderate,2029,6.074,2025
NaturalGas,2-on-1 Combined Cycle (H-Frame),Moderate,2029,6.131,2024
NaturalGas,2-on-1 Combined Cycle (H-Frame),Moderate,2030,6.067,2025
NaturalGas,2-on-1 Combined Cycle (H-Frame),Moderate,2030,6.122,2024
NaturalGas,2-on-1 Combined Cycle (H-Frame),Moderate,2031,6.06,2025
NaturalGas,2-on-1 Combined Cycle (H-Frame),Moderate,2031,6.112,2024
NaturalGas,2-on-1 Combined Cycle (H-Frame),Moderate,2032,6.054,2025
NaturalGas,2-on-1 Combined Cycle (H-Frame),Moderate,2032,6.103,2024
NaturalGas,2-on-1 Combined Cycle (H-Frame),Moderate,2033,6.047,2025
NaturalGas,2-on-1 Combined Cycle (H-Frame),Moderate,2033,6.094,2024
NaturalGas,2-on-1 Combined Cycle (H-Frame),Moderate,2034,6.041,2025
NaturalGas,2-on-1 Combined Cycle (H-Frame),Moderate,2034,6.085,2024
NaturalGas,2-on-1 Combined Cycle (H-Frame),Moderate,2035,6.034,2025
NaturalGas,2-on-1 Combined Cycle (H-Frame),Moderate,2035,6.075,2024
NaturalGas,2-on-1 Combined Cycle (H-Frame),Moderate,2036,6.034,2025
NaturalGas,2-on-1 Combined Cycle (H-Frame),Moderate,2036,6.075,2024
NaturalGas,2-on-1 Combined Cycle (H-Frame),Moderate,2037,6.034,2025
NaturalGas,2-on-1 Combined Cycle (H-Frame),Moderate,2037,6.075,2024
NaturalGas,2-on-1 Combined Cycle (H-Frame),Moderate,2038,6.034,2025
NaturalGas,2-on-1 Combined Cycle (H-Frame),Moderate,2038,6.075,2024
NaturalGas,2-on-1 Combined Cycle (H-Frame),Moderate,2039,6.034,2025
NaturalGas,2-on-1 Combined Cycle (H-Frame),Moderate,2039,6.075,2024
NaturalGas,2-on-1 Combined Cycle (H-Frame),Moderate,2040,6.034,2025
NaturalGas,2-on-1 Combined Cycle (H-Frame),Moderate,2040,6.075,2024
NaturalGas,2-on-1 Combined Cycle (H-Frame),Moderate,2041,6.034,2025
NaturalGas,2-on-1 Combined Cycle (H-Frame),Moderate,2041,6.075,2024
NaturalGas,2-on-1 Combined Cycle (H-Frame),Moderate,2042,6.034,2025
NaturalGas,2-on-1 Combined Cycle (H-Frame),Moderate,2042,6.075,2024
NaturalGas,2-on-1 Combined Cycle (H-Frame),Moderate,2043,6.034,2025
NaturalGas,2-on-1 Combined Cycle (H-Frame),Moderate,2043,6.075,2024
NaturalGas,2-on-1 Combined Cycle (H-Frame),Moderate,2044,6.034,2025
NaturalGas,2-on-1 Combined Cycle (H-Frame),Moderate,2044,6.075,2024
NaturalGas,2-on-1 Combined Cycle (H-Frame),Moderate,2045,6.034,2025
NaturalGas,2-on-1 Combined Cycle (H-Frame),Moderate,2045,6.075,2024
NaturalGas,2-on-1 Combined Cycle (H-Frame),Moderate,2046,6.034,2025
NaturalGas,2-on-1 Combined Cycle (H-Frame),Moderate,2046,6.075,2024
NaturalGas,2-on-1 Combined Cycle (H-Frame),Moderate,2047,6.034,2025
NaturalGas,2-on-1 Combined Cycle (H-Frame),Moderate,2047,6.075,2024
NaturalGas,2-on-1 Combined Cycle (H-Frame),Moderate,2048,6.034,2025
NaturalGas,2-on-1 Combined Cycle (H-Frame),Moderate,2048,6.075,2024
NaturalGas,2-on-1 Combined Cycle (H-Frame),Moderate,2049,6.034,2025
NaturalGas,2-on-1 Combined Cycle (H-Frame),Moderate,2049,6.075,2024
NaturalGas,2-on-1 Combined Cycle (H-Frame),Moderate,2050,6.034,2025
NaturalGas,2-on-1 Combined Cycle (H-Frame),Moderate,2050,6.075,2024
NaturalGas,2-on-1 Combined Cycle (H-Frame),Moderate,2051,6.034,2025
NaturalGas,2-on-1 Combined Cycle (H-Frame),Moderate,2052,6.034,2025
NaturalGas,2-on-1 Combined Cycle (H-Frame),Moderate,2053,6.034,2025
NaturalGas,2-on-1 Combined Cycle (H-Frame),Moderate,2054,6.034,2025
NaturalGas,2-on-1 Combined Cycle (H-Frame),Moderate,2055,6.034,2025
NaturalGas,2-on-1 Combined Cycle (H-Frame),Moderate,2056,6.034,2025
NaturalGas,2-on-1 Combined Cycle (H-Frame),Moderate,2057,6.034,2025
NaturalGas,2-on-1 Combined Cycle (H-Frame),Moderate,2058,6.034,2025
NaturalGas,2-on-1 Combined Cycle (H-Frame),Moderate,2059,6.034,2025
NaturalGas,2-on-1 Combined Cycle (H-Frame),Moderate,2060,6.034,2025
NaturalGas,2-on-1 Combined Cycle (H-Frame) 95% CCS,Advanced,2022,7.007,2024
NaturalGas,2-on-1 Combined Cycle (H-Frame) 95% CCS,Advanced,2023,6.892,2025
NaturalGas,2-on-1 Combined Cycle (H-Frame) 95% CCS,Advanced,2023,6.966,2024
NaturalGas,2-on-1 Combined Cycle (H-Frame) 95% CCS,Advanced,2024,6.857,2025
NaturalGas,2-on-1 Combined Cycle (H-Frame) 95% CCS,Advanced,2024,6.925,2024
NaturalGas,2-on-1 Combined Cycle (H-Frame) 95% CCS,Advanced,2025,6.822,2025
NaturalGas,2-on-1 Combined Cycle (H-Frame) 95% CCS,Advanced,2025,6.884,2024
NaturalGas,2-on-1 Combined Cycle (H-Frame) 95% CCS,Advanced,2026,6.787,2025
NaturalGas,2-on-1 Combined Cycle (H-Frame) 95% CCS,Advanced,2026,6.843,2024
NaturalGas,2-on-1 Combined Cycle (H-Frame) 95% CCS,Advanced,2027,6.753,2025
NaturalGas,2-on-1 Combined Cycle (H-Frame) 95% CCS,Advanced,2027,6.802,2024
NaturalGas,2-on-1 Combined Cycle (H-Frame) 95% CCS,Advanced,2028,6.718,2025
NaturalGas,2-on-1 Combined Cycle (H-Frame) 95% CCS,Advanced,2028,6.761,2024
NaturalGas,2-on-1 Combined Cycle (H-Frame) 95% CCS,Advanced,2029,6.683,2025
NaturalGas,2-on-1 Combined Cycle (H-Frame) 95% CCS,Advanced,2029,6.72,2024
NaturalGas,2-on-1 Combined Cycle (H-Frame) 95% CCS,Advanced,2030,6.648,2025
NaturalGas,2-on-1 Combined Cycle (H-Frame) 95% CCS,Advanced,2030,6.679,2024
NaturalGas,2-on-1 Combined Cycle (H-Frame) 95% CCS,Advanced,2031,6.613,2025
NaturalGas,2-on-1 Combined Cycle (H-Frame) 95% CCS,Advanced,2031,6.638,2024
NaturalGas,2-on-1 Combined Cycle (H-Frame) 95% CCS,Advanced,2032,6.578,2025
NaturalGas,2-on-1 Combined Cycle (H-Frame) 95% CCS,Advanced,2032,6.597,2024
NaturalGas,2-on-1 Combined Cycle (H-Frame) 95% CCS,Advanced,2033,6.544,2025
NaturalGas,2-on-1 Combined Cycle (H-Frame) 95% CCS,Advanced,2033,6.556,2024
NaturalGas,2-on-1 Combined Cycle (H-Frame) 95% CCS,Advanced,2034,6.509,2025
NaturalGas,2-on-1 Combined Cycle (H-Frame) 95% CCS,Advanced,2034,6.515,2024
NaturalGas,2-on-1 Combined Cycle (H-Frame) 95% CCS,Advanced,2035,6.474,2024
NaturalGas,2-on-1 Combined Cycle (H-Frame) 95% CCS,Advanced,2035,6.474,2025
NaturalGas,2-on-1 Combined Cycle (H-Frame) 95% CCS,Advanced,2036,6.474,2024
NaturalGas,2-on-1 Combined Cycle (H-Frame) 95% CCS,Advanced,2036,6.474,2025
NaturalGas,2-on-1 Combined Cycle (H-Frame) 95% CCS,Advanced,2037,6.474,2024
NaturalGas,2-on-1 Combined Cycle (H-Frame) 95% CCS,Advanced,2037,6.474,2025
NaturalGas,2-on-1 Combined Cycle (H-Frame) 95% CCS,Advanced,2038,6.474,2024
NaturalGas,2-on-1 Combined Cycle (H-Frame) 95% CCS,Advanced,2038,6.474,2025
NaturalGas,2-on-1 Combined Cycle (H-Frame) 95% CCS,Advanced,2039,6.474,2024
NaturalGas,2-on-1 Combined Cycle (H-Frame) 95% CCS,Advanced,2039,6.474,2025
NaturalGas,2-on-1 Combined Cycle (H-Frame) 95% CCS,Advanced,2040,6.474,2024
NaturalGas,2-on-1 Combined Cycle (H-Frame) 95% CCS,Advanced,2040,6.474,2025
NaturalGas,2-on-1 Combined Cycle (H-Frame) 95% CCS,Advanced,2041,6.474,2024
NaturalGas,2-on-1 Combined Cycle (H-Frame) 95% CCS,Advanced,2041,6.474,2025
NaturalGas,2-on-1 Combined Cycle (H-Frame) 95% CCS,Advanced,2042,6.474,2024
NaturalGas,2-on-1 Combined Cycle (H-Frame) 95% CCS,Advanced,2042,6.474,2025
NaturalGas,2-on-1 Combined Cycle (H-Frame) 95% CCS,Advanced,2043,6.474,2024
NaturalGas,2-on-1 Combined Cycle (H-Frame) 95% CCS,Advanced,2043,6.474,2025
NaturalGas,2-on-1 Combined Cycle (H-Frame) 95% CCS,Advanced,2044,6.474,2024
NaturalGas,2-on-1 Combined Cycle (H-Frame) 95% CCS,Advanced,2044,6.474,2025
NaturalGas,2-on-1 Combined Cycle (H-Frame) 95% CCS,Advanced,2045,6.474,2024
NaturalGas,2-on-1 Combined Cycle (H-Frame) 95% CCS,Advanced,2045,6.474,2025
NaturalGas,2-on-1 Combined Cycle (H-Frame) 95% CCS,Advanced,2046,6.474,2024
NaturalGas,2-on-1 Combined Cycle (H-Frame) 95% CCS,Advanced,2046,6.474,2025
NaturalGas,2-on-1 Combined Cycle (H-Frame) 95% CCS,Advanced,2047,6.474,2024
NaturalGas,2-on-1 Combined Cycle (H-Frame) 95% CCS,Advanced,2047,6.474,2025
NaturalGas,2-on-1 Combined Cycle (H-Frame) 95% CCS,Advanced,2048,6.474,2024
NaturalGas,2-on-1 Combined Cycle (H-Frame) 95% CCS,Advanced,2048,6.474,2025
NaturalGas,2-on-1 Combined Cycle (H-Frame) 95% CCS,Advanced,2049,6.474,2024
NaturalGas,2-on-1 Combined Cycle (H-Frame) 95% CCS,Advanced,2049,6.474,2025
NaturalGas,2-on-1 Combined Cycle (H-Frame) 95% CCS,Advanced,2050,6.474,2024
NaturalGas,2-on-1 Combined Cycle (H-Frame) 95% CCS,Advanced,2050,6.474,2025
NaturalGas,2-on-1 Combined Cycle (H-Frame) 95% CCS,Advanced,2051,6.474,2025
NaturalGas,2-on-1 Combined Cycle (H-Frame) 95% CCS,Advanced,2052,6.474,2025
NaturalGas,2-on-1 Combined Cycle (H-Frame) 95% CCS,Advanced,2053,6.474,2025
NaturalGas,2-on-1 Combined Cycle (H-Frame) 95% CCS,Advanced,2054,6.474,2025
NaturalGas,2-on-1 Combined Cycle (H-Frame) 95% CCS,Advanced,2055,6.474,2025
NaturalGas,2-on-1 Combined Cycle (H-Frame) 95% CCS,Advanced,2056,6.474,2025
NaturalGas,2-on-1 Combined Cycle (H-Frame) 95% CCS,Advanced,2057,6.474,2025
NaturalGas,2-on-1 Combined Cycle (H-Frame) 95% CCS,Advanced,2058,6.474,2025
NaturalGas,2-on-1 Combined Cycle (H-Frame) 95% CCS,Advanced,2059,6.474,2025
NaturalGas,2-on-1 Combined Cycle (H-Frame) 95% CCS,Advanced,2060,6.474,2025
NaturalGas,2-on-1 Combined Cycle (H-Frame) 95% CCS,Conservative,2022,7.007,2024
NaturalGas,2-on-1 Combined Cycle (H-Frame) 95% CCS,Conservative,2023,6.892,2025
NaturalGas,2-on-1 Combined Cycle (H-Frame) 95% CCS,Conservative,2023,7.007,2024
NaturalGas,2-on-1 Combined Cycle (H-Frame) 95% CCS,Conservative,2024,6.892,2025
NaturalGas,2-on-1 Combined Cycle (H-Frame) 95% CCS,Conservative,2024,7.007,2024
NaturalGas,2-on-1 Combined Cycle (H-Frame) 95% CCS,Conservative,2025,6.892,2025
NaturalGas,2-on-1 Combined Cycle (H-Frame) 95% CCS,Conservative,2025,7.007,2024
NaturalGas,2-on-1 Combined Cycle (H-Frame) 95% CCS,Conservative,2026,6.892,2025
NaturalGas,2-on-1 Combined Cycle (H-Frame) 95% CCS,Conservative,2026,7.007,2024
NaturalGas,2-on-1 Combined Cycle (H-Frame) 95% CCS,Conservative,2027,6.892,2025
NaturalGas,2-on-1 Combined Cycle (H-Frame) 95% CCS,Conservative,2027,7.007,2024
NaturalGas,2-on-1 Combined Cycle (H-Frame) 95% CCS,Conservative,2028,6.892,2025
NaturalGas,2-on-1 Combined Cycle (H-Frame) 95% CCS,Conservative,2028,7.007,2024
NaturalGas,2-on-1 Combined Cycle (H-Frame) 95% CCS,Conservative,2029,6.892,2025
NaturalGas,2-on-1 Combined Cycle (H-Frame) 95% CCS,Conservative,2029,7.007,2024
NaturalGas,2-on-1 Combined Cycle (H-Frame) 95% CCS,Conservative,2030,6.892,2025
NaturalGas,2-on-1 Combined Cycle (H-Frame) 95% CCS,Conservative,2030,7.007,2024
NaturalGas,2-on-1 Combined Cycle (H-Frame) 95% CCS,Conservative,2031,6.892,2025
NaturalGas,2-on-1 Combined Cycle (H-Frame) 95% CCS,Conservative,2031,7.007,2024
NaturalGas,2-on-1 Combined Cycle (H-Frame) 95% CCS,Conservative,2032,6.892,2025
NaturalGas,2-on-1 Combined Cycle (H-Frame) 95% CCS,Conservative,2032,7.007,2024
NaturalGas,2-on-1 Combined Cycle (H-Frame) 95% CCS,Conservative,2033,6.892,2025
NaturalGas,2-on-1 Combined Cycle (H-Frame) 95% CCS,Conservative,2033,7.007,2024
NaturalGas,2-on-1 Combined Cycle (H-Frame) 95% CCS,Conservative,2034,6.892,2025
NaturalGas,2-on-1 Combined Cycle (H-Frame) 95% CCS,Conservative,2034,7.007,2024
NaturalGas,2-on-1 Combined Cycle (H-Frame) 95% CCS,Conservative,2035,6.892,2025
NaturalGas,2-on-1 Combined Cycle (H-Frame) 95% CCS,Conservative,2035,7.007,2024
NaturalGas,2-on-1 Combined Cycle (H-Frame) 95% CCS,Conservative,2036,6.892,2025
NaturalGas,2-on-1 Combined Cycle (H-Frame) 95% CCS,Conservative,2036,7.007,2024
NaturalGas,2-on-1 Combined Cycle (H-Frame) 95% CCS,Conservative,2037,6.892,2025
NaturalGas,2-on-1 Combined Cycle (H-Frame) 95% CCS,Conservative,2037,7.007,2024
NaturalGas,2-on-1 Combined Cycle (H-Frame) 95% CCS,Conservative,2038,6.892,2025
NaturalGas,2-on-1 Combined Cycle (H-Frame) 95% CCS,Conservative,2038,7.007,2024
NaturalGas,2-on-1 Combined Cycle (H-Frame) 95% CCS,Conservative,2039,6.892,2025
NaturalGas,2-on-1 Combined Cycle (H-Frame) 95% CCS,Conservative,2039,7.007,2024
NaturalGas,2-on-1 Combined Cycle (H-Frame) 95% CCS,Conservative,2040,6.892,2025
NaturalGas,2-on-1 Combined Cycle (H-Frame) 95% CCS,Conservative,2040,7.007,2024
NaturalGas,2-on-1 Combined Cycle (H-Frame) 95% CCS,Conservative,2041,6.892,2025
NaturalGas,2-on-1 Combined Cycle (H-Frame) 95% CCS,Conservative,2041,7.007,2024
NaturalGas,2-on-1 Combined Cycle (H-Frame) 95% CCS,Conservative,2042,6.892,2025
NaturalGas,2-on-1 Combined Cycle (H-Frame) 95% CCS,Conservative,2042,7.007,2024
NaturalGas,2-on-1 Combined Cycle (H-Frame) 95% CCS,Conservative,2043,6.892,2025
NaturalGas,2-on-1 Combined Cycle (H-Frame) 95% CCS,Conservative,2043,7.007,2024
NaturalGas,2-on-1 Combined Cycle (H-Frame) 95% CCS,Conservative,2044,6.892,2025
NaturalGas,2-on-1 Combined Cycle (H-Frame) 95% CCS,Conservative,2044,7.007,2024
NaturalGas,2-on-1 Combined Cycle (H-Frame) 95% CCS,Conservative,2045,6.892,2025
NaturalGas,2-on-1 Combined Cycle (H-Frame) 95% CCS,Conservative,2045,7.007,2024
NaturalGas,2-on-1 Combined Cycle (H-Frame) 95% CCS,Conservative,2046,6.892,2025
NaturalGas,2-on-1 Combined Cycle (H-Frame) 95% CCS,Conservative,2046,7.007,2024
NaturalGas,2-on-1 Combined Cycle (H-Frame) 95% CCS,Conservative,2047,6.892,2025
NaturalGas,2-on-1 Combined Cycle (H-Frame) 95% CCS,Conservative,2047,7.007,2024
NaturalGas,2-on-1 Combined Cycle (H-Frame) 95% CCS,Conservative,2048,6.892,2025
NaturalGas,2-on-1 Combined Cycle (H-Frame) 95% CCS,Conservative,2048,7.007,2024
NaturalGas,2-on-1 Combined Cycle (H-Frame) 95% CCS,Conservative,2049,6.892,2025
NaturalGas,2-on-1 Combined Cycle (H-Frame) 95% CCS,Conservative,2049,7.007,2024
NaturalGas,2-on-1 Combined Cycle (H-Frame) 95% CCS,Conservative,2050,6.892,2025
NaturalGas,2-on-1 Combined Cycle (H-Frame) 95% CCS,Conservative,2050,7.007,2024
NaturalGas,2-on-1 Combined Cycle (H-Frame) 95% CCS,Conservative,2051,6.892,2025
NaturalGas,2-on-1 Combined Cycle (H-Frame) 95% CCS,Conservative,2052,6.892,2025
NaturalGas,2-on-1 Combined Cycle (H-Frame) 95% CCS,Conservative,2053,6.892,2025
NaturalGas,2-on-1 Combined Cycle (H-Frame) 95% CCS,Conservative,2054,6.892,2025
NaturalGas,2-on-1 Combined Cycle (H-Frame) 95% CCS,Conservative,2055,6.892,2025
NaturalGas,2-on-1 Combined Cycle (H-Frame) 95% CCS,Conservative,2056,6.892,2025
NaturalGas,2-on-1 Combined Cycle (H-Frame) 95% CCS,Conservative,2057,6.892,2025
NaturalGas,2-on-1 Combined Cycle (H-Frame) 95% CCS,Conservative,2058,6.892,2025
NaturalGas,2-on-1 Combined Cycle (H-Frame) 95% CCS,Conservative,2059,6.892,2025
NaturalGas,2-on-1 Combined Cycle (H-Frame) 95% CCS,Conservative,2060,6.892,2025
NaturalGas,2-on-1 Combined Cycle (H-Frame) 95% CCS,Moderate,2022,7.007,2024
NaturalGas,2-on-1 Combined Cycle (H-Frame) 95% CCS,Moderate,2023,6.892,2025
NaturalGas,2-on-1 Combined Cycle (H-Frame) 95% CCS,Moderate,2023,6.986,2024
NaturalGas,2-on-1 Combined Cycle (H-Frame) 95% CCS,Moderate,2024,6.874,2025
NaturalGas,2-on-1 Combined Cycle (H-Frame) 95% CCS,Moderate,2024,6.966,2024
NaturalGas,2-on-1 Combined Cycle (H-Frame) 95% CCS,Moderate,2025,6.857,2025
NaturalGas,2-on-1 Combined Cycle (H-Frame) 95% CCS,Moderate,2025,6.945,2024
NaturalGas,2-on-1 Combined Cycle (H-Frame) 95% CCS,Moderate,2026,6.84,2025
NaturalGas,2-on-1 Combined Cycle (H-Frame) 95% CCS,Moderate,2026,6.925,2024
NaturalGas,2-on-1 Combined Cycle (H-Frame) 95% CCS,Moderate,2027,6.822,2025
NaturalGas,2-on-1 Combined Cycle (H-Frame) 95% CCS,Moderate,2027,6.904,2024
NaturalGas,2-on-1 Combined Cycle (H-Frame) 95% CCS,Moderate,2028,6.805,2025
NaturalGas,2-on-1 Combined Cycle (H-Frame) 95% CCS,Moderate,2028,6.884,2024
NaturalGas,2-on-1 Combined Cycle (H-Frame) 95% CCS,Moderate,2029,6.787,2025
NaturalGas,2-on-1 Combined Cycle (H-Frame) 95% CCS,Moderate,2029,6.863,2024
NaturalGas,2-on-1 Combined Cycle (H-Frame) 95% CCS,Moderate,2030,6.77,2025
NaturalGas,2-on-1 Combined Cycle (H-Frame) 95% CCS,Moderate,2030,6.843,2024
NaturalGas,2-on-1 Combined Cycle (H-Frame) 95% CCS,Moderate,2031,6.753,2025
NaturalGas,2-on-1 Combined Cycle (H-Frame) 95% CCS,Moderate,2031,6.822,2024
NaturalGas,2-on-1 Combined Cycle (H-Frame) 95% CCS,Moderate,2032,6.735,2025
NaturalGas,2-on-1 Combined Cycle (H-Frame) 95% CCS,Moderate,2032,6.802,2024
NaturalGas,2-on-1 Combined Cycle (H-Frame) 95% CCS,Moderate,2033,6.718,2025
NaturalGas,2-on-1 Combined Cycle (H-Frame) 95% CCS,Moderate,2033,6.781,2024
NaturalGas,2-on-1 Combined Cycle (H-Frame) 95% CCS,Moderate,2034,6.7,2025
NaturalGas,2-on-1 Combined Cycle (H-Frame) 95% CCS,Moderate,2034,6.761,2024
NaturalGas,2-on-1 Combined Cycle (H-Frame) 95% CCS,Moderate,2035,6.683,2025
NaturalGas,2-on-1 Combined Cycle (H-Frame) 95% CCS,Moderate,2035,6.74,2024
NaturalGas,2-on-1 Combined Cycle (H-Frame) 95% CCS,Moderate,2036,6.683,2025
NaturalGas,2-on-1 Combined Cycle (H-Frame) 95% CCS,Moderate,2036,6.74,2024
NaturalGas,2-on-1 Combined Cycle (H-Frame) 95% CCS,Moderate,2037,6.683,2025
NaturalGas,2-on-1 Combined Cycle (H-Frame) 95% CCS,Moderate,2037,6.74,2024
NaturalGas,2-on-1 Combined Cycle (H-Frame) 95% CCS,Moderate,2038,6.683,2025
NaturalGas,2-on-1 Combined Cycle (H-Frame) 95% CCS,Moderate,2038,6.74,2024
NaturalGas,2-on-1 Combined Cycle (H-Frame) 95% CCS,Moderate,2039,6.683,2025
NaturalGas,2-on-1 Combined Cycle (H-Frame) 95% CCS,Moderate,2039,6.74,2024
NaturalGas,2-on-1 Combined Cycle (H-Frame) 95% CCS,Moderate,2040,6.683,2025
NaturalGas,2-on-1 Combined Cycle (H-Frame) 95% CCS,Moderate,2040,6.74,2024
NaturalGas,2-on-1 Combined Cycle (H-Frame) 95% CCS,Moderate,2041,6.683,2025
NaturalGas,2-on-1 Combined Cycle (H-Frame) 95% CCS,Moderate,2041,6.74,2024
NaturalGas,2-on-1 Combined Cycle (H-Frame) 95% CCS,Moderate,2042,6.683,2025
NaturalGas,2-on-1 Combined Cycle (H-Frame) 95% CCS,Moderate,2042,6.74,2024
NaturalGas,2-on-1 Combined Cycle (H-Frame) 95% CCS,Moderate,2043,6.683,2025
NaturalGas,2-on-1 Combined Cycle (H-Frame) 95% CCS,Moderate,2043,6.74,2024
NaturalGas,2-on-1 Combined Cycle (H-Frame) 95% CCS,Moderate,2044,6.683,2025
NaturalGas,2-on-1 Combined Cycle (H-Frame) 95% CCS,Moderate,2044,6.74,2024
NaturalGas,2-on-1 Combined Cycle (H-Frame) 95% CCS,Moderate,2045,6.683,2025
NaturalGas,2-on-1 Combined Cycle (H-Frame) 95% CCS,Moderate,2045,6.74,2024
NaturalGas,2-on-1 Combined Cycle (H-Frame) 95% CCS,Moderate,2046,6.683,2025
NaturalGas,2-on-1 Combined Cycle (H-Frame) 95% CCS,Moderate,2046,6.74,2024
NaturalGas,2-on-1 Combined Cycle (H-Frame) 95% CCS,Moderate,2047,6.683,2025
NaturalGas,2-on-1 Combined Cycle (H-Frame) 95% CCS,Moderate,2047,6.74,2024
NaturalGas,2-on-1 Combined Cycle (H-Frame) 95% CCS,Moderate,2048,6.683,2025
NaturalGas,2-on-1 Combined Cycle (H-Frame) 95% CCS,Moderate,2048,6.74,2024
NaturalGas,2-on-1 Combined Cycle (H-Frame) 95% CCS,Moderate,2049,6.683,2025
NaturalGas,2-on-1 Combined Cycle (H-Frame) 95% CCS,Moderate,2049,6.74,2024
NaturalGas,2-on-1 Combined Cycle (H-Frame) 95% CCS,Moderate,2050,6.683,2025
NaturalGas,2-on-1 Combined Cycle (H-Frame) 95% CCS,Moderate,2050,6.74,2024
NaturalGas,2-on-1 Combined Cycle (H-Frame) 95% CCS,Moderate,2051,6.683,2025
NaturalGas,2-on-1 Combined Cycle (H-Frame) 95% CCS,Moderate,2052,6.683,2025
NaturalGas,2-on-1 Combined Cycle (H-Frame) 95% CCS,Moderate,2053,6.683,2025
NaturalGas,2-on-1 Combined Cycle (H-Frame) 95% CCS,Moderate,2054,6.683,2025
NaturalGas,2-on-1 Combined Cycle (H-Frame) 95% CCS,Moderate,2055,6.683,2025
NaturalGas,2-on-1 Combined Cycle (H-Frame) 95% CCS,Moderate,2056,6.683,2025
NaturalGas,2-on-1 Combined Cycle (H-Frame) 95% CCS,Moderate,2057,6.683,2025
NaturalGas,2-on-1 Combined Cycle (H-Frame) 95% CCS,Moderate,2058,6.683,2025
NaturalGas,2-on-1 Combined Cycle (H-Frame) 95% CCS,Moderate,2059,6.683,2025
NaturalGas,2-on-1 Combined Cycle (H-Frame) 95% CCS,Moderate,2060,6.683,2025
NaturalGas,2-on-1 Combined Cycle (H-Frame) 97% CCS,Advanced,2022,7.05,2024
NaturalGas,2-on-1 Combined Cycle (H-Frame) 97% CCS,Advanced,2023,6.928,2025
NaturalGas,2-on-1 Combined Cycle (H-Frame) 97% CCS,Advanced,2023,7.0,2024
NaturalGas,2-on-1 Combined Cycle (H-Frame) 97% CCS,Advanced,2024,6.892,2025
NaturalGas,2-on-1 Combined Cycle (H-Frame) 97% CCS,Advanced,2024,6.96,2024
NaturalGas,2-on-1 Combined Cycle (H-Frame) 97% CCS,Advanced,2025,6.856,2025
NaturalGas,2-on-1 Combined Cycle (H-Frame) 97% CCS,Advanced,2025,6.92,2024
NaturalGas,2-on-1 Combined Cycle (H-Frame) 97% CCS,Advanced,2026,6.82,2025
NaturalGas,2-on-1 Combined Cycle (H-Frame) 97% CCS,Advanced,2026,6.88,2024
NaturalGas,2-on-1 Combined Cycle (H-Frame) 97% CCS,Advanced,2027,6.784,2025
NaturalGas,2-on-1 Combined Cycle (H-Frame) 97% CCS,Advanced,2027,6.83,2024
NaturalGas,2-on-1 Combined Cycle (H-Frame) 97% CCS,Advanced,2028,6.748,2025
NaturalGas,2-on-1 Combined Cycle (H-Frame) 97% CCS,Advanced,2028,6.79,2024
NaturalGas,2-on-1 Combined Cycle (H-Frame) 97% CCS,Advanced,2029,6.712,2025
NaturalGas,2-on-1 Combined Cycle (H-Frame) 97% CCS,Advanced,2029,6.75,2024
NaturalGas,2-on-1 Combined Cycle (H-Frame) 97% CCS,Advanced,2030,6.676,2025
NaturalGas,2-on-1 Combined Cycle (H-Frame) 97% CCS,Advanced,2030,6.71,2024
NaturalGas,2-on-1 Combined Cycle (H-Frame) 97% CCS,Advanced,2031,6.64,2025
NaturalGas,2-on-1 Combined Cycle (H-Frame) 97% CCS,Advanced,2031,6.67,2024
NaturalGas,2-on-1 Combined Cycle (H-Frame) 97% CCS,Advanced,2032,6.604,2025
NaturalGas,2-on-1 Combined Cycle (H-Frame) 97% CCS,Advanced,2032,6.62,2024
NaturalGas,2-on-1 Combined Cycle (H-Frame) 97% CCS,Advanced,2033,6.568,2025
NaturalGas,2-on-1 Combined Cycle (H-Frame) 97% CCS,Advanced,2033,6.58,2024
NaturalGas,2-on-1 Combined Cycle (H-Frame) 97% CCS,Advanced,2034,6.532,2025
NaturalGas,2-on-1 Combined Cycle (H-Frame) 97% CCS,Advanced,2034,6.54,2024
NaturalGas,2-on-1 Combined Cycle (H-Frame) 97% CCS,Advanced,2035,6.496,2025
NaturalGas,2-on-1 Combined Cycle (H-Frame) 97% CCS,Advanced,2035,6.5,2024
NaturalGas,2-on-1 Combined Cycle (H-Frame) 97% CCS,Advanced,2036,6.496,2025
NaturalGas,2-on-1 Combined Cycle (H-Frame) 97% CCS,Advanced,2036,6.5,2024
NaturalGas,2-on-1 Combined Cycle (H-Frame) 97% CCS,Advanced,2037,6.496,2025
NaturalGas,2-on-1 Combined Cycle (H-Frame) 97% CCS,Advanced,2037,6.5,2024
NaturalGas,2-on-1 Combined Cycle (H-Frame) 97% CCS,Advanced,2038,6.496,2025
NaturalGas,2-on-1 Combined Cycle (H-Frame) 97% CCS,Advanced,2038,6.5,2024
NaturalGas,2-on-1 Combined Cycle (H-Frame) 97% CCS,Advanced,2039,6.496,2025
NaturalGas,2-on-1 Combined Cycle (H-Frame) 97% CCS,Advanced,2039,6.5,2024
NaturalGas,2-on-1 Combined Cycle (H-Frame) 97% CCS,Advanced,2040,6.496,2025
NaturalGas,2-on-1 Combined Cycle (H-Frame) 97% CCS,Advanced,2040,6.5,2024
NaturalGas,2-on-1 Combined Cycle (H-Frame) 97% CCS,Advanced,2041,6.496,2025
NaturalGas,2-on-1 Combined Cycle (H-Frame) 97% CCS,Advanced,2041,6.5,2024
NaturalGas,2-on-1 Combined Cycle (H-Frame) 97% CCS,Advanced,2042,6.496,2025
NaturalGas,2-on-1 Combined Cycle (H-Frame) 97% CCS,Advanced,2042,6.5,2024
NaturalGas,2-on-1 Combined Cycle (H-Frame) 97% CCS,Advanced,2043,6.496,2025
NaturalGas,2-on-1 Combined Cycle (H-Frame) 97% CCS,Advanced,2043,6.5,2024
NaturalGas,2-on-1 Combined Cycle (H-Frame) 97% CCS,Advanced,2044,6.496,2025
NaturalGas,2-on-1 Combined Cycle (H-Frame) 97% CCS,Advanced,2044,6.5,2024
NaturalGas,2-on-1 Combined Cycle (H-Frame) 97% CCS,Advanced,2045,6.496,2025
NaturalGas,2-on-1 Combined Cycle (H-Frame) 97% CCS,Advanced,2045,6.5,2024
NaturalGas,2-on-1 Combined Cycle (H-Frame) 97% CCS,Advanced,2046,6.496,2025
NaturalGas,2-on-1 Combined Cycle (H-Frame) 97% CCS,Advanced,2046,6.5,2024
NaturalGas,2-on-1 Combined Cycle (H-Frame) 97% CCS,Advanced,2047,6.496,2025
NaturalGas,2-on-1 Combined Cycle (H-Frame) 97% CCS,Advanced,2047,6.5,2024
NaturalGas,2-on-1 Combined Cycle (H-Frame) 97% CCS,Advanced,2048,6.496,2025
NaturalGas,2-on-1 Combined Cycle (H-Frame) 97% CCS,Advanced,2048,6.5,2024
NaturalGas,2-on-1 Combined Cycle (H-Frame) 97% CCS,Advanced,2049,6.496,2025
NaturalGas,2-on-1 Combined Cycle (H-Frame) 97% CCS,Advanced,2049,6.5,2024
NaturalGas,2-on-1 Combined Cycle (H-Frame) 97% CCS,Advanced,2050,6.496,2025
NaturalGas,2-on-1 Combined Cycle (H-Frame) 97% CCS,Advanced,2050,6.5,2024
NaturalGas,2-on-1 Combined Cycle (H-Frame) 97% CCS,Advanced,2051,6.496,2025
NaturalGas,2-on-1 Combined Cycle (H-Frame) 97% CCS,Advanced,2052,6.496,2025
NaturalGas,2-on-1 Combined Cycle (H-Frame) 97% CCS,Advanced,2053,6.496,2025
NaturalGas,2-on-1 Combined Cycle (H-Frame) 97% CCS,Advanced,2054,6.496,2025
NaturalGas,2-on-1 Combined Cycle (H-Frame) 97% CCS,Advanced,2055,6.496,2025
NaturalGas,2-on-1 Combined Cycle (H-Frame) 97% CCS,Advanced,2056,6.496,2025
NaturalGas,2-on-1 Combined Cycle (H-Frame) 97% CCS,Advanced,2057,6.496,2025
NaturalGas,2-on-1 Combined Cycle (H-Frame) 97% CCS,Advanced,2058,6.496,2025
NaturalGas,2-on-1 Combined Cycle (H-Frame) 97% CCS,Advanced,2059,6.496,2025
NaturalGas,2-on-1 Combined Cycle (H-Frame) 97% CCS,Advanced,2060,6.496,2025
NaturalGas,2-on-1 Combined Cycle (H-Frame) 97% CCS,Conservative,2022,7.05,2024
NaturalGas,2-on-1 Combined Cycle (H-Frame) 97% CCS,Conservative,2023,6.928,2025
NaturalGas,2-on-1 Combined Cycle (H-Frame) 97% CCS,Conservative,2023,7.05,2024
NaturalGas,2-on-1 Combined Cycle (H-Frame) 97% CCS,Conservative,2024,6.928,2025
NaturalGas,2-on-1 Combined Cycle (H-Frame) 97% CCS,Conservative,2024,7.05,2024
NaturalGas,2-on-1 Combined Cycle (H-Frame) 97% CCS,Conservative,2025,6.928,2025
NaturalGas,2-on-1 Combined Cycle (H-Frame) 97% CCS,Conservative,2025,7.05,2024
NaturalGas,2-on-1 Combined Cycle (H-Frame) 97% CCS,Conservative,2026,6.928,2025
NaturalGas,2-on-1 Combined Cycle (H-Frame) 97% CCS,Conservative,2026,7.05,2024
NaturalGas,2-on-1 Combined Cycle (H-Frame) 97% CCS,Conservative,2027,6.928,2025
NaturalGas,2-on-1 Combined Cycle (H-Frame) 97% CCS,Conservative,2027,7.05,2024
NaturalGas,2-on-1 Combined Cycle (H-Frame) 97% CCS,Conservative,2028,6.928,2025
NaturalGas,2-on-1 Combined Cycle (H-Frame) 97% CCS,Conservative,2028,7.05,2024
NaturalGas,2-on-1 Combined Cycle (H-Frame) 97% CCS,Conservative,2029,6.928,2025
NaturalGas,2-on-1 Combined Cycle (H-Frame) 97% CCS,Conservative,2029,7.05,2024
NaturalGas,2-on-1 Combined Cycle (H-Frame) 97% CCS,Conservative,2030,6.928,2025
NaturalGas,2-on-1 Combined Cycle (H-Frame) 97% CCS,Conservative,2030,7.05,2024
NaturalGas,2-on-1 Combined Cycle (H-Frame) 97% CCS,Conservative,2031,6.928,2025
NaturalGas,2-on-1 Combined Cycle (H-Frame) 97% CCS,Conservative,2031,7.05,2024
NaturalGas,2-on-1 Combined Cycle (H-Frame) 97% CCS,Conservative,2032,6.928,2025
NaturalGas,2-on-1 Combined Cycle (H-Frame) 97% CCS,Conservative,2032,7.05,2024
NaturalGas,2-on-1 Combined Cycle (H-Frame) 97% CCS,Conservative,2033,6.928,2025
NaturalGas,2-on-1 Combined Cycle (H-Frame) 97% CCS,Conservative,2033,7.05,2024
NaturalGas,2-on-1 Combined Cycle (H-Frame) 97% CCS,Conservative,2034,6.928,2025
NaturalGas,2-on-1 Combined Cycle (H-Frame) 97% CCS,Conservative,2034,7.05,2024
NaturalGas,2-on-1 Combined Cycle (H-Frame) 97% CCS,Conservative,2035,6.928,2025
NaturalGas,2-on-1 Combined Cycle (H-Frame) 97% CCS,Conservative,2035,7.05,2024
NaturalGas,2-on-1 Combined Cycle (H-Frame) 97% CCS,Conservative,2036,6.928,2025
NaturalGas,2-on-1 Combined Cycle (H-Frame) 97% CCS,Conservative,2036,7.05,2024
NaturalGas,2-on-1 Combined Cycle (H-Frame) 97% CCS,Conservative,2037,6.928,2025
NaturalGas,2-on-1 Combined Cycle (H-Frame) 97% CCS,Conservative,2037,7.05,2024
NaturalGas,2-on-1 Combined Cycle (H-Frame) 97% CCS,Conservative,2038,6.928,2025
NaturalGas,2-on-1 Combined Cycle (H-Frame) 97% CCS,Conservative,2038,7.05,2024
NaturalGas,2-on-1 Combined Cycle (H-Frame) 97% CCS,Conservative,2039,6.928,2025
NaturalGas,2-on-1 Combined Cycle (H-Frame) 97% CCS,Conservative,2039,7.05,2024
NaturalGas,2-on-1 Combined Cycle (H-Frame) 97% CCS,Conservative,2040,6.928,2025
NaturalGas,2-on-1 Combined Cycle (H-Frame) 97% CCS,Conservative,2040,7.05,2024
NaturalGas,2-on-1 Combined Cycle (H-Frame) 97% CCS,Conservative,2041,6.928,2025
NaturalGas,2-on-1 Combined Cycle (H-Frame) 97% CCS,Conservative,2041,7.05,2024
NaturalGas,2-on-1 Combined Cycle (H-Frame) 97% CCS,Conservative,2042,6.928,2025
NaturalGas,2-on-1 Combined Cycle (H-Frame) 97% CCS,Conservative,2042,7.05,2024
NaturalGas,2-on-1 Combined Cycle (H-Frame) 97% CCS,Conservative,2043,6.928,2025
NaturalGas,2-on-1 Combined Cycle (H-Frame) 97% CCS,Conservative,2043,7.05,2024
NaturalGas,2-on-1 Combined Cycle (H-Frame) 97% CCS,Conservative,2044,6.928,2025
NaturalGas,2-on-1 Combined Cycle (H-Frame) 97% CCS,Conservative,2044,7.05,2024
NaturalGas,2-on-1 Combined Cycle (H-Frame) 97% CCS,Conservative,2045,6.928,2025
NaturalGas,2-on-1 Combined Cycle (H-Frame) 97% CCS,Conservative,2045,7.05,2024
NaturalGas,2-on-1 Combined Cycle (H-Frame) 97% CCS,Conservative,2046,6.928,2025
NaturalGas,2-on-1 Combined Cycle (H-Frame) 97% CCS,Conservative,2046,7.05,2024
NaturalGas,2-on-1 Combined Cycle (H-Frame) 97% CCS,Conservative,2047,6.928,2025
NaturalGas,2-on-1 Combined Cycle (H-Frame) 97% CCS,Conservative,2047,7.05,2024
NaturalGas,2-on-1 Combined Cycle (H-Frame) 97% CCS,Conservative,2048,6.928,2025
NaturalGas,2-on-1 Combined Cycle (H-Frame) 97% CCS,Conservative,2048,7.05,2024
NaturalGas,2-on-1 Combined Cycle (H-Frame) 97% CCS,Conservative,2049,6.928,2025
NaturalGas,2-on-1 Combined Cycle (H-Frame) 97% CCS,Conservative,2049,7.05,2024
NaturalGas,2-on-1 Combined Cycle (H-Frame) 97% CCS,Conservative,2050,6.928,2025
NaturalGas,2-on-1 Combined Cycle (H-Frame) 97% CCS,Conservative,2050,7.05,2024
NaturalGas,2-on-1 Combined Cycle (H-Frame) 97% CCS,Conservative,2051,6.928,2025
NaturalGas,2-on-1 Combined Cycle (H-Frame) 97% CCS,Conservative,2052,6.928,2025
NaturalGas,2-on-1 Combined Cycle (H-Frame) 97% CCS,Conservative,2053,6.928,2025
NaturalGas,2-on-1 Combined Cycle (H-Frame) 97% CCS,Conservative,2054,6.928,2025
NaturalGas,2-on-1 Combined Cycle (H-Frame) 97% CCS,Conservative,2055,6.928,2025
NaturalGas,2-on-1 Combined Cycle (H-Frame) 97% CCS,Conservative,2056,6.928,2025
NaturalGas,2-on-1 Combined Cycle (H-Frame) 97% CCS,Conservative,2057,6.928,2025
NaturalGas,2-on-1 Combined Cycle (H-Frame) 97% CCS,Conservative,2058,6.928,2025
NaturalGas,2-on-1 Combined Cycle (H-Frame) 97% CCS,Conservative,2059,6.928,2025
NaturalGas,2-on-1 Combined Cycle (H-Frame) 97% CCS,Conservative,2060,6.928,2025
NaturalGas,2-on-1 Combined Cycle (H-Frame) 97% CCS,Moderate,2022,7.05,2024
NaturalGas,2-on-1 Combined Cycle (H-Frame) 97% CCS,Moderate,2023,6.928,2025
NaturalGas,2-on-1 Combined Cycle (H-Frame) 97% CCS,Moderate,2023,7.02,2024
NaturalGas,2-on-1 Combined Cycle (H-Frame) 97% CCS,Moderate,2024,6.91,2025
NaturalGas,2-on-1 Combined Cycle (H-Frame) 97% CCS,Moderate,2024,7.0,2024
NaturalGas,2-on-1 Combined Cycle (H-Frame) 97% CCS,Moderate,2025,6.892,2025
NaturalGas,2-on-1 Combined Cycle (H-Frame) 97% CCS,Moderate,2025,6.98,2024
NaturalGas,2-on-1 Combined Cycle (H-Frame) 97% CCS,Moderate,2026,6.874,2025
NaturalGas,2-on-1 Combined Cycle (H-Frame) 97% CCS,Moderate,2026,6.96,2024
NaturalGas,2-on-1 Combined Cycle (H-Frame) 97% CCS,Moderate,2027,6.856,2025
NaturalGas,2-on-1 Combined Cycle (H-Frame) 97% CCS,Moderate,2027,6.94,2024
NaturalGas,2-on-1 Combined Cycle (H-Frame) 97% CCS,Moderate,2028,6.838,2025
NaturalGas,2-on-1 Combined Cycle (H-Frame) 97% CCS,Moderate,2028,6.92,2024
NaturalGas,2-on-1 Combined Cycle (H-Frame) 97% CCS,Moderate,2029,6.82,2025
NaturalGas,2-on-1 Combined Cycle (H-Frame) 97% CCS,Moderate,2029,6.9,2024
NaturalGas,2-on-1 Combined Cycle (H-Frame) 97% CCS,Moderate,2030,6.802,2025
NaturalGas,2-on-1 Combined Cycle (H-Frame) 97% CCS,Moderate,2030,6.88,2024
NaturalGas,2-on-1 Combined Cycle (H-Frame) 97% CCS,Moderate,2031,6.784,2025
NaturalGas,2-on-1 Combined Cycle (H-Frame) 97% CCS,Moderate,2031,6.86,2024
NaturalGas,2-on-1 Combined Cycle (H-Frame) 97% CCS,Moderate,2032,6.766,2025
NaturalGas,2-on-1 Combined Cycle (H-Frame) 97% CCS,Moderate,2032,6.83,2024
NaturalGas,2-on-1 Combined Cycle (H-Frame) 97% CCS,Moderate,2033,6.748,2025
NaturalGas,2-on-1 Combined Cycle (H-Frame) 97% CCS,Moderate,2033,6.81,2024
NaturalGas,2-on-1 Combined Cycle (H-Frame) 97% CCS,Moderate,2034,6.73,2025
NaturalGas,2-on-1 Combined Cycle (H-Frame) 97% CCS,Moderate,2034,6.79,2024
NaturalGas,2-on-1 Combined Cycle (H-Frame) 97% CCS,Moderate,2035,6.712,2025
NaturalGas,2-on-1 Combined Cycle (H-Frame) 97% CCS,Moderate,2035,6.77,2024
NaturalGas,2-on-1 Combined Cycle (H-Frame) 97% CCS,Moderate,2036,6.712,2025
NaturalGas,2-on-1 Combined Cycle (H-Frame) 97% CCS,Moderate,2036,6.77,2024
NaturalGas,2-on-1 Combined Cycle (H-Frame) 97% CCS,Moderate,2037,6.712,2025
NaturalGas,2-on-1 Combined Cycle (H-Frame) 97% CCS,Moderate,2037,6.77,2024
NaturalGas,2-on-1 Combined Cycle (H-Frame) 97% CCS,Moderate,2038,6.712,2025
NaturalGas,2-on-1 Combined Cycle (H-Frame) 97% CCS,Moderate,2038,6.77,2024
NaturalGas,2-on-1 Combined Cycle (H-Frame) 97% CCS,Moderate,2039,6.712,2025
NaturalGas,2-on-1 Combined Cycle (H-Frame) 97% CCS,Moderate,2039,6.77,2024
NaturalGas,2-on-1 Combined Cycle (H-Frame) 97% CCS,Moderate,2040,6.712,2025
NaturalGas,2-on-1 Combined Cycle (H-Frame) 97% CCS,Moderate,2040,6.77,2024
NaturalGas,2-on-1 Combined Cycle (H-Frame) 97% CCS,Moderate,2041,6.712,2025
NaturalGas,2-on-1 Combined Cycle (H-Frame) 97% CCS,Moderate,2041,6.77,2024
NaturalGas,2-on-1 Combined Cycle (H-Frame) 97% CCS,Moderate,2042,6.712,2025
NaturalGas,2-on-1 Combined Cycle (H-Frame) 97% CCS,Moderate,2042,6.77,2024
NaturalGas,2-on-1 Combined Cycle (H-Frame) 97% CCS,Moderate,2043,6.712,2025
NaturalGas,2-on-1 Combined Cycle (H-Frame) 97% CCS,Moderate,2043,6.77,2024
NaturalGas,2-on-1 Combined Cycle (H-Frame) 97% CCS,Moderate,2044,6.712,2025
NaturalGas,2-on-1 Combined Cycle (H-Frame) 97% CCS,Moderate,2044,6.77,2024
NaturalGas,2-on-1 Combined Cycle (H-Frame) 97% CCS,Moderate,2045,6.712,2025
NaturalGas,2-on-1 Combined Cycle (H-Frame) 97% CCS,Moderate,2045,6.77,2024
NaturalGas,2-on-1 Combined Cycle (H-Frame) 97% CCS,Moderate,2046,6.712,2025
NaturalGas,2-on-1 Combined Cycle (H-Frame) 97% CCS,Moderate,2046,6.77,2024
NaturalGas,2-on-1 Combined Cycle (H-Frame) 97% CCS,Moderate,2047,6.712,2025
NaturalGas,2-on-1 Combined Cycle (H-Frame) 97% CCS,Moderate,2047,6.77,2024
NaturalGas,2-on-1 Combined Cycle (H-Frame) 97% CCS,Moderate,2048,6.712,2025
NaturalGas,2-on-1 Combined Cycle (H-Frame) 97% CCS,Moderate,2048,6.77,2024
NaturalGas,2-on-1 Combined Cycle (H-Frame) 97% CCS,Moderate,2049,6.712,2025
NaturalGas,2-on-1 Combined Cycle (H-Frame) 97% CCS,Moderate,2049,6.77,2024
NaturalGas,2-on-1 Combined Cycle (H-Frame) 97% CCS,Moderate,2050,6.712,2025
NaturalGas,2-on-1 Combined Cycle (H-Frame) 97% CCS,Moderate,2050,6.77,2024
NaturalGas,2-on-1 Combined Cycle (H-Frame) 97% CCS,Moderate,2051,6.712,2025
NaturalGas,2-on-1 Combined Cycle (H-Frame) 97% CCS,Moderate,2052,6.712,2025
NaturalGas,2-on-1 Combined Cycle (H-Frame) 97% CCS,Moderate,2053,6.712,2025
NaturalGas,2-on-1 Combined Cycle (H-Frame) 97% CCS,Moderate,2054,6.712,2025
NaturalGas,2-on-1 Combined Cycle (H-Frame) 97% CCS,Moderate,2055,6.712,2025
NaturalGas,2-on-1 Combined Cycle (H-Frame) 97% CCS,Moderate,2056,6.712,2025
NaturalGas,2-on-1 Combined Cycle (H-Frame) 97% CCS,Moderate,2057,6.712,2025
NaturalGas,2-on-1 Combined Cycle (H-Frame) 97% CCS,Moderate,2058,6.712,2025
NaturalGas,2-on-1 Combined Cycle (H-Frame) 97% CCS,Moderate,2059,6.712,2025
NaturalGas,2-on-1 Combined Cycle (H-Frame) 97% CCS,Moderate,2060,6.712,2025
NaturalGas,Combustion Turbine (F-Frame),Advanced,2022,9.717,2024
NaturalGas,Combustion Turbine (F-Frame),Advanced,2023,9.717,2024
NaturalGas,Combustion Turbine (F-Frame),Advanced,2023,9.717,2025
NaturalGas,Combustion Turbine (F-Frame),Advanced,2024,9.717,2024
NaturalGas,Combustion Turbine (F-Frame),Advanced,2024,9.717,2025
NaturalGas,Combustion Turbine (F-Frame),Advanced,2025,9.717,2024
NaturalGas,Combustion Turbine (F-Frame),Advanced,2025,9.717,2025
NaturalGas,Combustion Turbine (F-Frame),Advanced,2026,9.717,2024
NaturalGas,Combustion Turbine (F-Frame),Advanced,2026,9.717,2025
NaturalGas,Combustion Turbine (F-Frame),Advanced,2027,9.717,2024
NaturalGas,Combustion Turbine (F-Frame),Advanced,2027,9.717,2025
NaturalGas,Combustion Turbine (F-Frame),Advanced,2028,9.717,2024
NaturalGas,Combustion Turbine (F-Frame),Advanced,2028,9.717,2025
NaturalGas,Combustion Turbine (F-Frame),Advanced,2029,9.717,2024
NaturalGas,Combustion Turbine (F-Frame),Advanced,2029,9.717,2025
NaturalGas,Combustion Turbine (F-Frame),Advanced,2030,9.717,2024
NaturalGas,Combustion Turbine (F-Frame),Advanced,2030,9.717,2025
NaturalGas,Combustion Turbine (F-Frame),Advanced,2031,9.717,2024
NaturalGas,Combustion Turbine (F-Frame),Advanced,2031,9.717,2025
NaturalGas,Combustion Turbine (F-Frame),Advanced,2032,9.717,2024
NaturalGas,Combustion Turbine (F-Frame),Advanced,2032,9.717,2025
NaturalGas,Combustion Turbine (F-Frame),Advanced,2033,9.717,2024
NaturalGas,Combustion Turbine (F-Frame),Advanced,2033,9.717,2025
NaturalGas,Combustion Turbine (F-Frame),Advanced,2034,9.717,2024
NaturalGas,Combustion Turbine (F-Frame),Advanced,2034,9.717,2025
NaturalGas,Combustion Turbine (F-Frame),Advanced,2035,9.717,2024
NaturalGas,Combustion Turbine (F-Frame),Advanced,2035,9.717,2025
NaturalGas,Combustion Turbine (F-Frame),Advanced,2036,9.717,2024
NaturalGas,Combustion Turbine (F-Frame),Advanced,2036,9.717,2025
NaturalGas,Combustion Turbine (F-Frame),Advanced,2037,9.717,2024
NaturalGas,Combustion Turbine (F-Frame),Advanced,2037,9.717,2025
NaturalGas,Combustion Turbine (F-Frame),Advanced,2038,9.717,2024
NaturalGas,Combustion Turbine (F-Frame),Advanced,2038,9.717,2025
NaturalGas,Combustion Turbine (F-Frame),Advanced,2039,9.717,2024
NaturalGas,Combustion Turbine (F-Frame),Advanced,2039,9.717,2025
NaturalGas,Combustion Turbine (F-Frame),Advanced,2040,9.717,2024
NaturalGas,Combustion Turbine (F-Frame),Advanced,2040,9.717,2025
NaturalGas,Combustion Turbine (F-Frame),Advanced,2041,9.717,2024
NaturalGas,Combustion Turbine (F-Frame),Advanced,2041,9.717,2025
NaturalGas,Combustion Turbine (F-Frame),Advanced,2042,9.717,2024
NaturalGas,Combustion Turbine (F-Frame),Advanced,2042,9.717,2025
NaturalGas,Combustion Turbine (F-Frame),Advanced,2043,9.717,2024
NaturalGas,Combustion Turbine (F-Frame),Advanced,2043,9.717,2025
NaturalGas,Combustion Turbine (F-Frame),Advanced,2044,9.717,2024
NaturalGas,Combustion Turbine (F-Frame),Advanced,2044,9.717,2025
NaturalGas,Combustion Turbine (F-Frame),Advanced,2045,9.717,2024
NaturalGas,Combustion Turbine (F-Frame),Advanced,2045,9.717,2025
NaturalGas,Combustion Turbine (F-Frame),Advanced,2046,9.717,2024
NaturalGas,Combustion Turbine (F-Frame),Advanced,2046,9.717,2025
NaturalGas,Combustion Turbine (F-Frame),Advanced,2047,9.717,2024
NaturalGas,Combustion Turbine (F-Frame),Advanced,2047,9.717,2025
NaturalGas,Combustion Turbine (F-Frame),Advanced,2048,9.717,2024
NaturalGas,Combustion Turbine (F-Frame),Advanced,2048,9.717,2025
NaturalGas,Combustion Turbine (F-Frame),Advanced,2049,9.717,2024
NaturalGas,Combustion Turbine (F-Frame),Advanced,2049,9.717,2025
NaturalGas,Combustion Turbine (F-Frame),Advanced,2050,9.717,2024
NaturalGas,Combustion Turbine (F-Frame),Advanced,2050,9.717,2025
NaturalGas,Combustion Turbine (F-Frame),Advanced,2051,9.717,2025
NaturalGas,Combustion Turbine (F-Frame),Advanced,2052,9.717,2025
NaturalGas,Combustion Turbine (F-Frame),Advanced,2053,9.717,2025
NaturalGas,Combustion Turbine (F-Frame),Advanced,2054,9.717,2025
NaturalGas,Combustion Turbine (F-Frame),Advanced,2055,9.717,2025
NaturalGas,Combustion Turbine (F-Frame),Advanced,2056,9.717,2025
NaturalGas,Combustion Turbine (F-Frame),Advanced,2057,9.717,2025
NaturalGas,Combustion Turbine (F-Frame),Advanced,2058,9.717,2025
NaturalGas,Combustion Turbine (F-Frame),Advanced,2059,9.717,2025
NaturalGas,Combustion Turbine (F-Frame),Advanced,2060,9.717,2025
NaturalGas,Combustion Turbine (F-Frame),Conservative,2022,9.717,2024
NaturalGas,Combustion Turbine (F-Frame),Conservative,2023,9.717,2024
NaturalGas,Combustion Turbine (F-Frame),Conservative,2023,9.717,2025
NaturalGas,Combustion Turbine (F-Frame),Conservative,2024,9.717,2024
NaturalGas,Combustion Turbine (F-Frame),Conservative,2024,9.717,2025
NaturalGas,Combustion Turbine (F-Frame),Conservative,2025,9.717,2024
NaturalGas,Combustion Turbine (F-Frame),Conservative,2025,9.717,2025
NaturalGas,Combustion Turbine (F-Frame),Conservative,2026,9.717,2024
NaturalGas,Combustion Turbine (F-Frame),Conservative,2026,9.717,2025
NaturalGas,Combustion Turbine (F-Frame),Conservative,2027,9.717,2024
NaturalGas,Combustion Turbine (F-Frame),Conservative,2027,9.717,2025
NaturalGas,Combustion Turbine (F-Frame),Conservative,2028,9.717,2024
NaturalGas,Combustion Turbine (F-Frame),Conservative,2028,9.717,2025
NaturalGas,Combustion Turbine (F-Frame),Conservative,2029,9.717,2024
NaturalGas,Combustion Turbine (F-Frame),Conservative,2029,9.717,2025
NaturalGas,Combustion Turbine (F-Frame),Conservative,2030,9.717,2024
NaturalGas,Combustion Turbine (F-Frame),Conservative,2030,9.717,2025
NaturalGas,Combustion Turbine (F-Frame),Conservative,2031,9.717,2024
NaturalGas,Combustion Turbine (F-Frame),Conservative,2031,9.717,2025
NaturalGas,Combustion Turbine (F-Frame),Conservative,2032,9.717,2024
NaturalGas,Combustion Turbine (F-Frame),Conservative,2032,9.717,2025
NaturalGas,Combustion Turbine (F-Frame),Conservative,2033,9.717,2024
NaturalGas,Combustion Turbine (F-Frame),Conservative,2033,9.717,2025
NaturalGas,Combustion Turbine (F-Frame),Conservative,2034,9.717,2024
NaturalGas,Combustion Turbine (F-Frame),Conservative,2034,9.717,2025
NaturalGas,Combustion Turbine (F-Frame),Conservative,2035,9.717,2024
NaturalGas,Combustion Turbine (F-Frame),Conservative,2035,9.717,2025
NaturalGas,Combustion Turbine (F-Frame),Conservative,2036,9.717,2024
NaturalGas,Combustion Turbine (F-Frame),Conservative,2036,9.717,2025
NaturalGas,Combustion Turbine (F-Frame),Conservative,2037,9.717,2024
NaturalGas,Combustion Turbine (F-Frame),Conservative,2037,9.717,2025
NaturalGas,Combustion Turbine (F-Frame),Conservative,2038,9.717,2024
NaturalGas,Combustion Turbine (F-Frame),Conservative,2038,9.717,2025
NaturalGas,Combustion Turbine (F-Frame),Conservative,2039,9.717,2024
NaturalGas,Combustion Turbine (F-Frame),Conservative,2039,9.717,2025
NaturalGas,Combustion Turbine (F-Frame),Conservative,2040,9.717,2024
NaturalGas,Combustion Turbine (F-Frame),Conservative,2040,9.717,2025
NaturalGas,Combustion Turbine (F-Frame),Conservative,2041,9.717,2024
NaturalGas,Combustion Turbine (F-Frame),Conservative,2041,9.717,2025
NaturalGas,Combustion Turbine (F-Frame),Conservative,2042,9.717,2024
NaturalGas,Combustion Turbine (F-Frame),Conservative,2042,9.717,2025
NaturalGas,Combustion Turbine (F-Frame),Conservative,2043,9.717,2024
NaturalGas,Combustion Turbine (F-Frame),Conservative,2043,9.717,2025
NaturalGas,Combustion Turbine (F-Frame),Conservative,2044,9.717,2024
NaturalGas,Combustion Turbine (F-Frame),Conservative,2044,9.717,2025
NaturalGas,Combustion Turbine (F-Frame),Conservative,2045,9.717,2024
NaturalGas,Combustion Turbine (F-Frame),Conservative,2045,9.717,2025
NaturalGas,Combustion Turbine (F-Frame),Conservative,2046,9.717,2024
NaturalGas,Combustion Turbine (F-Frame),Conservative,2046,9.717,2025
NaturalGas,Combustion Turbine (F-Frame),Conservative,2047,9.717,2024
NaturalGas,Combustion Turbine (F-Frame),Conservative,2047,9.717,2025
NaturalGas,Combustion Turbine (F-Frame),Conservative,2048,9.717,2024
NaturalGas,Combustion Turbine (F-Frame),Conservative,2048,9.717,2025
NaturalGas,Combustion Turbine (F-Frame),Conservative,2049,9.717,2024
NaturalGas,Combustion Turbine (F-Frame),Conservative,2049,9.717,2025
NaturalGas,Combustion Turbine (F-Frame),Conservative,2050,9.717,2024
NaturalGas,Combustion Turbine (F-Frame),Conservative,2050,9.717,2025
NaturalGas,Combustion Turbine (F-Frame),Conservative,2051,9.717,2025
NaturalGas,Combustion Turbine (F-Frame),Conservative,2052,9.717,2025
NaturalGas,Combustion Turbine (F-Frame),Conservative,2053,9.717,2025
NaturalGas,Combustion Turbine (F-Frame),Conservative,2054,9.717,2025
NaturalGas,Combustion Turbine (F-Frame),Conservative,2055,9.717,2025
NaturalGas,Combustion Turbine (F-Frame),Conservative,2056,9.717,2025
NaturalGas,Combustion Turbine (F-Frame),Conservative,2057,9.717,2025
NaturalGas,Combustion Turbine (F-Frame),Conservative,2058,9.717,2025
NaturalGas,Combustion Turbine (F-Frame),Conservative,2059,9.717,2025
NaturalGas,Combustion Turbine (F-Frame),Conservative,2060,9.717,2025
NaturalGas,Combustion Turbine (F-Frame),Moderate,2022,9.717,2024
NaturalGas,Combustion Turbine (F-Frame),Moderate,2023,9.717,2024
NaturalGas,Combustion Turbine (F-Frame),Moderate,2023,9.717,2025
NaturalGas,Combustion Turbine (F-Frame),Moderate,2024,9.717,2024
NaturalGas,Combustion Turbine (F-Frame),Moderate,2024,9.717,2025
NaturalGas,Combustion Turbine (F-Frame),Moderate,2025,9.717,2024
NaturalGas,Combustion Turbine (F-Frame),Moderate,2025,9.717,2025
NaturalGas,Combustion Turbine (F-Frame),Moderate,2026,9.717,2024
NaturalGas,Combustion Turbine (F-Frame),Moderate,2026,9.717,2025
NaturalGas,Combustion Turbine (F-Frame),Moderate,2027,9.717,2024
NaturalGas,Combustion Turbine (F-Frame),Moderate,2027,9.717,2025
NaturalGas,Combustion Turbine (F-Frame),Moderate,2028,9.717,2024
NaturalGas,Combustion Turbine (F-Frame),Moderate,2028,9.717,2025
NaturalGas,Combustion Turbine (F-Frame),Moderate,2029,9.717,2024
NaturalGas,Combustion Turbine (F-Frame),Moderate,2029,9.717,2025
NaturalGas,Combustion Turbine (F-Frame),Moderate,2030,9.717,2024
NaturalGas,Combustion Turbine (F-Frame),Moderate,2030,9.717,2025
NaturalGas,Combustion Turbine (F-Frame),Moderate,2031,9.717,2024
NaturalGas,Combustion Turbine (F-Frame),Moderate,2031,9.717,2025
NaturalGas,Combustion Turbine (F-Frame),Moderate,2032,9.717,2024
NaturalGas,Combustion Turbine (F-Frame),Moderate,2032,9.717,2025
NaturalGas,Combustion Turbine (F-Frame),Moderate,2033,9.717,2024
NaturalGas,Combustion Turbine (F-Frame),Moderate,2033,9.717,2025
NaturalGas,Combustion Turbine (F-Frame),Moderate,2034,9.717,2024
NaturalGas,Combustion Turbine (F-Frame),Moderate,2034,9.717,2025
NaturalGas,Combustion Turbine (F-Frame),Moderate,2035,9.717,2024
NaturalGas,Combustion Turbine (F-Frame),Moderate,2035,9.717,2025
NaturalGas,Combustion Turbine (F-Frame),Moderate,2036,9.717,2024
NaturalGas,Combustion Turbine (F-Frame),Moderate,2036,9.717,2025
NaturalGas,Combustion Turbine (F-Frame),Moderate,2037,9.717,2024
NaturalGas,Combustion Turbine (F-Frame),Moderate,2037,9.717,2025
NaturalGas,Combustion Turbine (F-Frame),Moderate,2038,9.717,2024
NaturalGas,Combustion Turbine (F-Frame),Moderate,2038,9.717,2025
NaturalGas,Combustion Turbine (F-Frame),Moderate,2039,9.717,2024
NaturalGas,Combustion Turbine (F-Frame),Moderate,2039,9.717,2025
NaturalGas,Combustion Turbine (F-Frame),Moderate,2040,9.717,2024
NaturalGas,Combustion Turbine (F-Frame),Moderate,2040,9.717,2025
NaturalGas,Combustion Turbine (F-Frame),Moderate,2041,9.717,2024
NaturalGas,Combustion Turbine (F-Frame),Moderate,2041,9.717,2025
NaturalGas,Combustion Turbine (F-Frame),Moderate,2042,9.717,2024
NaturalGas,Combustion Turbine (F-Frame),Moderate,2042,9.717,2025
NaturalGas,Combustion Turbine (F-Frame),Moderate,2043,9.717,2024
NaturalGas,Combustion Turbine (F-Frame),Moderate,2043,9.717,2025
NaturalGas,Combustion Turbine (F-Frame),Moderate,2044,9.717,2024
NaturalGas,Combustion Turbine (F-Frame),Moderate,2044,9.717,2025
NaturalGas,Combustion Turbine (F-Frame),Moderate,2045,9.717,2024
NaturalGas,Combustion Turbine (F-Frame),Moderate,2045,9.717,2025
NaturalGas,Combustion Turbine (F-Frame),Moderate,2046,9.717,2024
NaturalGas,Combustion Turbine (F-Frame),Moderate,2046,9.717,2025
NaturalGas,Combustion Turbine (F-Frame),Moderate,2047,9.717,2024
NaturalGas,Combustion Turbine (F-Frame),Moderate,2047,9.717,2025
NaturalGas,Combustion Turbine (F-Frame),Moderate,2048,9.717,2024
NaturalGas,Combustion Turbine (F-Frame),Moderate,2048,9.717,2025
NaturalGas,Combustion Turbine (F-Frame),Moderate,2049,9.717,2024
NaturalGas,Combustion Turbine (F-Frame),Moderate,2049,9.717,2025
NaturalGas,Combustion Turbine (F-Frame),Moderate,2050,9.717,2024
NaturalGas,Combustion Turbine (F-Frame),Moderate,2050,9.717,2025
NaturalGas,Combustion Turbine (F-Frame),Moderate,2051,9.717,2025
NaturalGas,Combustion Turbine (F-Frame),Moderate,2052,9.717,2025
NaturalGas,Combustion Turbine (F-Frame),Moderate,2053,9.717,2025
NaturalGas,Combustion Turbine (F-Frame),Moderate,2054,9.717,2025
NaturalGas,Combustion Turbine (F-Frame),Moderate,2055,9.717,2025
NaturalGas,Combustion Turbine (F-Frame),Moderate,2056,9.717,2025
NaturalGas,Combustion Turbine (F-Frame),Moderate,2057,9.717,2025
NaturalGas,Combustion Turbine (F-Frame),Moderate,2058,9.717,2025
NaturalGas,Combustion Turbine (F-Frame),Moderate,2059,9.717,2025
NaturalGas,Combustion Turbine (F-Frame),Moderate,2060,9.717,2025
NaturalGas,F-Frame CC,Advanced,2021,6.363,2023
NaturalGas,F-Frame CC,Advanced,2022,6.363,2023
NaturalGas,F-Frame CC,Advanced,2023,6.332,2023
NaturalGas,F-Frame CC,Advanced,2024,6.3,2023
NaturalGas,F-Frame CC,Advanced,2025,6.269,2023
NaturalGas,F-Frame CC,Advanced,2026,6.238,2023
NaturalGas,F-Frame CC,Advanced,2027,6.206,2023
NaturalGas,F-Frame CC,Advanced,2028,6.175,2023
NaturalGas,F-Frame CC,Advanced,2029,6.143,2023
NaturalGas,F-Frame CC,Advanced,2030,6.112,2023
NaturalGas,F-Frame CC,Advanced,2031,6.081,2023
NaturalGas,F-Frame CC,Advanced,2032,6.049,2023
NaturalGas,F-Frame CC,Advanced,2033,6.018,2023
NaturalGas,F-Frame CC,Advanced,2034,5.986,2023
NaturalGas,F-Frame CC,Advanced,2035,5.955,2023
NaturalGas,F-Frame CC,Advanced,2036,5.955,2023
NaturalGas,F-Frame CC,Advanced,2037,5.955,2023
NaturalGas,F-Frame CC,Advanced,2038,5.955,2023
NaturalGas,F-Frame CC,Advanced,2039,5.955,2023
NaturalGas,F-Frame CC,Advanced,2040,5.955,2023
NaturalGas,F-Frame CC,Advanced,2041,5.955,2023
NaturalGas,F-Frame CC,Advanced,2042,5.955,2023
NaturalGas,F-Frame CC,Advanced,2043,5.955,2023
NaturalGas,F-Frame CC,Advanced,2044,5.955,2023
NaturalGas,F-Frame CC,Advanced,2045,5.955,2023
NaturalGas,F-Frame CC,Advanced,2046,5.955,2023
NaturalGas,F-Frame CC,Advanced,2047,5.955,2023
NaturalGas,F-Frame CC,Advanced,2048,5.955,2023
NaturalGas,F-Frame CC,Advanced,2049,5.955,2023
NaturalGas,F-Frame CC,Advanced,2050,5.955,2023
NaturalGas,F-Frame CC,Conservative,2021,6.363,2023
NaturalGas,F-Frame CC,Conservative,2022,6.363,2023
NaturalGas,F-Frame CC,Conservative,2023,6.363,2023
NaturalGas,F-Frame CC,Conservative,2024,6.363,2023
NaturalGas,F-Frame CC,Conservative,2025,6.363,2023
NaturalGas,F-Frame CC,Conservative,2026,6.363,2023
NaturalGas,F-Frame CC,Conservative,2027,6.363,2023
NaturalGas,F-Frame CC,Conservative,2028,6.363,2023
NaturalGas,F-Frame CC,Conservative,2029,6.363,2023
NaturalGas,F-Frame CC,Conservative,2030,6.363,2023
NaturalGas,F-Frame CC,Conservative,2031,6.363,2023
NaturalGas,F-Frame CC,Conservative,2032,6.363,2023
NaturalGas,F-Frame CC,Conservative,2033,6.363,2023
NaturalGas,F-Frame CC,Conservative,2034,6.363,2023
NaturalGas,F-Frame CC,Conservative,2035,6.363,2023
NaturalGas,F-Frame CC,Conservative,2036,6.363,2023
NaturalGas,F-Frame CC,Conservative,2037,6.363,2023
NaturalGas,F-Frame CC,Conservative,2038,6.363,2023
NaturalGas,F-Frame CC,Conservative,2039,6.363,2023
NaturalGas,F-Frame CC,Conservative,2040,6.363,2023
NaturalGas,F-Frame CC,Conservative,2041,6.363,2023
NaturalGas,F-Frame CC,Conservative,2042,6.363,2023
NaturalGas,F-Frame CC,Conservative,2043,6.363,2023
NaturalGas,F-Frame CC,Conservative,2044,6.363,2023
NaturalGas,F-Frame CC,Conservative,2045,6.363,2023
NaturalGas,F-Frame CC,Conservative,2046,6.363,2023
NaturalGas,F-Frame CC,Conservative,2047,6.363,2023
NaturalGas,F-Frame CC,Conservative,2048,6.363,2023
NaturalGas,F-Frame CC,Conservative,2049,6.363,2023
NaturalGas,F-Frame CC,Conservative,2050,6.363,2023
NaturalGas,F-Frame CC,Moderate,2021,6.363,2023
NaturalGas,F-Frame CC,Moderate,2022,6.363,2023
NaturalGas,F-Frame CC,Moderate,2023,6.348,2023
NaturalGas,F-Frame CC,Moderate,2024,6.332,2023
NaturalGas,F-Frame CC,Moderate,2025,6.316,2023
NaturalGas,F-Frame CC,Moderate,2026,6.3,2023
NaturalGas,F-Frame CC,Moderate,2027,6.285,2023
NaturalGas,F-Frame CC,Moderate,2028,6.269,2023
NaturalGas,F-Frame CC,Moderate,2029,6.253,2023
NaturalGas,F-Frame CC,Moderate,2030,6.238,2023
NaturalGas,F-Frame CC,Moderate,2031,6.222,2023
NaturalGas,F-Frame CC,Moderate,2032,6.206,2023
NaturalGas,F-Frame CC,Moderate,2033,6.19,2023
NaturalGas,F-Frame CC,Moderate,2034,6.175,2023
NaturalGas,F-Frame CC,Moderate,2035,6.159,2023
NaturalGas,F-Frame CC,Moderate,2036,6.159,2023
NaturalGas,F-Frame CC,Moderate,2037,6.159,2023
NaturalGas,F-Frame CC,Moderate,2038,6.159,2023
NaturalGas,F-Frame CC,Moderate,2039,6.159,2023
NaturalGas,F-Frame CC,Moderate,2040,6.159,2023
NaturalGas,F-Frame CC,Moderate,2041,6.159,2023
NaturalGas,F-Frame CC,Moderate,2042,6.159,2023
NaturalGas,F-Frame CC,Moderate,2043,6.159,2023
NaturalGas,F-Frame CC,Moderate,2044,6.159,2023
NaturalGas,F-Frame CC,Moderate,2045,6.159,2023
NaturalGas,F-Frame CC,Moderate,2046,6.159,2023
NaturalGas,F-Frame CC,Moderate,2047,6.159,2023
NaturalGas,F-Frame CC,Moderate,2048,6.159,2023
NaturalGas,F-Frame CC,Moderate,2049,6.159,2023
NaturalGas,F-Frame CC,Moderate,2050,6.159,2023
NaturalGas,F-Frame CC 95% CCS,Advanced,2021,7.22,2023
NaturalGas,F-Frame CC 95% CCS,Advanced,2022,7.22,2023
NaturalGas,F-Frame CC 95% CCS,Advanced,2023,7.162,2023
NaturalGas,F-Frame CC 95% CCS,Advanced,2024,7.105,2023
NaturalGas,F-Frame CC 95% CCS,Advanced,2025,7.048,2023
NaturalGas,F-Frame CC 95% CCS,Advanced,2026,6.99,2023
NaturalGas,F-Frame CC 95% CCS,Advanced,2027,6.933,2023
NaturalGas,F-Frame CC 95% CCS,Advanced,2028,6.875,2023
NaturalGas,F-Frame CC 95% CCS,Advanced,2029,6.818,2023
NaturalGas,F-Frame CC 95% CCS,Advanced,2030,6.761,2023
NaturalGas,F-Frame CC 95% CCS,Advanced,2031,6.703,2023
NaturalGas,F-Frame CC 95% CCS,Advanced,2032,6.646,2023
NaturalGas,F-Frame CC 95% CCS,Advanced,2033,6.589,2023
NaturalGas,F-Frame CC 95% CCS,Advanced,2034,6.531,2023
NaturalGas,F-Frame CC 95% CCS,Advanced,2035,6.474,2023
NaturalGas,F-Frame CC 95% CCS,Advanced,2036,6.474,2023
NaturalGas,F-Frame CC 95% CCS,Advanced,2037,6.474,2023
NaturalGas,F-Frame CC 95% CCS,Advanced,2038,6.474,2023
NaturalGas,F-Frame CC 95% CCS,Advanced,2039,6.474,2023
NaturalGas,F-Frame CC 95% CCS,Advanced,2040,6.474,2023
NaturalGas,F-Frame CC 95% CCS,Advanced,2041,6.474,2023
NaturalGas,F-Frame CC 95% CCS,Advanced,2042,6.474,2023
NaturalGas,F-Frame CC 95% CCS,Advanced,2043,6.474,2023
NaturalGas,F-Frame CC 95% CCS,Advanced,2044,6.474,2023
NaturalGas,F-Frame CC 95% CCS,Advanced,2045,6.474,2023
NaturalGas,F-Frame CC 95% CCS,Advanced,2046,6.474,2023
NaturalGas,F-Frame CC 95% CCS,Advanced,2047,6.474,2023
NaturalGas,F-Frame CC 95% CCS,Advanced,2048,6.474,2023
NaturalGas,F-Frame CC 95% CCS,Advanced,2049,6.474,2023
NaturalGas,F-Frame CC 95% CCS,Advanced,2050,6.474,2023
NaturalGas,F-Frame CC 95% CCS,Conservative,2021,7.22,2023
NaturalGas,F-Frame CC 95% CCS,Conservative,2022,7.22,2023
NaturalGas,F-Frame CC 95% CCS,Conservative,2023,7.22,2023
NaturalGas,F-Frame CC 95% CCS,Conservative,2024,7.22,2023
NaturalGas,F-Frame CC 95% CCS,Conservative,2025,7.22,2023
NaturalGas,F-Frame CC 95% CCS,Conservative,2026,7.22,2023
NaturalGas,F-Frame CC 95% CCS,Conservative,2027,7.22,2023
NaturalGas,F-Frame CC 95% CCS,Conservative,2028,7.22,2023
NaturalGas,F-Frame CC 95% CCS,Conservative,2029,7.22,2023
NaturalGas,F-Frame CC 95% CCS,Conservative,2030,7.22,2023
NaturalGas,F-Frame CC 95% CCS,Conservative,2031,7.22,2023
NaturalGas,F-Frame CC 95% CCS,Conservative,2032,7.22,2023
NaturalGas,F-Frame CC 95% CCS,Conservative,2033,7.22,2023
NaturalGas,F-Frame CC 95% CCS,Conservative,2034,7.22,2023
NaturalGas,F-Frame CC 95% CCS,Conservative,2035,7.22,2023
NaturalGas,F-Frame CC 95% CCS,Conservative,2036,7.22,2023
NaturalGas,F-Frame CC 95% CCS,Conservative,2037,7.22,2023
NaturalGas,F-Frame CC 95% CCS,Conservative,2038,7.22,2023
NaturalGas,F-Frame CC 95% CCS,Conservative,2039,7.22,2023
NaturalGas,F-Frame CC 95% CCS,Conservative,2040,7.22,2023
NaturalGas,F-Frame CC 95% CCS,Conservative,2041,7.22,2023
NaturalGas,F-Frame CC 95% CCS,Conservative,2042,7.22,2023
NaturalGas,F-Frame CC 95% CCS,Conservative,2043,7.22,2023
NaturalGas,F-Frame CC 95% CCS,Conservative,2044,7.22,2023
NaturalGas,F-Frame CC 95% CCS,Conservative,2045,7.22,2023
NaturalGas,F-Frame CC 95% CCS,Conservative,2046,7.22,2023
NaturalGas,F-Frame CC 95% CCS,Conservative,2047,7.22,2023
NaturalGas,F-Frame CC 95% CCS,Conservative,2048,7.22,2023
NaturalGas,F-Frame CC 95% CCS,Conservative,2049,7.22,2023
NaturalGas,F-Frame CC 95% CCS,Conservative,2050,7.22,2023
NaturalGas,F-Frame CC 95% CCS,Moderate,2021,7.22,2023
NaturalGas,F-Frame CC 95% CCS,Moderate,2022,7.22,2023
NaturalGas,F-Frame CC 95% CCS,Moderate,2023,7.191,2023
NaturalGas,F-Frame CC 95% CCS,Moderate,2024,7.162,2023
NaturalGas,F-Frame CC 95% CCS,Moderate,2025,7.134,2023
NaturalGas,F-Frame CC 95% CCS,Moderate,2026,7.105,2023
NaturalGas,F-Frame CC 95% CCS,Moderate,2027,7.076,2023
NaturalGas,F-Frame CC 95% CCS,Moderate,2028,7.048,2023
NaturalGas,F-Frame CC 95% CCS,Moderate,2029,7.019,2023
NaturalGas,F-Frame CC 95% CCS,Moderate,2030,6.99,2023
NaturalGas,F-Frame CC 95% CCS,Moderate,2031,6.961,2023
NaturalGas,F-Frame CC 95% CCS,Moderate,2032,6.933,2023
NaturalGas,F-Frame CC 95% CCS,Moderate,2033,6.904,2023
NaturalGas,F-Frame CC 95% CCS,Moderate,2034,6.875,2023
NaturalGas,F-Frame CC 95% CCS,Moderate,2035,6.847,2023
NaturalGas,F-Frame CC 95% CCS,Moderate,2036,6.847,2023
NaturalGas,F-Frame CC 95% CCS,Moderate,2037,6.847,2023
NaturalGas,F-Frame CC 95% CCS,Moderate,2038,6.847,2023
NaturalGas,F-Frame CC 95% CCS,Moderate,2039,6.847,2023
NaturalGas,F-Frame CC 95% CCS,Moderate,2040,6.847,2023
NaturalGas,F-Frame CC 95% CCS,Moderate,2041,6.847,2023
NaturalGas,F-Frame CC 95% CCS,Moderate,2042,6.847,2023
NaturalGas,F-Frame CC 95% CCS,Moderate,2043,6.847,2023
NaturalGas,F-Frame CC 95% CCS,Moderate,2044,6.847,2023
NaturalGas,F-Frame CC 95% CCS,Moderate,2045,6.847,2023
NaturalGas,F-Frame CC 95% CCS,Moderate,2046,6.847,2023
NaturalGas,F-Frame CC 95% CCS,Moderate,2047,6.847,2023
NaturalGas,F-Frame CC 95% CCS,Moderate,2048,6.847,2023
NaturalGas,F-Frame CC 95% CCS,Moderate,2049,6.847,2023
NaturalGas,F-Frame CC 95% CCS,Moderate,2050,6.847,2023
NaturalGas,F-Frame CC 97% CCS,Advanced,2021,7.26,2023
NaturalGas,F-Frame CC 97% CCS,Advanced,2022,7.26,2023
NaturalGas,F-Frame CC 97% CCS,Advanced,2023,7.201,2023
NaturalGas,F-Frame CC 97% CCS,Advanced,2024,7.142,2023
NaturalGas,F-Frame CC 97% CCS,Advanced,2025,7.083,2023
NaturalGas,F-Frame CC 97% CCS,Advanced,2026,7.025,2023
NaturalGas,F-Frame CC 97% CCS,Advanced,2027,6.966,2023
NaturalGas,F-Frame CC 97% CCS,Advanced,2028,6.907,2023
NaturalGas,F-Frame CC 97% CCS,Advanced,2029,6.848,2023
NaturalGas,F-Frame CC 97% CCS,Advanced,2030,6.79,2023
NaturalGas,F-Frame CC 97% CCS,Advanced,2031,6.731,2023
NaturalGas,F-Frame CC 97% CCS,Advanced,2032,6.672,2023
NaturalGas,F-Frame CC 97% CCS,Advanced,2033,6.614,2023
NaturalGas,F-Frame CC 97% CCS,Advanced,2034,6.555,2023
NaturalGas,F-Frame CC 97% CCS,Advanced,2035,6.496,2023
NaturalGas,F-Frame CC 97% CCS,Advanced,2036,6.496,2023
NaturalGas,F-Frame CC 97% CCS,Advanced,2037,6.496,2023
NaturalGas,F-Frame CC 97% CCS,Advanced,2038,6.496,2023
NaturalGas,F-Frame CC 97% CCS,Advanced,2039,6.496,2023
NaturalGas,F-Frame CC 97% CCS,Advanced,2040,6.496,2023
NaturalGas,F-Frame CC 97% CCS,Advanced,2041,6.496,2023
NaturalGas,F-Frame CC 97% CCS,Advanced,2042,6.496,2023
NaturalGas,F-Frame CC 97% CCS,Advanced,2043,6.496,2023
NaturalGas,F-Frame CC 97% CCS,Advanced,2044,6.496,2023
NaturalGas,F-Frame CC 97% CCS,Advanced,2045,6.496,2023
NaturalGas,F-Frame CC 97% CCS,Advanced,2046,6.496,2023
NaturalGas,F-Frame CC 97% CCS,Advanced,2047,6.496,2023
NaturalGas,F-Frame CC 97% CCS,Advanced,2048,6.496,2023
NaturalGas,F-Frame CC 97% CCS,Advanced,2049,6.496,2023
NaturalGas,F-Frame CC 97% CCS,Advanced,2050,6.496,2023
NaturalGas,F-Frame CC 97% CCS,Conservative,2021,7.26,2023
NaturalGas,F-Frame CC 97% CCS,Conservative,2022,7.26,2023
NaturalGas,F-Frame CC 97% CCS,Conservative,2023,7.26,2023
NaturalGas,F-Frame CC 97% CCS,Conservative,2024,7.26,2023
NaturalGas,F-Frame CC 97% CCS,Conservative,2025,7.26,2023
NaturalGas,F-Frame CC 97% CCS,Conservative,2026,7.26,2023
NaturalGas,F-Frame CC 97% CCS,Conservative,2027,7.26,2023
NaturalGas,F-Frame CC 97% CCS,Conservative,2028,7.26,2023
NaturalGas,F-Frame CC 97% CCS,Conservative,2029,7.26,2023
NaturalGas,F-Frame CC 97% CCS,Conservative,2030,7.26,2023
NaturalGas,F-Frame CC 97% CCS,Conservative,2031,7.26,2023
NaturalGas,F-Frame CC 97% CCS,Conservative,2032,7.26,2023
NaturalGas,F-Frame CC 97% CCS,Conservative,2033,7.26,2023
NaturalGas,F-Frame CC 97% CCS,Conservative,2034,7.26,2023
NaturalGas,F-Frame CC 97% CCS,Conservative,2035,7.26,2023
NaturalGas,F-Frame CC 97% CCS,Conservative,2036,7.26,2023
NaturalGas,F-Frame CC 97% CCS,Conservative,2037,7.26,2023
NaturalGas,F-Frame CC 97% CCS,Conservative,2038,7.26,2023
NaturalGas,F-Frame CC 97% CCS,Conservative,2039,7.26,2023
NaturalGas,F-Frame CC 97% CCS,Conservative,2040,7.26,2023
NaturalGas,F-Frame CC 97% CCS,Conservative,2041,7.26,2023
NaturalGas,F-Frame CC 97% CCS,Conservative,2042,7.26,2023
NaturalGas,F-Frame CC 97% CCS,Conservative,2043,7.26,2023
NaturalGas,F-Frame CC 97% CCS,Conservative,2044,7.26,2023
NaturalGas,F-Frame CC 97% CCS,Conservative,2045,7.26,2023
NaturalGas,F-Frame CC 97% CCS,Conservative,2046,7.26,2023
NaturalGas,F-Frame CC 97% CCS,Conservative,2047,7.26,2023
NaturalGas,F-Frame CC 97% CCS,Conservative,2048,7.26,2023
NaturalGas,F-Frame CC 97% CCS,Conservative,2049,7.26,2023
NaturalGas,F-Frame CC 97% CCS,Conservative,2050,7.26,2023
NaturalGas,F-Frame CC 97% CCS,Moderate,2021,7.26,2023
NaturalGas,F-Frame CC 97% CCS,Moderate,2022,7.26,2023
NaturalGas,F-Frame CC 97% CCS,Moderate,2023,7.23,2023
NaturalGas,F-Frame CC 97% CCS,Moderate,2024,7.201,2023
NaturalGas,F-Frame CC 97% CCS,Moderate,2025,7.171,2023
NaturalGas,F-Frame CC 97% CCS,Moderate,2026,7.142,2023
NaturalGas,F-Frame CC 97% CCS,Moderate,2027,7.113,2023
NaturalGas,F-Frame CC 97% CCS,Moderate,2028,7.083,2023
NaturalGas,F-Frame CC 97% CCS,Moderate,2029,7.054,2023
NaturalGas,F-Frame CC 97% CCS,Moderate,2030,7.025,2023
NaturalGas,F-Frame CC 97% CCS,Moderate,2031,6.995,2023
NaturalGas,F-Frame CC 97% CCS,Moderate,2032,6.966,2023
NaturalGas,F-Frame CC 97% CCS,Moderate,2033,6.937,2023
NaturalGas,F-Frame CC 97% CCS,Moderate,2034,6.907,2023
NaturalGas,F-Frame CC 97% CCS,Moderate,2035,6.878,2023
NaturalGas,F-Frame CC 97% CCS,Moderate,2036,6.878,2023
NaturalGas,F-Frame CC 97% CCS,Moderate,2037,6.878,2023
NaturalGas,F-Frame CC 97% CCS,Moderate,2038,6.878,2023
NaturalGas,F-Frame CC 97% CCS,Moderate,2039,6.878,2023
NaturalGas,F-Frame CC 97% CCS,Moderate,2040,6.878,2023
NaturalGas,F-Frame CC 97% CCS,Moderate,2041,6.878,2023
NaturalGas,F-Frame CC 97% CCS,Moderate,2042,6.878,2023
NaturalGas,F-Frame CC 97% CCS,Moderate,2043,6.878,2023
NaturalGas,F-Frame CC 97% CCS,Moderate,2044,6.878,2023
NaturalGas,F-Frame CC 97% CCS,Moderate,2045,6.878,2023
NaturalGas,F-Frame CC 97% CCS,Moderate,2046,6.878,2023
NaturalGas,F-Frame CC 97% CCS,Moderate,2047,6.878,2023
NaturalGas,F-Frame CC 97% CCS,Moderate,2048,6.878,2023
NaturalGas,F-Frame CC 97% CCS,Moderate,2049,6.878,2023
NaturalGas,F-Frame CC 97% CCS,Moderate,2050,6.878,2023
NaturalGas,F-Frame CT,Advanced,2021,9.717,2023
NaturalGas,F-Frame CT,Advanced,2022,9.717,2023
NaturalGas,F-Frame CT,Advanced,2023,9.717,2023
NaturalGas,F-Frame CT,Advanced,2024,9.717,2023
NaturalGas,F-Frame CT,Advanced,2025,9.717,2023
NaturalGas,F-Frame CT,Advanced,2026,9.717,2023
NaturalGas,F-Frame CT,Advanced,2027,9.717,2023
NaturalGas,F-Frame CT,Advanced,2028,9.717,2023
NaturalGas,F-Frame CT,Advanced,2029,9.717,2023
NaturalGas,F-Frame CT,Advanced,2030,9.717,2023
NaturalGas,F-Frame CT,Advanced,2031,9.717,2023
NaturalGas,F-Frame CT,Advanced,2032,9.717,2023
NaturalGas,F-Frame CT,Advanced,2033,9.717,2023
NaturalGas,F-Frame CT,Advanced,2034,9.717,2023
NaturalGas,F-Frame CT,Advanced,2035,9.717,2023
NaturalGas,F-Frame CT,Advanced,2036,9.717,2023
NaturalGas,F-Frame CT,Advanced,2037,9.717,2023
NaturalGas,F-Frame CT,Advanced,2038,9.717,2023
NaturalGas,F-Frame CT,Advanced,2039,9.717,2023
NaturalGas,F-Frame CT,Advanced,2040,9.717,2023
NaturalGas,F-Frame CT,Advanced,2041,9.717,2023
NaturalGas,F-Frame CT,Advanced,2042,9.717,2023
NaturalGas,F-Frame CT,Advanced,2043,9.717,2023
NaturalGas,F-Frame CT,Advanced,2044,9.717,2023
NaturalGas,F-Frame CT,Advanced,2045,9.717,2023
NaturalGas,F-Frame CT,Advanced,2046,9.717,2023
NaturalGas,F-Frame CT,Advanced,2047,9.717,2023
NaturalGas,F-Frame CT,Advanced,2048,9.717,2023
NaturalGas,F-Frame CT,Advanced,2049,9.717,2023
NaturalGas,F-Frame CT,Advanced,2050,9.717,2023
NaturalGas,F-Frame CT,Conservative,2021,9.717,2023
NaturalGas,F-Frame CT,Conservative,2022,9.717,2023
NaturalGas,F-Frame CT,Conservative,2023,9.717,2023
NaturalGas,F-Frame CT,Conservative,2024,9.717,2023
NaturalGas,F-Frame CT,Conservative,2025,9.717,2023
NaturalGas,F-Frame CT,Conservative,2026,9.717,2023
NaturalGas,F-Frame CT,Conservative,2027,9.717,2023
NaturalGas,F-Frame CT,Conservative,2028,9.717,2023
NaturalGas,F-Frame CT,Conservative,2029,9.717,2023
NaturalGas,F-Frame CT,Conservative,2030,9.717,2023
NaturalGas,F-Frame CT,Conservative,2031,9.717,2023
NaturalGas,F-Frame CT,Conservative,2032,9.717,2023
NaturalGas,F-Frame CT,Conservative,2033,9.717,2023
NaturalGas,F-Frame CT,Conservative,2034,9.717,2023
NaturalGas,F-Frame CT,Conservative,2035,9.717,2023
NaturalGas,F-Frame CT,Conservative,2036,9.717,2023
NaturalGas,F-Frame CT,Conservative,2037,9.717,2023
NaturalGas,F-Frame CT,Conservative,2038,9.717,2023
NaturalGas,F-Frame CT,Conservative,2039,9.717,2023
NaturalGas,F-Frame CT,Conservative,2040,9.717,2023
NaturalGas,F-Frame CT,Conservative,2041,9.717,2023
NaturalGas,F-Frame CT,Conservative,2042,9.717,2023
NaturalGas,F-Frame CT,Conservative,2043,9.717,2023
NaturalGas,F-Frame CT,Conservative,2044,9.717,2023
NaturalGas,F-Frame CT,Conservative,2045,9.717,2023
NaturalGas,F-Frame CT,Conservative,2046,9.717,2023
NaturalGas,F-Frame CT,Conservative,2047,9.717,2023
NaturalGas,F-Frame CT,Conservative,2048,9.717,2023
NaturalGas,F-Frame CT,Conservative,2049,9.717,2023
NaturalGas,F-Frame CT,Conservative,2050,9.717,2023
NaturalGas,F-Frame CT,Moderate,2021,9.717,2023
NaturalGas,F-Frame CT,Moderate,2022,9.717,2023
NaturalGas,F-Frame CT,Moderate,2023,9.717,2023
NaturalGas,F-Frame CT,Moderate,2024,9.717,2023
NaturalGas,F-Frame CT,Moderate,2025,9.717,2023
NaturalGas,F-Frame CT,Moderate,2026,9.717,2023
NaturalGas,F-Frame CT,Moderate,2027,9.717,2023
NaturalGas,F-Frame CT,Moderate,2028,9.717,2023
NaturalGas,F-Frame CT,Moderate,2029,9.717,2023
NaturalGas,F-Frame CT,Moderate,2030,9.717,2023
NaturalGas,F-Frame CT,Moderate,2031,9.717,2023
NaturalGas,F-Frame CT,Moderate,2032,9.717,2023
NaturalGas,F-Frame CT,Moderate,2033,9.717,2023
NaturalGas,F-Frame CT,Moderate,2034,9.717,2023
NaturalGas,F-Frame CT,Moderate,2035,9.717,2023
NaturalGas,F-Frame CT,Moderate,2036,9.717,2023
NaturalGas,F-Frame CT,Moderate,2037,9.717,2023
NaturalGas,F-Frame CT,Moderate,2038,9.717,2023
NaturalGas,F-Frame CT,Moderate,2039,9.717,2023
NaturalGas,F-Frame CT,Moderate,2040,9.717,2023
NaturalGas,F-Frame CT,Moderate,2041,9.717,2023
NaturalGas,F-Frame CT,Moderate,2042,9.717,2023
NaturalGas,F-Frame CT,Moderate,2043,9.717,2023
NaturalGas,F-Frame CT,Moderate,2044,9.717,2023
NaturalGas,F-Frame CT,Moderate,2045,9.717,2023
NaturalGas,F-Frame CT,Moderate,2046,9.717,2023
NaturalGas,F-Frame CT,Moderate,2047,9.717,2023
NaturalGas,F-Frame CT,Moderate,2048,9.717,2023
NaturalGas,F-Frame CT,Moderate,2049,9.717,2023
NaturalGas,F-Frame CT,Moderate,2050,9.717,2023
NaturalGas,Fuel Cell,Advanced,2035,5.543,2023
NaturalGas,Fuel Cell,Advanced,2035,5.543,2024
NaturalGas,Fuel Cell,Advanced,2035,5.543,2025
NaturalGas,Fuel Cell,Advanced,2036,5.504,2023
NaturalGas,Fuel Cell,Advanced,2036,5.504,2024
NaturalGas,Fuel Cell,Advanced,2036,5.504,2025
NaturalGas,Fuel Cell,Advanced,2037,5.465,2023
NaturalGas,Fuel Cell,Advanced,2037,5.465,2024
NaturalGas,Fuel Cell,Advanced,2037,5.465,2025
NaturalGas,Fuel Cell,Advanced,2038,5.425,2023
NaturalGas,Fuel Cell,Advanced,2038,5.425,2024
NaturalGas,Fuel Cell,Advanced,2038,5.425,2025
NaturalGas,Fuel Cell,Advanced,2039,5.386,2023
NaturalGas,Fuel Cell,Advanced,2039,5.386,2024
NaturalGas,Fuel Cell,Advanced,2039,5.386,2025
NaturalGas,Fuel Cell,Advanced,2040,5.347,2023
NaturalGas,Fuel Cell,Advanced,2040,5.347,2024
NaturalGas,Fuel Cell,Advanced,2040,5.347,2025
NaturalGas,Fuel Cell,Advanced,2041,5.308,2023
NaturalGas,Fuel Cell,Advanced,2041,5.308,2024
NaturalGas,Fuel Cell,Advanced,2041,5.308,2025
NaturalGas,Fuel Cell,Advanced,2042,5.269,2023
NaturalGas,Fuel Cell,Advanced,2042,5.269,2024
NaturalGas,Fuel Cell,Advanced,2042,5.269,2025
NaturalGas,Fuel Cell,Advanced,2043,5.23,2023
NaturalGas,Fuel Cell,Advanced,2043,5.23,2024
NaturalGas,Fuel Cell,Advanced,2043,5.23,2025
NaturalGas,Fuel Cell,Advanced,2044,5.191,2023
NaturalGas,Fuel Cell,Advanced,2044,5.191,2024
NaturalGas,Fuel Cell,Advanced,2044,5.191,2025
NaturalGas,Fuel Cell,Advanced,2045,5.152,2023
NaturalGas,Fuel Cell,Advanced,2045,5.152,2024
NaturalGas,Fuel Cell,Advanced,2045,5.152,2025
NaturalGas,Fuel Cell,Advanced,2046,5.113,2023
NaturalGas,Fuel Cell,Advanced,2046,5.113,2024
NaturalGas,Fuel Cell,Advanced,2046,5.113,2025
NaturalGas,Fuel Cell,Advanced,2047,5.074,2023
NaturalGas,Fuel Cell,Advanced,2047,5.074,2024
NaturalGas,Fuel Cell,Advanced,2047,5.074,2025
NaturalGas,Fuel Cell,Advanced,2048,5.035,2023
NaturalGas,Fuel Cell,Advanced,2048,5.035,2024
NaturalGas,Fuel Cell,Advanced,2048,5.035,2025
NaturalGas,Fuel Cell,Advanced,2049,4.995,2023
NaturalGas,Fuel Cell,Advanced,2049,4.995,2024
NaturalGas,Fuel Cell,Advanced,2049,4.995,2025
NaturalGas,Fuel Cell,Advanced,2050,4.956,2023
NaturalGas,Fuel Cell,Advanced,2050,4.956,2024
NaturalGas,Fuel Cell,Advanced,2050,4.956,2025
NaturalGas,Fuel Cell,Advanced,2051,4.956,2025
NaturalGas,Fuel Cell,Advanced,2052,4.956,2025
NaturalGas,Fuel Cell,Advanced,2053,4.956,2025
NaturalGas,Fuel Cell,Advanced,2054,4.956,2025
NaturalGas,Fuel Cell,Advanced,2055,4.956,2025
NaturalGas,Fuel Cell,Advanced,2056,4.956,2025
NaturalGas,Fuel Cell,Advanced,2057,4.956,2025
NaturalGas,Fuel Cell,Advanced,2058,4.956,2025
NaturalGas,Fuel Cell,Advanced,2059,4.956,2025
NaturalGas,Fuel Cell,Advanced,2060,4.956,2025
NaturalGas,Fuel Cell,Moderate,2035,5.543,2023
NaturalGas,Fuel Cell,Moderate,2035,5.543,2024
NaturalGas,Fuel Cell,Moderate,2035,5.543,2025
NaturalGas,Fuel Cell,Moderate,2036,5.536,2023
NaturalGas,Fuel Cell,Moderate,2036,5.536,2024
NaturalGas,Fuel Cell,Moderate,2036,5.536,2025
NaturalGas,Fuel Cell,Moderate,2037,5.53,2023
NaturalGas,Fuel Cell,Moderate,2037,5.53,2024
NaturalGas,Fuel Cell,Moderate,2037,5.53,2025
NaturalGas,Fuel Cell,Moderate,2038,5.524,2023
NaturalGas,Fuel Cell,Moderate,2038,5.524,2024
NaturalGas,Fuel Cell,Moderate,2038,5.524,2025
NaturalGas,Fuel Cell,Moderate,2039,5.517,2023
NaturalGas,Fuel Cell,Moderate,2039,5.517,2024
NaturalGas,Fuel Cell,Moderate,2039,5.517,2025
NaturalGas,Fuel Cell,Moderate,2040,5.511,2023
NaturalGas,Fuel Cell,Moderate,2040,5.511,2024
NaturalGas,Fuel Cell,Moderate,2040,5.511,2025
NaturalGas,Fuel Cell,Moderate,2041,5.505,2023
NaturalGas,Fuel Cell,Moderate,2041,5.505,2024
NaturalGas,Fuel Cell,Moderate,2041,5.505,2025
NaturalGas,Fuel Cell,Moderate,2042,5.498,2023
NaturalGas,Fuel Cell,Moderate,2042,5.498,2024
NaturalGas,Fuel Cell,Moderate,2042,5.498,2025
NaturalGas,Fuel Cell,Moderate,2043,5.492,2023
NaturalGas,Fuel Cell,Moderate,2043,5.492,2024
NaturalGas,Fuel Cell,Moderate,2043,5.492,2025
NaturalGas,Fuel Cell,Moderate,2044,5.486,2023
NaturalGas,Fuel Cell,Moderate,2044,5.486,2024
NaturalGas,Fuel Cell,Moderate,2044,5.486,2025
NaturalGas,Fuel Cell,Moderate,2045,5.479,2023
NaturalGas,Fuel Cell,Moderate,2045,5.479,2024
NaturalGas,Fuel Cell,Moderate,2045,5.479,2025
NaturalGas,Fuel Cell,Moderate,2046,5.473,2023
NaturalGas,Fuel Cell,Moderate,2046,5.473,2024
NaturalGas,Fuel Cell,Moderate,2046,5.473,2025
NaturalGas,Fuel Cell,Moderate,2047,5.467,2023
NaturalGas,Fuel Cell,Moderate,2047,5.467,2024
NaturalGas,Fuel Cell,Moderate,2047,5.467,2025
NaturalGas,Fuel Cell,Moderate,2048,5.461,2023
NaturalGas,Fuel Cell,Moderate,2048,5.461,2024
NaturalGas,Fuel Cell,Moderate,2048,5.461,2025
NaturalGas,Fuel Cell,Moderate,2049,5.454,2023
NaturalGas,Fuel Cell,Moderate,2049,5.454,2024
NaturalGas,Fuel Cell,Moderate,2049,5.454,2025
NaturalGas,Fuel Cell,Moderate,2050,5.448,2023
NaturalGas,Fuel Cell,Moderate,2050,5.448,2024
NaturalGas,Fuel Cell,Moderate,2050,5.448,2025
NaturalGas,Fuel Cell,Moderate,2051,5.399,2025
NaturalGas,Fuel Cell,Moderate,2052,5.35,2025
NaturalGas,Fuel Cell,Moderate,2053,5.3,2025
NaturalGas,Fuel Cell,Moderate,2054,5.251,2025
NaturalGas,Fuel Cell,Moderate,2055,5.202,2025
NaturalGas,Fuel Cell,Moderate,2056,5.153,2025
NaturalGas,Fuel Cell,Moderate,2057,5.104,2025
NaturalGas,Fuel Cell,Moderate,2058,5.055,2025
NaturalGas,Fuel Cell,Moderate,2059,5.006,2025
NaturalGas,Fuel Cell,Moderate,2060,4.956,2025
NaturalGas,Fuel Cell - 98% CCS,Advanced,2035,5.895,2023
NaturalGas,Fuel Cell - 98% CCS,Advanced,2036,5.849,2023
NaturalGas,Fuel Cell - 98% CCS,Advanced,2037,5.804,2023
NaturalGas,Fuel Cell - 98% CCS,Advanced,2038,5.758,2023
NaturalGas,Fuel Cell - 98% CCS,Advanced,2039,5.713,2023
NaturalGas,Fuel Cell - 98% CCS,Advanced,2040,5.667,2023
NaturalGas,Fuel Cell - 98% CCS,Advanced,2041,5.622,2023
NaturalGas,Fuel Cell - 98% CCS,Advanced,2042,5.576,2023
NaturalGas,Fuel Cell - 98% CCS,Advanced,2043,5.531,2023
NaturalGas,Fuel Cell - 98% CCS,Advanced,2044,5.485,2023
NaturalGas,Fuel Cell - 98% CCS,Advanced,2045,5.44,2023
NaturalGas,Fuel Cell - 98% CCS,Advanced,2046,5.394,2023
NaturalGas,Fuel Cell - 98% CCS,Advanced,2047,5.349,2023
NaturalGas,Fuel Cell - 98% CCS,Advanced,2048,5.303,2023
NaturalGas,Fuel Cell - 98% CCS,Advanced,2049,5.258,2023
NaturalGas,Fuel Cell - 98% CCS,Advanced,2050,5.212,2023
NaturalGas,Fuel Cell - 98% CCS,Moderate,2035,5.895,2023
NaturalGas,Fuel Cell - 98% CCS,Moderate,2036,5.886,2023
NaturalGas,Fuel Cell - 98% CCS,Moderate,2037,5.878,2023
NaturalGas,Fuel Cell - 98% CCS,Moderate,2038,5.869,2023
NaturalGas,Fuel Cell - 98% CCS,Moderate,2039,5.86,2023
NaturalGas,Fuel Cell - 98% CCS,Moderate,2040,5.852,2023
NaturalGas,Fuel Cell - 98% CCS,Moderate,2041,5.843,2023
NaturalGas,Fuel Cell - 98% CCS,Moderate,2042,5.834,2023
NaturalGas,Fuel Cell - 98% CCS,Moderate,2043,5.826,2023
NaturalGas,Fuel Cell - 98% CCS,Moderate,2044,5.817,2023
NaturalGas,Fuel Cell - 98% CCS,Moderate,2045,5.808,2023
NaturalGas,Fuel Cell - 98% CCS,Moderate,2046,5.8,2023
NaturalGas,Fuel Cell - 98% CCS,Moderate,2047,5.791,2023
NaturalGas,Fuel Cell - 98% CCS,Moderate,2048,5.782,2023
NaturalGas,Fuel Cell - 98% CCS,Moderate,2049,5.774,2023
NaturalGas,Fuel Cell - 98% CCS,Moderate,2050,5.765,2023
NaturalGas,Fuel Cell 98% CCS,Advanced,2035,5.895,2024
NaturalGas,Fuel Cell 98% CCS,Advanced,2035,5.895,2025
NaturalGas,Fuel Cell 98% CCS,Advanced,2036,5.849,2024
NaturalGas,Fuel Cell 98% CCS,Advanced,2036,5.849,2025
NaturalGas,Fuel Cell 98% CCS,Advanced,2037,5.804,2024
NaturalGas,Fuel Cell 98% CCS,Advanced,2037,5.804,2025
NaturalGas,Fuel Cell 98% CCS,Advanced,2038,5.758,2024
NaturalGas,Fuel Cell 98% CCS,Advanced,2038,5.758,2025
NaturalGas,Fuel Cell 98% CCS,Advanced,2039,5.713,2024
NaturalGas,Fuel Cell 98% CCS,Advanced,2039,5.713,2025
NaturalGas,Fuel Cell 98% CCS,Advanced,2040,5.667,2024
NaturalGas,Fuel Cell 98% CCS,Advanced,2040,5.667,2025
NaturalGas,Fuel Cell 98% CCS,Advanced,2041,5.622,2024
NaturalGas,Fuel Cell 98% CCS,Advanced,2041,5.622,2025
NaturalGas,Fuel Cell 98% CCS,Advanced,2042,5.576,2024
NaturalGas,Fuel Cell 98% CCS,Advanced,2042,5.576,2025
NaturalGas,Fuel Cell 98% CCS,Advanced,2043,5.531,2024
NaturalGas,Fuel Cell 98% CCS,Advanced,2043,5.531,2025
NaturalGas,Fuel Cell 98% CCS,Advanced,2044,5.485,2024
NaturalGas,Fuel Cell 98% CCS,Advanced,2044,5.485,2025
NaturalGas,Fuel Cell 98% CCS,Advanced,2045,5.44,2024
NaturalGas,Fuel Cell 98% CCS,Advanced,2045,5.44,2025
NaturalGas,Fuel Cell 98% CCS,Advanced,2046,5.394,2024
NaturalGas,Fuel Cell 98% CCS,Advanced,2046,5.394,2025
NaturalGas,Fuel Cell 98% CCS,Advanced,2047,5.349,2024
NaturalGas,Fuel Cell 98% CCS,Advanced,2047,5.349,2025
NaturalGas,Fuel Cell 98% CCS,Advanced,2048,5.303,2024
NaturalGas,Fuel Cell 98% CCS,Advanced,2048,5.303,2025
NaturalGas,Fuel Cell 98% CCS,Advanced,2049,5.258,2024
NaturalGas,Fuel Cell 98% CCS,Advanced,2049,5.258,2025
NaturalGas,Fuel Cell 98% CCS,Advanced,2050,5.212,2024
NaturalGas,Fuel Cell 98% CCS,Advanced,2050,5.212,2025
NaturalGas,Fuel Cell 98% CCS,Advanced,2051,5.212,2025
NaturalGas,Fuel Cell 98% CCS,Advanced,2052,5.212,2025
NaturalGas,Fuel Cell 98% CCS,Advanced,2053,5.212,2025
NaturalGas,Fuel Cell 98% CCS,Advanced,2054,5.212,2025
NaturalGas,Fuel Cell 98% CCS,Advanced,2055,5.212,2025
NaturalGas,Fuel Cell 98% CCS,Advanced,2056,5.212,2025
NaturalGas,Fuel Cell 98% CCS,Advanced,2057,5.212,2025
NaturalGas,Fuel Cell 98% CCS,Advanced,2058,5.212,2025
NaturalGas,Fuel Cell 98% CCS,Advanced,2059,5.212,2025
NaturalGas,Fuel Cell 98% CCS,Advanced,2060,5.212,2025
NaturalGas,Fuel Cell 98% CCS,Moderate,2035,5.895,2024
NaturalGas,Fuel Cell 98% CCS,Moderate,2035,5.895,2025
NaturalGas,Fuel Cell 98% CCS,Moderate,2036,5.886,2024
NaturalGas,Fuel Cell 98% CCS,Moderate,2036,5.886,2025
NaturalGas,Fuel Cell 98% CCS,Moderate,2037,5.878,2024
NaturalGas,Fuel Cell 98% CCS,Moderate,2037,5.878,2025
NaturalGas,Fuel Cell 98% CCS,Moderate,2038,5.869,2024
NaturalGas,Fuel Cell 98% CCS,Moderate,2038,5.869,2025
NaturalGas,Fuel Cell 98% CCS,Moderate,2039,5.86,2024
NaturalGas,Fuel Cell 98% CCS,Moderate,2039,5.86,2025
NaturalGas,Fuel Cell 98% CCS,Moderate,2040,5.852,2024
NaturalGas,Fuel Cell 98% CCS,Moderate,2040,5.852,2025
NaturalGas,Fuel Cell 98% CCS,Moderate,2041,5.843,2024
NaturalGas,Fuel Cell 98% CCS,Moderate,2041,5.843,2025
NaturalGas,Fuel Cell 98% CCS,Moderate,2042,5.834,2024
NaturalGas,Fuel Cell 98% CCS,Moderate,2042,5.834,2025
NaturalGas,Fuel Cell 98% CCS,Moderate,2043,5.826,2024
NaturalGas,Fuel Cell 98% CCS,Moderate,2043,5.826,2025
NaturalGas,Fuel Cell 98% CCS,Moderate,2044,5.817,2024
NaturalGas,Fuel Cell 98% CCS,Moderate,2044,5.817,2025
NaturalGas,Fuel Cell 98% CCS,Moderate,2045,5.808,2024
NaturalGas,Fuel Cell 98% CCS,Moderate,2045,5.808,2025
NaturalGas,Fuel Cell 98% CCS,Moderate,2046,5.8,2024
NaturalGas,Fuel Cell 98% CCS,Moderate,2046,5.8,2025
NaturalGas,Fuel Cell 98% CCS,Moderate,2047,5.791,2024
NaturalGas,Fuel Cell 98% CCS,Moderate,2047,5.791,2025
NaturalGas,Fuel Cell 98% CCS,Moderate,2048,5.782,2024
NaturalGas,Fuel Cell 98% CCS,Moderate,2048,5.782,2025
NaturalGas,Fuel Cell 98% CCS,Moderate,2049,5.774,2024
NaturalGas,Fuel Cell 98% CCS,Moderate,2049,5.774,2025
NaturalGas,Fuel Cell 98% CCS,Moderate,2050,5.765,2024
NaturalGas,Fuel Cell 98% CCS,Moderate,2050,5.765,2025
NaturalGas,Fuel Cell 98% CCS,Moderate,2051,5.71,2025
NaturalGas,Fuel Cell 98% CCS,Moderate,2052,5.654,2025
NaturalGas,Fuel Cell 98% CCS,Moderate,2053,5.599,2025
NaturalGas,Fuel Cell 98% CCS,Moderate,2054,5.544,2025
NaturalGas,Fuel Cell 98% CCS,Moderate,2055,5.489,2025
NaturalGas,Fuel Cell 98% CCS,Moderate,2056,5.433,2025
NaturalGas,Fuel Cell 98% CCS,Moderate,2057,5.378,2025
NaturalGas,Fuel Cell 98% CCS,Moderate,2058,5.323,2025
NaturalGas,Fuel Cell 98% CCS,Moderate,2059,5.267,2025
NaturalGas,Fuel Cell 98% CCS,Moderate,2060,5.212,2025
NaturalGas,H-Frame CC,Advanced,2021,6.196,2023
NaturalGas,H-Frame CC,Advanced,2022,6.196,2023
NaturalGas,H-Frame CC,Advanced,2023,6.177,2023
NaturalGas,H-Frame CC,Advanced,2024,6.159,2023
NaturalGas,H-Frame CC,Advanced,2025,6.14,2023
NaturalGas,H-Frame CC,Advanced,2026,6.122,2023
NaturalGas,H-Frame CC,Advanced,2027,6.103,2023
NaturalGas,H-Frame CC,Advanced,2028,6.085,2023
NaturalGas,H-Frame CC,Advanced,2029,6.066,2023
NaturalGas,H-Frame CC,Advanced,2030,6.048,2023
NaturalGas,H-Frame CC,Advanced,2031,6.029,2023
NaturalGas,H-Frame CC,Advanced,2032,6.011,2023
NaturalGas,H-Frame CC,Advanced,2033,5.992,2023
NaturalGas,H-Frame CC,Advanced,2034,5.973,2023
NaturalGas,H-Frame CC,Advanced,2035,5.955,2023
NaturalGas,H-Frame CC,Advanced,2036,5.955,2023
NaturalGas,H-Frame CC,Advanced,2037,5.955,2023
NaturalGas,H-Frame CC,Advanced,2038,5.955,2023
NaturalGas,H-Frame CC,Advanced,2039,5.955,2023
NaturalGas,H-Frame CC,Advanced,2040,5.955,2023
NaturalGas,H-Frame CC,Advanced,2041,5.955,2023
NaturalGas,H-Frame CC,Advanced,2042,5.955,2023
NaturalGas,H-Frame CC,Advanced,2043,5.955,2023
NaturalGas,H-Frame CC,Advanced,2044,5.955,2023
NaturalGas,H-Frame CC,Advanced,2045,5.955,2023
NaturalGas,H-Frame CC,Advanced,2046,5.955,2023
NaturalGas,H-Frame CC,Advanced,2047,5.955,2023
NaturalGas,H-Frame CC,Advanced,2048,5.955,2023
NaturalGas,H-Frame CC,Advanced,2049,5.955,2023
NaturalGas,H-Frame CC,Advanced,2050,5.955,2023
NaturalGas,H-Frame CC,Conservative,2021,6.196,2023
NaturalGas,H-Frame CC,Conservative,2022,6.196,2023
NaturalGas,H-Frame CC,Conservative,2023,6.196,2023
NaturalGas,H-Frame CC,Conservative,2024,6.196,2023
NaturalGas,H-Frame CC,Conservative,2025,6.196,2023
NaturalGas,H-Frame CC,Conservative,2026,6.196,2023
NaturalGas,H-Frame CC,Conservative,2027,6.196,2023
NaturalGas,H-Frame CC,Conservative,2028,6.196,2023
NaturalGas,H-Frame CC,Conservative,2029,6.196,2023
NaturalGas,H-Frame CC,Conservative,2030,6.196,2023
NaturalGas,H-Frame CC,Conservative,2031,6.196,2023
NaturalGas,H-Frame CC,Conservative,2032,6.196,2023
NaturalGas,H-Frame CC,Conservative,2033,6.196,2023
NaturalGas,H-Frame CC,Conservative,2034,6.196,2023
NaturalGas,H-Frame CC,Conservative,2035,6.196,2023
NaturalGas,H-Frame CC,Conservative,2036,6.196,2023
NaturalGas,H-Frame CC,Conservative,2037,6.196,2023
NaturalGas,H-Frame CC,Conservative,2038,6.196,2023
NaturalGas,H-Frame CC,Conservative,2039,6.196,2023
NaturalGas,H-Frame CC,Conservative,2040,6.196,2023
NaturalGas,H-Frame CC,Conservative,2041,6.196,2023
NaturalGas,H-Frame CC,Conservative,2042,6.196,2023
NaturalGas,H-Frame CC,Conservative,2043,6.196,2023
NaturalGas,H-Frame CC,Conservative,2044,6.196,2023
NaturalGas,H-Frame CC,Conservative,2045,6.196,2023
NaturalGas,H-Frame CC,Conservative,2046,6.196,2023
NaturalGas,H-Frame CC,Conservative,2047,6.196,2023
NaturalGas,H-Frame CC,Conservative,2048,6.196,2023
NaturalGas,H-Frame CC,Conservative,2049,6.196,2023
NaturalGas,H-Frame CC,Conservative,2050,6.196,2023
NaturalGas,H-Frame CC,Moderate,2021,6.196,2023
NaturalGas,H-Frame CC,Moderate,2022,6.196,2023
NaturalGas,H-Frame CC,Moderate,2023,6.187,2023
NaturalGas,H-Frame CC,Moderate,2024,6.177,2023
NaturalGas,H-Frame CC,Moderate,2025,6.168,2023
NaturalGas,H-Frame CC,Moderate,2026,6.159,2023
NaturalGas,H-Frame CC,Moderate,2027,6.15,2023
NaturalGas,H-Frame CC,Moderate,2028,6.14,2023
NaturalGas,H-Frame CC,Moderate,2029,6.131,2023
NaturalGas,H-Frame CC,Moderate,2030,6.122,2023
NaturalGas,H-Frame CC,Moderate,2031,6.112,2023
NaturalGas,H-Frame CC,Moderate,2032,6.103,2023
NaturalGas,H-Frame CC,Moderate,2033,6.094,2023
NaturalGas,H-Frame CC,Moderate,2034,6.085,2023
NaturalGas,H-Frame CC,Moderate,2035,6.075,2023
NaturalGas,H-Frame CC,Moderate,2036,6.075,2023
NaturalGas,H-Frame CC,Moderate,2037,6.075,2023
NaturalGas,H-Frame CC,Moderate,2038,6.075,2023
NaturalGas,H-Frame CC,Moderate,2039,6.075,2023
NaturalGas,H-Frame CC,Moderate,2040,6.075,2023
NaturalGas,H-Frame CC,Moderate,2041,6.075,2023
NaturalGas,H-Frame CC,Moderate,2042,6.075,2023
NaturalGas,H-Frame CC,Moderate,2043,6.075,2023
NaturalGas,H-Frame CC,Moderate,2044,6.075,2023
NaturalGas,H-Frame CC,Moderate,2045,6.075,2023
NaturalGas,H-Frame CC,Moderate,2046,6.075,2023
NaturalGas,H-Frame CC,Moderate,2047,6.075,2023
NaturalGas,H-Frame CC,Moderate,2048,6.075,2023
NaturalGas,H-Frame CC,Moderate,2049,6.075,2023
NaturalGas,H-Frame CC,Moderate,2050,6.075,2023
NaturalGas,H-Frame CC 95% CCS,Advanced,2021,7.007,2023
NaturalGas,H-Frame CC 95% CCS,Advanced,2022,7.007,2023
NaturalGas,H-Frame CC 95% CCS,Advanced,2023,6.966,2023
NaturalGas,H-Frame CC 95% CCS,Advanced,2024,6.925,2023
NaturalGas,H-Frame CC 95% CCS,Advanced,2025,6.884,2023
NaturalGas,H-Frame CC 95% CCS,Advanced,2026,6.843,2023
NaturalGas,H-Frame CC 95% CCS,Advanced,2027,6.802,2023
NaturalGas,H-Frame CC 95% CCS,Advanced,2028,6.761,2023
NaturalGas,H-Frame CC 95% CCS,Advanced,2029,6.72,2023
NaturalGas,H-Frame CC 95% CCS,Advanced,2030,6.679,2023
NaturalGas,H-Frame CC 95% CCS,Advanced,2031,6.638,2023
NaturalGas,H-Frame CC 95% CCS,Advanced,2032,6.597,2023
NaturalGas,H-Frame CC 95% CCS,Advanced,2033,6.556,2023
NaturalGas,H-Frame CC 95% CCS,Advanced,2034,6.515,2023
NaturalGas,H-Frame CC 95% CCS,Advanced,2035,6.474,2023
NaturalGas,H-Frame CC 95% CCS,Advanced,2036,6.474,2023
NaturalGas,H-Frame CC 95% CCS,Advanced,2037,6.474,2023
NaturalGas,H-Frame CC 95% CCS,Advanced,2038,6.474,2023
NaturalGas,H-Frame CC 95% CCS,Advanced,2039,6.474,2023
NaturalGas,H-Frame CC 95% CCS,Advanced,2040,6.474,2023
NaturalGas,H-Frame CC 95% CCS,Advanced,2041,6.474,2023
NaturalGas,H-Frame CC 95% CCS,Advanced,2042,6.474,2023
NaturalGas,H-Frame CC 95% CCS,Advanced,2043,6.474,2023
NaturalGas,H-Frame CC 95% CCS,Advanced,2044,6.474,2023
NaturalGas,H-Frame CC 95% CCS,Advanced,2045,6.474,2023
NaturalGas,H-Frame CC 95% CCS,Advanced,2046,6.474,2023
NaturalGas,H-Frame CC 95% CCS,Advanced,2047,6.474,2023
NaturalGas,H-Frame CC 95% CCS,Advanced,2048,6.474,2023
NaturalGas,H-Frame CC 95% CCS,Advanced,2049,6.474,2023
NaturalGas,H-Frame CC 95% CCS,Advanced,2050,6.474,2023
NaturalGas,H-Frame CC 95% CCS,Conservative,2021,7.007,2023
NaturalGas,H-Frame CC 95% CCS,Conservative,2022,7.007,2023
NaturalGas,H-Frame CC 95% CCS,Conservative,2023,7.007,2023
NaturalGas,H-Frame CC 95% CCS,Conservative,2024,7.007,2023
NaturalGas,H-Frame CC 95% CCS,Conservative,2025,7.007,2023
NaturalGas,H-Frame CC 95% CCS,Conservative,2026,7.007,2023
NaturalGas,H-Frame CC 95% CCS,Conservative,2027,7.007,2023
NaturalGas,H-Frame CC 95% CCS,Conservative,2028,7.007,2023
NaturalGas,H-Frame CC 95% CCS,Conservative,2029,7.007,2023
NaturalGas,H-Frame CC 95% CCS,Conservative,2030,7.007,2023
NaturalGas,H-Frame CC 95% CCS,Conservative,2031,7.007,2023
NaturalGas,H-Frame CC 95% CCS,Conservative,2032,7.007,2023
NaturalGas,H-Frame CC 95% CCS,Conservative,2033,7.007,2023
NaturalGas,H-Frame CC 95% CCS,Conservative,2034,7.007,2023
NaturalGas,H-Frame CC 95% CCS,Conservative,2035,7.007,2023
NaturalGas,H-Frame CC 95% CCS,Conservative,2036,7.007,2023
NaturalGas,H-Frame CC 95% CCS,Conservative,2037,7.007,2023
NaturalGas,H-Frame CC 95% CCS,Conservative,2038,7.007,2023
NaturalGas,H-Frame CC 95% CCS,Conservative,2039,7.007,2023
NaturalGas,H-Frame CC 95% CCS,Conservative,2040,7.007,2023
NaturalGas,H-Frame CC 95% CCS,Conservative,2041,7.007,2023
NaturalGas,H-Frame CC 95% CCS,Conservative,2042,7.007,2023
NaturalGas,H-Frame CC 95% CCS,Conservative,2043,7.007,2023
NaturalGas,H-Frame CC 95% CCS,Conservative,2044,7.007,2023
NaturalGas,H-Frame CC 95% CCS,Conservative,2045,7.007,2023
NaturalGas,H-Frame CC 95% CCS,Conservative,2046,7.007,2023
NaturalGas,H-Frame CC 95% CCS,Conservative,2047,7.007,2023
NaturalGas,H-Frame CC 95% CCS,Conservative,2048,7.007,2023
NaturalGas,H-Frame CC 95% CCS,Conservative,2049,7.007,2023
NaturalGas,H-Frame CC 95% CCS,Conservative,2050,7.007,2023
NaturalGas,H-Frame CC 95% CCS,Moderate,2021,7.007,2023
NaturalGas,H-Frame CC 95% CCS,Moderate,2022,7.007,2023
NaturalGas,H-Frame CC 95% CCS,Moderate,2023,6.986,2023
NaturalGas,H-Frame CC 95% CCS,Moderate,2024,6.966,2023
NaturalGas,H-Frame CC 95% CCS,Moderate,2025,6.945,2023
NaturalGas,H-Frame CC 95% CCS,Moderate,2026,6.925,2023
NaturalGas,H-Frame CC 95% CCS,Moderate,2027,6.904,2023
NaturalGas,H-Frame CC 95% CCS,Moderate,2028,6.884,2023
NaturalGas,H-Frame CC 95% CCS,Moderate,2029,6.863,2023
NaturalGas,H-Frame CC 95% CCS,Moderate,2030,6.843,2023
NaturalGas,H-Frame CC 95% CCS,Moderate,2031,6.822,2023
NaturalGas,H-Frame CC 95% CCS,Moderate,2032,6.802,2023
NaturalGas,H-Frame CC 95% CCS,Moderate,2033,6.781,2023
NaturalGas,H-Frame CC 95% CCS,Moderate,2034,6.761,2023
NaturalGas,H-Frame CC 95% CCS,Moderate,2035,6.74,2023
NaturalGas,H-Frame CC 95% CCS,Moderate,2036,6.74,2023
NaturalGas,H-Frame CC 95% CCS,Moderate,2037,6.74,2023
NaturalGas,H-Frame CC 95% CCS,Moderate,2038,6.74,2023
NaturalGas,H-Frame CC 95% CCS,Moderate,2039,6.74,2023
NaturalGas,H-Frame CC 95% CCS,Moderate,2040,6.74,2023
NaturalGas,H-Frame CC 95% CCS,Moderate,2041,6.74,2023
NaturalGas,H-Frame CC 95% CCS,Moderate,2042,6.74,2023
NaturalGas,H-Frame CC 95% CCS,Moderate,2043,6.74,2023
NaturalGas,H-Frame CC 95% CCS,Moderate,2044,6.74,2023
NaturalGas,H-Frame CC 95% CCS,Moderate,2045,6.74,2023
NaturalGas,H-Frame CC 95% CCS,Moderate,2046,6.74,2023
NaturalGas,H-Frame CC 95% CCS,Moderate,2047,6.74,2023
NaturalGas,H-Frame CC 95% CCS,Moderate,2048,6.74,2023
NaturalGas,H-Frame CC 95% CCS,Moderate,2049,6.74,2023
NaturalGas,H-Frame CC 95% CCS,Moderate,2050,6.74,2023
NaturalGas,H-Frame CC 97% CCS,Advanced,2021,7.045,2023
NaturalGas,H-Frame CC 97% CCS,Advanced,2022,7.045,2023
NaturalGas,H-Frame CC 97% CCS,Advanced,2023,7.003,2023
NaturalGas,H-Frame CC 97% CCS,Advanced,2024,6.961,2023
NaturalGas,H-Frame CC 97% CCS,Advanced,2025,6.918,2023
NaturalGas,H-Frame CC 97% CCS,Advanced,2026,6.876,2023
NaturalGas,H-Frame CC 97% CCS,Advanced,2027,6.834,2023
NaturalGas,H-Frame CC 97% CCS,Advanced,2028,6.792,2023
NaturalGas,H-Frame CC 97% CCS,Advanced,2029,6.749,2023
NaturalGas,H-Frame CC 97% CCS,Advanced,2030,6.707,2023
NaturalGas,H-Frame CC 97% CCS,Advanced,2031,6.665,2023
NaturalGas,H-Frame CC 97% CCS,Advanced,2032,6.623,2023
NaturalGas,H-Frame CC 97% CCS,Advanced,2033,6.581,2023
NaturalGas,H-Frame CC 97% CCS,Advanced,2034,6.538,2023
NaturalGas,H-Frame CC 97% CCS,Advanced,2035,6.496,2023
NaturalGas,H-Frame CC 97% CCS,Advanced,2036,6.496,2023
NaturalGas,H-Frame CC 97% CCS,Advanced,2037,6.496,2023
NaturalGas,H-Frame CC 97% CCS,Advanced,2038,6.496,2023
NaturalGas,H-Frame CC 97% CCS,Advanced,2039,6.496,2023
NaturalGas,H-Frame CC 97% CCS,Advanced,2040,6.496,2023
NaturalGas,H-Frame CC 97% CCS,Advanced,2041,6.496,2023
NaturalGas,H-Frame CC 97% CCS,Advanced,2042,6.496,2023
NaturalGas,H-Frame CC 97% CCS,Advanced,2043,6.496,2023
NaturalGas,H-Frame CC 97% CCS,Advanced,2044,6.496,2023
NaturalGas,H-Frame CC 97% CCS,Advanced,2045,6.496,2023
NaturalGas,H-Frame CC 97% CCS,Advanced,2046,6.496,2023
NaturalGas,H-Frame CC 97% CCS,Advanced,2047,6.496,2023
NaturalGas,H-Frame CC 97% CCS,Advanced,2048,6.496,2023
NaturalGas,H-Frame CC 97% CCS,Advanced,2049,6.496,2023
NaturalGas,H-Frame CC 97% CCS,Advanced,2050,6.496,2023
NaturalGas,H-Frame CC 97% CCS,Conservative,2021,7.045,2023
NaturalGas,H-Frame CC 97% CCS,Conservative,2022,7.045,2023
NaturalGas,H-Frame CC 97% CCS,Conservative,2023,7.045,2023
NaturalGas,H-Frame CC 97% CCS,Conservative,2024,7.045,2023
NaturalGas,H-Frame CC 97% CCS,Conservative,2025,7.045,2023
NaturalGas,H-Frame CC 97% CCS,Conservative,2026,7.045,2023
NaturalGas,H-Frame CC 97% CCS,Conservative,2027,7.045,2023
NaturalGas,H-Frame CC 97% CCS,Conservative,2028,7.045,2023
NaturalGas,H-Frame CC 97% CCS,Conservative,2029,7.045,2023
NaturalGas,H-Frame CC 97% CCS,Conservative,2030,7.045,2023
NaturalGas,H-Frame CC 97% CCS,Conservative,2031,7.045,2023
NaturalGas,H-Frame CC 97% CCS,Conservative,2032,7.045,2023
NaturalGas,H-Frame CC 97% CCS,Conservative,2033,7.045,2023
NaturalGas,H-Frame CC 97% CCS,Conservative,2034,7.045,2023
NaturalGas,H-Frame CC 97% CCS,Conservative,2035,7.045,2023
NaturalGas,H-Frame CC 97% CCS,Conservative,2036,7.045,2023
NaturalGas,H-Frame CC 97% CCS,Conservative,2037,7.045,2023
NaturalGas,H-Frame CC 97% CCS,Conservative,2038,7.045,2023
NaturalGas,H-Frame CC 97% CCS,Conservative,2039,7.045,2023
NaturalGas,H-Frame CC 97% CCS,Conservative,2040,7.045,2023
NaturalGas,H-Frame CC 97% CCS,Conservative,2041,7.045,2023
NaturalGas,H-Frame CC 97% CCS,Conservative,2042,7.045,2023
NaturalGas,H-Frame CC 97% CCS,Conservative,2043,7.045,2023
NaturalGas,H-Frame CC 97% CCS,Conservative,2044,7.045,2023
NaturalGas,H-Frame CC 97% CCS,Conservative,2045,7.045,2023
NaturalGas,H-Frame CC 97% CCS,Conservative,2046,7.045,2023
NaturalGas,H-Frame CC 97% CCS,Conservative,2047,7.045,2023
NaturalGas,H-Frame CC 97% CCS,Conservative,2048,7.045,2023
NaturalGas,H-Frame CC 97% CCS,Conservative,2049,7.045,2023
NaturalGas,H-Frame CC 97% CCS,Conservative,2050,7.045,2023
NaturalGas,H-Frame CC 97% CCS,Moderate,2021,7.045,2023
NaturalGas,H-Frame CC 97% CCS,Moderate,2022,7.045,2023
NaturalGas,H-Frame CC 97% CCS,Moderate,2023,7.024,2023
NaturalGas,H-Frame CC 97% CCS,Moderate,2024,7.003,2023
NaturalGas,H-Frame CC 97% CCS,Moderate,2025,6.982,2023
NaturalGas,H-Frame CC 97% CCS,Moderate,2026,6.961,2023
NaturalGas,H-Frame CC 97% CCS,Moderate,2027,6.939,2023
NaturalGas,H-Frame CC 97% CCS,Moderate,2028,6.918,2023
NaturalGas,H-Frame CC 97% CCS,Moderate,2029,6.897,2023
NaturalGas,H-Frame CC 97% CCS,Moderate,2030,6.876,2023
NaturalGas,H-Frame CC 97% CCS,Moderate,2031,6.855,2023
NaturalGas,H-Frame CC 97% CCS,Moderate,2032,6.834,2023
NaturalGas,H-Frame CC 97% CCS,Moderate,2033,6.813,2023
NaturalGas,H-Frame CC 97% CCS,Moderate,2034,6.792,2023
NaturalGas,H-Frame CC 97% CCS,Moderate,2035,6.771,2023
NaturalGas,H-Frame CC 97% CCS,Moderate,2036,6.771,2023
NaturalGas,H-Frame CC 97% CCS,Moderate,2037,6.771,2023
NaturalGas,H-Frame CC 97% CCS,Moderate,2038,6.771,2023
NaturalGas,H-Frame CC 97% CCS,Moderate,2039,6.771,2023
NaturalGas,H-Frame CC 97% CCS,Moderate,2040,6.771,2023
NaturalGas,H-Frame CC 97% CCS,Moderate,2041,6.771,2023
NaturalGas,H-Frame CC 97% CCS,Moderate,2042,6.771,2023
NaturalGas,H-Frame CC 97% CCS,Moderate,2043,6.771,2023
NaturalGas,H-Frame CC 97% CCS,Moderate,2044,6.771,2023
NaturalGas,H-Frame CC 97% CCS,Moderate,2045,6.771,2023
NaturalGas,H-Frame CC 97% CCS,Moderate,2046,6.771,2023
NaturalGas,H-Frame CC 97% CCS,Moderate,2047,6.771,2023
NaturalGas,H-Frame CC 97% CCS,Moderate,2048,6.771,2023
NaturalGas,H-Frame CC 97% CCS,Moderate,2049,6.771,2023
NaturalGas,H-Frame CC 97% CCS,Moderate,2050,6.771,2023
NaturalGas_Retrofits,F-Frame CC 90%-CCS,Advanced,2021,7.218,2023
NaturalGas_Retrofits,F-Frame CC 90%-CCS,Advanced,2022,7.218,2023
NaturalGas_Retrofits,F-Frame CC 90%-CCS,Advanced,2022,7.218,2024
NaturalGas_Retrofits,F-Frame CC 90%-CCS,Advanced,2023,7.199,2023
NaturalGas_Retrofits,F-Frame CC 90%-CCS,Advanced,2023,7.199,2024
NaturalGas_Retrofits,F-Frame CC 90%-CCS,Advanced,2023,7.218,2025
NaturalGas_Retrofits,F-Frame CC 90%-CCS,Advanced,2024,7.181,2023
NaturalGas_Retrofits,F-Frame CC 90%-CCS,Advanced,2024,7.181,2024
NaturalGas_Retrofits,F-Frame CC 90%-CCS,Advanced,2024,7.198,2025
NaturalGas_Retrofits,F-Frame CC 90%-CCS,Advanced,2025,7.162,2023
NaturalGas_Retrofits,F-Frame CC 90%-CCS,Advanced,2025,7.162,2024
NaturalGas_Retrofits,F-Frame CC 90%-CCS,Advanced,2025,7.178,2025
NaturalGas_Retrofits,F-Frame CC 90%-CCS,Advanced,2026,7.143,2023
NaturalGas_Retrofits,F-Frame CC 90%-CCS,Advanced,2026,7.143,2024
NaturalGas_Retrofits,F-Frame CC 90%-CCS,Advanced,2026,7.157,2025
NaturalGas_Retrofits,F-Frame CC 90%-CCS,Advanced,2027,7.125,2023
NaturalGas_Retrofits,F-Frame CC 90%-CCS,Advanced,2027,7.125,2024
NaturalGas_Retrofits,F-Frame CC 90%-CCS,Advanced,2027,7.137,2025
NaturalGas_Retrofits,F-Frame CC 90%-CCS,Advanced,2028,7.106,2023
NaturalGas_Retrofits,F-Frame CC 90%-CCS,Advanced,2028,7.106,2024
NaturalGas_Retrofits,F-Frame CC 90%-CCS,Advanced,2028,7.117,2025
NaturalGas_Retrofits,F-Frame CC 90%-CCS,Advanced,2029,7.088,2023
NaturalGas_Retrofits,F-Frame CC 90%-CCS,Advanced,2029,7.088,2024
NaturalGas_Retrofits,F-Frame CC 90%-CCS,Advanced,2029,7.097,2025
NaturalGas_Retrofits,F-Frame CC 90%-CCS,Advanced,2030,7.069,2023
NaturalGas_Retrofits,F-Frame CC 90%-CCS,Advanced,2030,7.069,2024
NaturalGas_Retrofits,F-Frame CC 90%-CCS,Advanced,2030,7.077,2025
NaturalGas_Retrofits,F-Frame CC 90%-CCS,Advanced,2031,7.051,2023
NaturalGas_Retrofits,F-Frame CC 90%-CCS,Advanced,2031,7.051,2024
NaturalGas_Retrofits,F-Frame CC 90%-CCS,Advanced,2031,7.057,2025
NaturalGas_Retrofits,F-Frame CC 90%-CCS,Advanced,2032,7.032,2023
NaturalGas_Retrofits,F-Frame CC 90%-CCS,Advanced,2032,7.032,2024
NaturalGas_Retrofits,F-Frame CC 90%-CCS,Advanced,2032,7.037,2025
NaturalGas_Retrofits,F-Frame CC 90%-CCS,Advanced,2033,7.013,2023
NaturalGas_Retrofits,F-Frame CC 90%-CCS,Advanced,2033,7.013,2024
NaturalGas_Retrofits,F-Frame CC 90%-CCS,Advanced,2033,7.016,2025
NaturalGas_Retrofits,F-Frame CC 90%-CCS,Advanced,2034,6.995,2023
NaturalGas_Retrofits,F-Frame CC 90%-CCS,Advanced,2034,6.995,2024
NaturalGas_Retrofits,F-Frame CC 90%-CCS,Advanced,2034,6.996,2025
NaturalGas_Retrofits,F-Frame CC 90%-CCS,Advanced,2035,6.976,2023
NaturalGas_Retrofits,F-Frame CC 90%-CCS,Advanced,2035,6.976,2024
NaturalGas_Retrofits,F-Frame CC 90%-CCS,Advanced,2035,6.976,2025
NaturalGas_Retrofits,F-Frame CC 90%-CCS,Advanced,2036,6.976,2023
NaturalGas_Retrofits,F-Frame CC 90%-CCS,Advanced,2036,6.976,2024
NaturalGas_Retrofits,F-Frame CC 90%-CCS,Advanced,2036,6.976,2025
NaturalGas_Retrofits,F-Frame CC 90%-CCS,Advanced,2037,6.976,2023
NaturalGas_Retrofits,F-Frame CC 90%-CCS,Advanced,2037,6.976,2024
NaturalGas_Retrofits,F-Frame CC 90%-CCS,Advanced,2037,6.976,2025
NaturalGas_Retrofits,F-Frame CC 90%-CCS,Advanced,2038,6.976,2023
NaturalGas_Retrofits,F-Frame CC 90%-CCS,Advanced,2038,6.976,2024
NaturalGas_Retrofits,F-Frame CC 90%-CCS,Advanced,2038,6.976,2025
NaturalGas_Retrofits,F-Frame CC 90%-CCS,Advanced,2039,6.976,2023
NaturalGas_Retrofits,F-Frame CC 90%-CCS,Advanced,2039,6.976,2024
NaturalGas_Retrofits,F-Frame CC 90%-CCS,Advanced,2039,6.976,2025
NaturalGas_Retrofits,F-Frame CC 90%-CCS,Advanced,2040,6.976,2023
NaturalGas_Retrofits,F-Frame CC 90%-CCS,Advanced,2040,6.976,2024
NaturalGas_Retrofits,F-Frame CC 90%-CCS,Advanced,2040,6.976,2025
NaturalGas_Retrofits,F-Frame CC 90%-CCS,Advanced,2041,6.976,2023
NaturalGas_Retrofits,F-Frame CC 90%-CCS,Advanced,2041,6.976,2024
NaturalGas_Retrofits,F-Frame CC 90%-CCS,Advanced,2041,6.976,2025
NaturalGas_Retrofits,F-Frame CC 90%-CCS,Advanced,2042,6.976,2023
NaturalGas_Retrofits,F-Frame CC 90%-CCS,Advanced,2042,6.976,2024
NaturalGas_Retrofits,F-Frame CC 90%-CCS,Advanced,2042,6.976,2025
NaturalGas_Retrofits,F-Frame CC 90%-CCS,Advanced,2043,6.976,2023
NaturalGas_Retrofits,F-Frame CC 90%-CCS,Advanced,2043,6.976,2024
NaturalGas_Retrofits,F-Frame CC 90%-CCS,Advanced,2043,6.976,2025
NaturalGas_Retrofits,F-Frame CC 90%-CCS,Advanced,2044,6.976,2023
NaturalGas_Retrofits,F-Frame CC 90%-CCS,Advanced,2044,6.976,2024
NaturalGas_Retrofits,F-Frame CC 90%-CCS,Advanced,2044,6.976,2025
NaturalGas_Retrofits,F-Frame CC 90%-CCS,Advanced,2045,6.976,2023
NaturalGas_Retrofits,F-Frame CC 90%-CCS,Advanced,2045,6.976,2024
NaturalGas_Retrofits,F-Frame CC 90%-CCS,Advanced,2045,6.976,2025
NaturalGas_Retrofits,F-Frame CC 90%-CCS,Advanced,2046,6.976,2023
NaturalGas_Retrofits,F-Frame CC 90%-CCS,Advanced,2046,6.976,2024
NaturalGas_Retrofits,F-Frame CC 90%-CCS,Advanced,2046,6.976,2025
NaturalGas_Retrofits,F-Frame CC 90%-CCS,Advanced,2047,6.976,2023
NaturalGas_Retrofits,F-Frame CC 90%-CCS,Advanced,2047,6.976,2024
NaturalGas_Retrofits,F-Frame CC 90%-CCS,Advanced,2047,6.976,2025
NaturalGas_Retrofits,F-Frame CC 90%-CCS,Advanced,2048,6.976,2023
NaturalGas_Retrofits,F-Frame CC 90%-CCS,Advanced,2048,6.976,2024
NaturalGas_Retrofits,F-Frame CC 90%-CCS,Advanced,2048,6.976,2025
NaturalGas_Retrofits,F-Frame CC 90%-CCS,Advanced,2049,6.976,2023
NaturalGas_Retrofits,F-Frame CC 90%-CCS,Advanced,2049,6.976,2024
NaturalGas_Retrofits,F-Frame CC 90%-CCS,Advanced,2049,6.976,2025
NaturalGas_Retrofits,F-Frame CC 90%-CCS,Advanced,2050,6.976,2023
NaturalGas_Retrofits,F-Frame CC 90%-CCS,Advanced,2050,6.976,2024
NaturalGas_Retrofits,F-Frame CC 90%-CCS,Advanced,2050,6.976,2025
NaturalGas_Retrofits,F-Frame CC 90%-CCS,Advanced,2051,6.976,2025
NaturalGas_Retrofits,F-Frame CC 90%-CCS,Advanced,2052,6.976,2025
NaturalGas_Retrofits,F-Frame CC 90%-CCS,Advanced,2053,6.976,2025
NaturalGas_Retrofits,F-Frame CC 90%-CCS,Advanced,2054,6.976,2025
NaturalGas_Retrofits,F-Frame CC 90%-CCS,Advanced,2055,6.976,2025
NaturalGas_Retrofits,F-Frame CC 90%-CCS,Advanced,2056,6.976,2025
NaturalGas_Retrofits,F-Frame CC 90%-CCS,Advanced,2057,6.976,2025
NaturalGas_Retrofits,F-Frame CC 90%-CCS,Advanced,2058,6.976,2025
NaturalGas_Retrofits,F-Frame CC 90%-CCS,Advanced,2059,6.976,2025
NaturalGas_Retrofits,F-Frame CC 90%-CCS,Advanced,2060,6.976,2025
NaturalGas_Retrofits,F-Frame CC 90%-CCS,Conservative,2021,7.218,2023
NaturalGas_Retrofits,F-Frame CC 90%-CCS,Conservative,2022,7.218,2023
NaturalGas_Retrofits,F-Frame CC 90%-CCS,Conservative,2022,7.218,2024
NaturalGas_Retrofits,F-Frame CC 90%-CCS,Conservative,2023,7.218,2023
NaturalGas_Retrofits,F-Frame CC 90%-CCS,Conservative,2023,7.218,2024
NaturalGas_Retrofits,F-Frame CC 90%-CCS,Conservative,2023,7.218,2025
NaturalGas_Retrofits,F-Frame CC 90%-CCS,Conservative,2024,7.218,2023
NaturalGas_Retrofits,F-Frame CC 90%-CCS,Conservative,2024,7.218,2024
NaturalGas_Retrofits,F-Frame CC 90%-CCS,Conservative,2024,7.218,2025
NaturalGas_Retrofits,F-Frame CC 90%-CCS,Conservative,2025,7.218,2023
NaturalGas_Retrofits,F-Frame CC 90%-CCS,Conservative,2025,7.218,2024
NaturalGas_Retrofits,F-Frame CC 90%-CCS,Conservative,2025,7.218,2025
NaturalGas_Retrofits,F-Frame CC 90%-CCS,Conservative,2026,7.218,2023
NaturalGas_Retrofits,F-Frame CC 90%-CCS,Conservative,2026,7.218,2024
NaturalGas_Retrofits,F-Frame CC 90%-CCS,Conservative,2026,7.218,2025
NaturalGas_Retrofits,F-Frame CC 90%-CCS,Conservative,2027,7.218,2023
NaturalGas_Retrofits,F-Frame CC 90%-CCS,Conservative,2027,7.218,2024
NaturalGas_Retrofits,F-Frame CC 90%-CCS,Conservative,2027,7.218,2025
NaturalGas_Retrofits,F-Frame CC 90%-CCS,Conservative,2028,7.218,2023
NaturalGas_Retrofits,F-Frame CC 90%-CCS,Conservative,2028,7.218,2024
NaturalGas_Retrofits,F-Frame CC 90%-CCS,Conservative,2028,7.218,2025
NaturalGas_Retrofits,F-Frame CC 90%-CCS,Conservative,2029,7.218,2023
NaturalGas_Retrofits,F-Frame CC 90%-CCS,Conservative,2029,7.218,2024
NaturalGas_Retrofits,F-Frame CC 90%-CCS,Conservative,2029,7.218,2025
NaturalGas_Retrofits,F-Frame CC 90%-CCS,Conservative,2030,7.218,2023
NaturalGas_Retrofits,F-Frame CC 90%-CCS,Conservative,2030,7.218,2024
NaturalGas_Retrofits,F-Frame CC 90%-CCS,Conservative,2030,7.218,2025
NaturalGas_Retrofits,F-Frame CC 90%-CCS,Conservative,2031,7.218,2023
NaturalGas_Retrofits,F-Frame CC 90%-CCS,Conservative,2031,7.218,2024
NaturalGas_Retrofits,F-Frame CC 90%-CCS,Conservative,2031,7.218,2025
NaturalGas_Retrofits,F-Frame CC 90%-CCS,Conservative,2032,7.218,2023
NaturalGas_Retrofits,F-Frame CC 90%-CCS,Conservative,2032,7.218,2024
NaturalGas_Retrofits,F-Frame CC 90%-CCS,Conservative,2032,7.218,2025
NaturalGas_Retrofits,F-Frame CC 90%-CCS,Conservative,2033,7.218,2023
NaturalGas_Retrofits,F-Frame CC 90%-CCS,Conservative,2033,7.218,2024
NaturalGas_Retrofits,F-Frame CC 90%-CCS,Conservative,2033,7.218,2025
NaturalGas_Retrofits,F-Frame CC 90%-CCS,Conservative,2034,7.218,2023
NaturalGas_Retrofits,F-Frame CC 90%-CCS,Conservative,2034,7.218,2024
NaturalGas_Retrofits,F-Frame CC 90%-CCS,Conservative,2034,7.218,2025
NaturalGas_Retrofits,F-Frame CC 90%-CCS,Conservative,2035,7.218,2023
NaturalGas_Retrofits,F-Frame CC 90%-CCS,Conservative,2035,7.218,2024
NaturalGas_Retrofits,F-Frame CC 90%-CCS,Conservative,2035,7.218,2025
NaturalGas_Retrofits,F-Frame CC 90%-CCS,Conservative,2036,7.218,2023
NaturalGas_Retrofits,F-Frame CC 90%-CCS,Conservative,2036,7.218,2024
NaturalGas_Retrofits,F-Frame CC 90%-CCS,Conservative,2036,7.218,2025
NaturalGas_Retrofits,F-Frame CC 90%-CCS,Conservative,2037,7.218,2023
NaturalGas_Retrofits,F-Frame CC 90%-CCS,Conservative,2037,7.218,2024
NaturalGas_Retrofits,F-Frame CC 90%-CCS,Conservative,2037,7.218,2025
NaturalGas_Retrofits,F-Frame CC 90%-CCS,Conservative,2038,7.218,2023
NaturalGas_Retrofits,F-Frame CC 90%-CCS,Conservative,2038,7.218,2024
NaturalGas_Retrofits,F-Frame CC 90%-CCS,Conservative,2038,7.218,2025
NaturalGas_Retrofits,F-Frame CC 90%-CCS,Conservative,2039,7.218,2023
NaturalGas_Retrofits,F-Frame CC 90%-CCS,Conservative,2039,7.218,2024
NaturalGas_Retrofits,F-Frame CC 90%-CCS,Conservative,2039,7.218,2025
NaturalGas_Retrofits,F-Frame CC 90%-CCS,Conservative,2040,7.218,2023
NaturalGas_Retrofits,F-Frame CC 90%-CCS,Conservative,2040,7.218,2024
NaturalGas_Retrofits,F-Frame CC 90%-CCS,Conservative,2040,7.218,2025
NaturalGas_Retrofits,F-Frame CC 90%-CCS,Conservative,2041,7.218,2023
NaturalGas_Retrofits,F-Frame CC 90%-CCS,Conservative,2041,7.218,2024
NaturalGas_Retrofits,F-Frame CC 90%-CCS,Conservative,2041,7.218,2025
NaturalGas_Retrofits,F-Frame CC 90%-CCS,Conservative,2042,7.218,2023
NaturalGas_Retrofits,F-Frame CC 90%-CCS,Conservative,2042,7.218,2024
NaturalGas_Retrofits,F-Frame CC 90%-CCS,Conservative,2042,7.218,2025
NaturalGas_Retrofits,F-Frame CC 90%-CCS,Conservative,2043,7.218,2023
NaturalGas_Retrofits,F-Frame CC 90%-CCS,Conservative,2043,7.218,2024
NaturalGas_Retrofits,F-Frame CC 90%-CCS,Conservative,2043,7.218,2025
NaturalGas_Retrofits,F-Frame CC 90%-CCS,Conservative,2044,7.218,2023
NaturalGas_Retrofits,F-Frame CC 90%-CCS,Conservative,2044,7.218,2024
NaturalGas_Retrofits,F-Frame CC 90%-CCS,Conservative,2044,7.218,2025
NaturalGas_Retrofits,F-Frame CC 90%-CCS,Conservative,2045,7.218,2023
NaturalGas_Retrofits,F-Frame CC 90%-CCS,Conservative,2045,7.218,2024
NaturalGas_Retrofits,F-Frame CC 90%-CCS,Conservative,2045,7.218,2025
NaturalGas_Retrofits,F-Frame CC 90%-CCS,Conservative,2046,7.218,2023
NaturalGas_Retrofits,F-Frame CC 90%-CCS,Conservative,2046,7.218,2024
NaturalGas_Retrofits,F-Frame CC 90%-CCS,Conservative,2046,7.218,2025
NaturalGas_Retrofits,F-Frame CC 90%-CCS,Conservative,2047,7.218,2023
NaturalGas_Retrofits,F-Frame CC 90%-CCS,Conservative,2047,7.218,2024
NaturalGas_Retrofits,F-Frame CC 90%-CCS,Conservative,2047,7.218,2025
NaturalGas_Retrofits,F-Frame CC 90%-CCS,Conservative,2048,7.218,2023
NaturalGas_Retrofits,F-Frame CC 90%-CCS,Conservative,2048,7.218,2024
NaturalGas_Retrofits,F-Frame CC 90%-CCS,Conservative,2048,7.218,2025
NaturalGas_Retrofits,F-Frame CC 90%-CCS,Conservative,2049,7.218,2023
NaturalGas_Retrofits,F-Frame CC 90%-CCS,Conservative,2049,7.218,2024
NaturalGas_Retrofits,F-Frame CC 90%-CCS,Conservative,2049,7.218,2025
NaturalGas_Retrofits,F-Frame CC 90%-CCS,Conservative,2050,7.218,2023
NaturalGas_Retrofits,F-Frame CC 90%-CCS,Conservative,2050,7.218,2024
NaturalGas_Retrofits,F-Frame CC 90%-CCS,Conservative,2050,7.218,2025
NaturalGas_Retrofits,F-Frame CC 90%-CCS,Conservative,2051,7.218,2025
NaturalGas_Retrofits,F-Frame CC 90%-CCS,Conservative,2052,7.218,2025
NaturalGas_Retrofits,F-Frame CC 90%-CCS,Conservative,2053,7.218,2025
NaturalGas_Retrofits,F-Frame CC 90%-CCS,Conservative,2054,7.218,2025
NaturalGas_Retrofits,F-Frame CC 90%-CCS,Conservative,2055,7.218,2025
NaturalGas_Retrofits,F-Frame CC 90%-CCS,Conservative,2056,7.218,2025
NaturalGas_Retrofits,F-Frame CC 90%-CCS,Conservative,2057,7.218,2025
NaturalGas_Retrofits,F-Frame CC 90%-CCS,Conservative,2058,7.218,2025
NaturalGas_Retrofits,F-Frame CC 90%-CCS,Conservative,2059,7.218,2025
NaturalGas_Retrofits,F-Frame CC 90%-CCS,Conservative,2060,7.218,2025
NaturalGas_Retrofits,F-Frame CC 90%-CCS,Moderate,2021,7.218,2023
NaturalGas_Retrofits,F-Frame CC 90%-CCS,Moderate,2022,7.218,2023
NaturalGas_Retrofits,F-Frame CC 90%-CCS,Moderate,2022,7.218,2024
NaturalGas_Retrofits,F-Frame CC 90%-CCS,Moderate,2023,7.209,2023
NaturalGas_Retrofits,F-Frame CC 90%-CCS,Moderate,2023,7.209,2024
NaturalGas_Retrofits,F-Frame CC 90%-CCS,Moderate,2023,7.218,2025
NaturalGas_Retrofits,F-Frame CC 90%-CCS,Moderate,2024,7.199,2023
NaturalGas_Retrofits,F-Frame CC 90%-CCS,Moderate,2024,7.199,2024
NaturalGas_Retrofits,F-Frame CC 90%-CCS,Moderate,2024,7.208,2025
NaturalGas_Retrofits,F-Frame CC 90%-CCS,Moderate,2025,7.19,2023
NaturalGas_Retrofits,F-Frame CC 90%-CCS,Moderate,2025,7.19,2024
NaturalGas_Retrofits,F-Frame CC 90%-CCS,Moderate,2025,7.198,2025
NaturalGas_Retrofits,F-Frame CC 90%-CCS,Moderate,2026,7.181,2023
NaturalGas_Retrofits,F-Frame CC 90%-CCS,Moderate,2026,7.181,2024
NaturalGas_Retrofits,F-Frame CC 90%-CCS,Moderate,2026,7.188,2025
NaturalGas_Retrofits,F-Frame CC 90%-CCS,Moderate,2027,7.171,2023
NaturalGas_Retrofits,F-Frame CC 90%-CCS,Moderate,2027,7.171,2024
NaturalGas_Retrofits,F-Frame CC 90%-CCS,Moderate,2027,7.178,2025
NaturalGas_Retrofits,F-Frame CC 90%-CCS,Moderate,2028,7.162,2023
NaturalGas_Retrofits,F-Frame CC 90%-CCS,Moderate,2028,7.162,2024
NaturalGas_Retrofits,F-Frame CC 90%-CCS,Moderate,2028,7.167,2025
NaturalGas_Retrofits,F-Frame CC 90%-CCS,Moderate,2029,7.153,2023
NaturalGas_Retrofits,F-Frame CC 90%-CCS,Moderate,2029,7.153,2024
NaturalGas_Retrofits,F-Frame CC 90%-CCS,Moderate,2029,7.157,2025
NaturalGas_Retrofits,F-Frame CC 90%-CCS,Moderate,2030,7.143,2023
NaturalGas_Retrofits,F-Frame CC 90%-CCS,Moderate,2030,7.143,2024
NaturalGas_Retrofits,F-Frame CC 90%-CCS,Moderate,2030,7.147,2025
NaturalGas_Retrofits,F-Frame CC 90%-CCS,Moderate,2031,7.134,2023
NaturalGas_Retrofits,F-Frame CC 90%-CCS,Moderate,2031,7.134,2024
NaturalGas_Retrofits,F-Frame CC 90%-CCS,Moderate,2031,7.137,2025
NaturalGas_Retrofits,F-Frame CC 90%-CCS,Moderate,2032,7.125,2023
NaturalGas_Retrofits,F-Frame CC 90%-CCS,Moderate,2032,7.125,2024
NaturalGas_Retrofits,F-Frame CC 90%-CCS,Moderate,2032,7.127,2025
NaturalGas_Retrofits,F-Frame CC 90%-CCS,Moderate,2033,7.116,2023
NaturalGas_Retrofits,F-Frame CC 90%-CCS,Moderate,2033,7.116,2024
NaturalGas_Retrofits,F-Frame CC 90%-CCS,Moderate,2033,7.117,2025
NaturalGas_Retrofits,F-Frame CC 90%-CCS,Moderate,2034,7.106,2023
NaturalGas_Retrofits,F-Frame CC 90%-CCS,Moderate,2034,7.106,2024
NaturalGas_Retrofits,F-Frame CC 90%-CCS,Moderate,2034,7.107,2025
NaturalGas_Retrofits,F-Frame CC 90%-CCS,Moderate,2035,7.097,2023
NaturalGas_Retrofits,F-Frame CC 90%-CCS,Moderate,2035,7.097,2024
NaturalGas_Retrofits,F-Frame CC 90%-CCS,Moderate,2035,7.097,2025
NaturalGas_Retrofits,F-Frame CC 90%-CCS,Moderate,2036,7.097,2023
NaturalGas_Retrofits,F-Frame CC 90%-CCS,Moderate,2036,7.097,2024
NaturalGas_Retrofits,F-Frame CC 90%-CCS,Moderate,2036,7.097,2025
NaturalGas_Retrofits,F-Frame CC 90%-CCS,Moderate,2037,7.097,2023
NaturalGas_Retrofits,F-Frame CC 90%-CCS,Moderate,2037,7.097,2024
NaturalGas_Retrofits,F-Frame CC 90%-CCS,Moderate,2037,7.097,2025
NaturalGas_Retrofits,F-Frame CC 90%-CCS,Moderate,2038,7.097,2023
NaturalGas_Retrofits,F-Frame CC 90%-CCS,Moderate,2038,7.097,2024
NaturalGas_Retrofits,F-Frame CC 90%-CCS,Moderate,2038,7.097,2025
NaturalGas_Retrofits,F-Frame CC 90%-CCS,Moderate,2039,7.097,2023
NaturalGas_Retrofits,F-Frame CC 90%-CCS,Moderate,2039,7.097,2024
NaturalGas_Retrofits,F-Frame CC 90%-CCS,Moderate,2039,7.097,2025
NaturalGas_Retrofits,F-Frame CC 90%-CCS,Moderate,2040,7.097,2023
NaturalGas_Retrofits,F-Frame CC 90%-CCS,Moderate,2040,7.097,2024
NaturalGas_Retrofits,F-Frame CC 90%-CCS,Moderate,2040,7.097,2025
NaturalGas_Retrofits,F-Frame CC 90%-CCS,Moderate,2041,7.097,2023
NaturalGas_Retrofits,F-Frame CC 90%-CCS,Moderate,2041,7.097,2024
NaturalGas_Retrofits,F-Frame CC 90%-CCS,Moderate,2041,7.097,2025
NaturalGas_Retrofits,F-Frame CC 90%-CCS,Moderate,2042,7.097,2023
NaturalGas_Retrofits,F-Frame CC 90%-CCS,Moderate,2042,7.097,2024
NaturalGas_Retrofits,F-Frame CC 90%-CCS,Moderate,2042,7.097,2025
NaturalGas_Retrofits,F-Frame CC 90%-CCS,Moderate,2043,7.097,2023
NaturalGas_Retrofits,F-Frame CC 90%-CCS,Moderate,2043,7.097,2024
NaturalGas_Retrofits,F-Frame CC 90%-CCS,Moderate,2043,7.097,2025
NaturalGas_Retrofits,F-Frame CC 90%-CCS,Moderate,2044,7.097,2023
NaturalGas_Retrofits,F-Frame CC 90%-CCS,Moderate,2044,7.097,2024
NaturalGas_Retrofits,F-Frame CC 90%-CCS,Moderate,2044,7.097,2025
NaturalGas_Retrofits,F-Frame CC 90%-CCS,Moderate,2045,7.097,2023
NaturalGas_Retrofits,F-Frame CC 90%-CCS,Moderate,2045,7.097,2024
NaturalGas_Retrofits,F-Frame CC 90%-CCS,Moderate,2045,7.097,2025
NaturalGas_Retrofits,F-Frame CC 90%-CCS,Moderate,2046,7.097,2023
NaturalGas_Retrofits,F-Frame CC 90%-CCS,Moderate,2046,7.097,2024
NaturalGas_Retrofits,F-Frame CC 90%-CCS,Moderate,2046,7.097,2025
NaturalGas_Retrofits,F-Frame CC 90%-CCS,Moderate,2047,7.097,2023
NaturalGas_Retrofits,F-Frame CC 90%-CCS,Moderate,2047,7.097,2024
NaturalGas_Retrofits,F-Frame CC 90%-CCS,Moderate,2047,7.097,2025
NaturalGas_Retrofits,F-Frame CC 90%-CCS,Moderate,2048,7.097,2023
NaturalGas_Retrofits,F-Frame CC 90%-CCS,Moderate,2048,7.097,2024
NaturalGas_Retrofits,F-Frame CC 90%-CCS,Moderate,2048,7.097,2025
NaturalGas_Retrofits,F-Frame CC 90%-CCS,Moderate,2049,7.097,2023
NaturalGas_Retrofits,F-Frame CC 90%-CCS,Moderate,2049,7.097,2024
NaturalGas_Retrofits,F-Frame CC 90%-CCS,Moderate,2049,7.097,2025
NaturalGas_Retrofits,F-Frame CC 90%-CCS,Moderate,2050,7.097,2023
NaturalGas_Retrofits,F-Frame CC 90%-CCS,Moderate,2050,7.097,2024
NaturalGas_Retrofits,F-Frame CC 90%-CCS,Moderate,2050,7.097,2025
NaturalGas_Retrofits,F-Frame CC 90%-CCS,Moderate,2051,7.097,2025
NaturalGas_Retrofits,F-Frame CC 90%-CCS,Moderate,2052,7.097,2025
NaturalGas_Retrofits,F-Frame CC 90%-CCS,Moderate,2053,7.097,2025
NaturalGas_Retrofits,F-Frame CC 90%-CCS,Moderate,2054,7.097,2025
NaturalGas_Retrofits,F-Frame CC 90%-CCS,Moderate,2055,7.097,2025
NaturalGas_Retrofits,F-Frame CC 90%-CCS,Moderate,2056,7.097,2025
NaturalGas_Retrofits,F-Frame CC 90%-CCS,Moderate,2057,7.097,2025
NaturalGas_Retrofits,F-Frame CC 90%-CCS,Moderate,2058,7.097,2025
NaturalGas_Retrofits,F-Frame CC 90%-CCS,Moderate,2059,7.097,2025
NaturalGas_Retrofits,F-Frame CC 90%-CCS,Moderate,2060,7.097,2025
NaturalGas_Retrofits,F-Frame CC 95%-CCS,Advanced,2021,7.27,2023
NaturalGas_Retrofits,F-Frame CC 95%-CCS,Advanced,2022,7.27,2023
NaturalGas_Retrofits,F-Frame CC 95%-CCS,Advanced,2022,7.27,2024
NaturalGas_Retrofits,F-Frame CC 95%-CCS,Advanced,2023,7.251,2023
NaturalGas_Retrofits,F-Frame CC 95%-CCS,Advanced,2023,7.251,2024
NaturalGas_Retrofits,F-Frame CC 95%-CCS,Advanced,2023,7.27,2025
NaturalGas_Retrofits,F-Frame CC 95%-CCS,Advanced,2024,7.231,2023
NaturalGas_Retrofits,F-Frame CC 95%-CCS,Advanced,2024,7.231,2024
NaturalGas_Retrofits,F-Frame CC 95%-CCS,Advanced,2024,7.249,2025
NaturalGas_Retrofits,F-Frame CC 95%-CCS,Advanced,2025,7.211,2023
NaturalGas_Retrofits,F-Frame CC 95%-CCS,Advanced,2025,7.211,2024
NaturalGas_Retrofits,F-Frame CC 95%-CCS,Advanced,2025,7.227,2025
NaturalGas_Retrofits,F-Frame CC 95%-CCS,Advanced,2026,7.191,2023
NaturalGas_Retrofits,F-Frame CC 95%-CCS,Advanced,2026,7.191,2024
NaturalGas_Retrofits,F-Frame CC 95%-CCS,Advanced,2026,7.206,2025
NaturalGas_Retrofits,F-Frame CC 95%-CCS,Advanced,2027,7.171,2023
NaturalGas_Retrofits,F-Frame CC 95%-CCS,Advanced,2027,7.171,2024
NaturalGas_Retrofits,F-Frame CC 95%-CCS,Advanced,2027,7.184,2025
NaturalGas_Retrofits,F-Frame CC 95%-CCS,Advanced,2028,7.151,2023
NaturalGas_Retrofits,F-Frame CC 95%-CCS,Advanced,2028,7.151,2024
NaturalGas_Retrofits,F-Frame CC 95%-CCS,Advanced,2028,7.163,2025
NaturalGas_Retrofits,F-Frame CC 95%-CCS,Advanced,2029,7.131,2023
NaturalGas_Retrofits,F-Frame CC 95%-CCS,Advanced,2029,7.131,2024
NaturalGas_Retrofits,F-Frame CC 95%-CCS,Advanced,2029,7.141,2025
NaturalGas_Retrofits,F-Frame CC 95%-CCS,Advanced,2030,7.111,2023
NaturalGas_Retrofits,F-Frame CC 95%-CCS,Advanced,2030,7.111,2024
NaturalGas_Retrofits,F-Frame CC 95%-CCS,Advanced,2030,7.12,2025
NaturalGas_Retrofits,F-Frame CC 95%-CCS,Advanced,2031,7.092,2023
NaturalGas_Retrofits,F-Frame CC 95%-CCS,Advanced,2031,7.092,2024
NaturalGas_Retrofits,F-Frame CC 95%-CCS,Advanced,2031,7.098,2025
NaturalGas_Retrofits,F-Frame CC 95%-CCS,Advanced,2032,7.072,2023
NaturalGas_Retrofits,F-Frame CC 95%-CCS,Advanced,2032,7.072,2024
NaturalGas_Retrofits,F-Frame CC 95%-CCS,Advanced,2032,7.077,2025
NaturalGas_Retrofits,F-Frame CC 95%-CCS,Advanced,2033,7.052,2023
NaturalGas_Retrofits,F-Frame CC 95%-CCS,Advanced,2033,7.052,2024
NaturalGas_Retrofits,F-Frame CC 95%-CCS,Advanced,2033,7.055,2025
NaturalGas_Retrofits,F-Frame CC 95%-CCS,Advanced,2034,7.032,2023
NaturalGas_Retrofits,F-Frame CC 95%-CCS,Advanced,2034,7.032,2024
NaturalGas_Retrofits,F-Frame CC 95%-CCS,Advanced,2034,7.034,2025
NaturalGas_Retrofits,F-Frame CC 95%-CCS,Advanced,2035,7.012,2023
NaturalGas_Retrofits,F-Frame CC 95%-CCS,Advanced,2035,7.012,2024
NaturalGas_Retrofits,F-Frame CC 95%-CCS,Advanced,2035,7.012,2025
NaturalGas_Retrofits,F-Frame CC 95%-CCS,Advanced,2036,7.012,2023
NaturalGas_Retrofits,F-Frame CC 95%-CCS,Advanced,2036,7.012,2024
NaturalGas_Retrofits,F-Frame CC 95%-CCS,Advanced,2036,7.012,2025
NaturalGas_Retrofits,F-Frame CC 95%-CCS,Advanced,2037,7.012,2023
NaturalGas_Retrofits,F-Frame CC 95%-CCS,Advanced,2037,7.012,2024
NaturalGas_Retrofits,F-Frame CC 95%-CCS,Advanced,2037,7.012,2025
NaturalGas_Retrofits,F-Frame CC 95%-CCS,Advanced,2038,7.012,2023
NaturalGas_Retrofits,F-Frame CC 95%-CCS,Advanced,2038,7.012,2024
NaturalGas_Retrofits,F-Frame CC 95%-CCS,Advanced,2038,7.012,2025
NaturalGas_Retrofits,F-Frame CC 95%-CCS,Advanced,2039,7.012,2023
NaturalGas_Retrofits,F-Frame CC 95%-CCS,Advanced,2039,7.012,2024
NaturalGas_Retrofits,F-Frame CC 95%-CCS,Advanced,2039,7.012,2025
NaturalGas_Retrofits,F-Frame CC 95%-CCS,Advanced,2040,7.012,2023
NaturalGas_Retrofits,F-Frame CC 95%-CCS,Advanced,2040,7.012,2024
NaturalGas_Retrofits,F-Frame CC 95%-CCS,Advanced,2040,7.012,2025
NaturalGas_Retrofits,F-Frame CC 95%-CCS,Advanced,2041,7.012,2023
NaturalGas_Retrofits,F-Frame CC 95%-CCS,Advanced,2041,7.012,2024
NaturalGas_Retrofits,F-Frame CC 95%-CCS,Advanced,2041,7.012,2025
NaturalGas_Retrofits,F-Frame CC 95%-CCS,Advanced,2042,7.012,2023
NaturalGas_Retrofits,F-Frame CC 95%-CCS,Advanced,2042,7.012,2024
NaturalGas_Retrofits,F-Frame CC 95%-CCS,Advanced,2042,7.012,2025
NaturalGas_Retrofits,F-Frame CC 95%-CCS,Advanced,2043,7.012,2023
NaturalGas_Retrofits,F-Frame CC 95%-CCS,Advanced,2043,7.012,2024
NaturalGas_Retrofits,F-Frame CC 95%-CCS,Advanced,2043,7.012,2025
NaturalGas_Retrofits,F-Frame CC 95%-CCS,Advanced,2044,7.012,2023
NaturalGas_Retrofits,F-Frame CC 95%-CCS,Advanced,2044,7.012,2024
NaturalGas_Retrofits,F-Frame CC 95%-CCS,Advanced,2044,7.012,2025
NaturalGas_Retrofits,F-Frame CC 95%-CCS,Advanced,2045,7.012,2023
NaturalGas_Retrofits,F-Frame CC 95%-CCS,Advanced,2045,7.012,2024
NaturalGas_Retrofits,F-Frame CC 95%-CCS,Advanced,2045,7.012,2025
NaturalGas_Retrofits,F-Frame CC 95%-CCS,Advanced,2046,7.012,2023
NaturalGas_Retrofits,F-Frame CC 95%-CCS,Advanced,2046,7.012,2024
NaturalGas_Retrofits,F-Frame CC 95%-CCS,Advanced,2046,7.012,2025
NaturalGas_Retrofits,F-Frame CC 95%-CCS,Advanced,2047,7.012,2023
NaturalGas_Retrofits,F-Frame CC 95%-CCS,Advanced,2047,7.012,2024
NaturalGas_Retrofits,F-Frame CC 95%-CCS,Advanced,2047,7.012,2025
NaturalGas_Retrofits,F-Frame CC 95%-CCS,Advanced,2048,7.012,2023
NaturalGas_Retrofits,F-Frame CC 95%-CCS,Advanced,2048,7.012,2024
NaturalGas_Retrofits,F-Frame CC 95%-CCS,Advanced,2048,7.012,2025
NaturalGas_Retrofits,F-Frame CC 95%-CCS,Advanced,2049,7.012,2023
NaturalGas_Retrofits,F-Frame CC 95%-CCS,Advanced,2049,7.012,2024
NaturalGas_Retrofits,F-Frame CC 95%-CCS,Advanced,2049,7.012,2025
NaturalGas_Retrofits,F-Frame CC 95%-CCS,Advanced,2050,7.012,2023
NaturalGas_Retrofits,F-Frame CC 95%-CCS,Advanced,2050,7.012,2024
NaturalGas_Retrofits,F-Frame CC 95%-CCS,Advanced,2050,7.012,2025
NaturalGas_Retrofits,F-Frame CC 95%-CCS,Advanced,2051,7.012,2025
NaturalGas_Retrofits,F-Frame CC 95%-CCS,Advanced,2052,7.012,2025
NaturalGas_Retrofits,F-Frame CC 95%-CCS,Advanced,2053,7.012,2025
NaturalGas_Retrofits,F-Frame CC 95%-CCS,Advanced,2054,7.012,2025
NaturalGas_Retrofits,F-Frame CC 95%-CCS,Advanced,2055,7.012,2025
NaturalGas_Retrofits,F-Frame CC 95%-CCS,Advanced,2056,7.012,2025
NaturalGas_Retrofits,F-Frame CC 95%-CCS,Advanced,2057,7.012,2025
NaturalGas_Retrofits,F-Frame CC 95%-CCS,Advanced,2058,7.012,2025
NaturalGas_Retrofits,F-Frame CC 95%-CCS,Advanced,2059,7.012,2025
NaturalGas_Retrofits,F-Frame CC 95%-CCS,Advanced,2060,7.012,2025
NaturalGas_Retrofits,F-Frame CC 95%-CCS,Conservative,2021,7.27,2023
NaturalGas_Retrofits,F-Frame CC 95%-CCS,Conservative,2022,7.27,2023
NaturalGas_Retrofits,F-Frame CC 95%-CCS,Conservative,2022,7.27,2024
NaturalGas_Retrofits,F-Frame CC 95%-CCS,Conservative,2023,7.27,2023
NaturalGas_Retrofits,F-Frame CC 95%-CCS,Conservative,2023,7.27,2024
NaturalGas_Retrofits,F-Frame CC 95%-CCS,Conservative,2023,7.27,2025
NaturalGas_Retrofits,F-Frame CC 95%-CCS,Conservative,2024,7.27,2023
NaturalGas_Retrofits,F-Frame CC 95%-CCS,Conservative,2024,7.27,2024
NaturalGas_Retrofits,F-Frame CC 95%-CCS,Conservative,2024,7.27,2025
NaturalGas_Retrofits,F-Frame CC 95%-CCS,Conservative,2025,7.27,2023
NaturalGas_Retrofits,F-Frame CC 95%-CCS,Conservative,2025,7.27,2024
NaturalGas_Retrofits,F-Frame CC 95%-CCS,Conservative,2025,7.27,2025
NaturalGas_Retrofits,F-Frame CC 95%-CCS,Conservative,2026,7.27,2023
NaturalGas_Retrofits,F-Frame CC 95%-CCS,Conservative,2026,7.27,2024
NaturalGas_Retrofits,F-Frame CC 95%-CCS,Conservative,2026,7.27,2025
NaturalGas_Retrofits,F-Frame CC 95%-CCS,Conservative,2027,7.27,2023
NaturalGas_Retrofits,F-Frame CC 95%-CCS,Conservative,2027,7.27,2024
NaturalGas_Retrofits,F-Frame CC 95%-CCS,Conservative,2027,7.27,2025
NaturalGas_Retrofits,F-Frame CC 95%-CCS,Conservative,2028,7.27,2023
NaturalGas_Retrofits,F-Frame CC 95%-CCS,Conservative,2028,7.27,2024
NaturalGas_Retrofits,F-Frame CC 95%-CCS,Conservative,2028,7.27,2025
NaturalGas_Retrofits,F-Frame CC 95%-CCS,Conservative,2029,7.27,2023
NaturalGas_Retrofits,F-Frame CC 95%-CCS,Conservative,2029,7.27,2024
NaturalGas_Retrofits,F-Frame CC 95%-CCS,Conservative,2029,7.27,2025
NaturalGas_Retrofits,F-Frame CC 95%-CCS,Conservative,2030,7.27,2023
NaturalGas_Retrofits,F-Frame CC 95%-CCS,Conservative,2030,7.27,2024
NaturalGas_Retrofits,F-Frame CC 95%-CCS,Conservative,2030,7.27,2025
NaturalGas_Retrofits,F-Frame CC 95%-CCS,Conservative,2031,7.27,2023
NaturalGas_Retrofits,F-Frame CC 95%-CCS,Conservative,2031,7.27,2024
NaturalGas_Retrofits,F-Frame CC 95%-CCS,Conservative,2031,7.27,2025
NaturalGas_Retrofits,F-Frame CC 95%-CCS,Conservative,2032,7.27,2023
NaturalGas_Retrofits,F-Frame CC 95%-CCS,Conservative,2032,7.27,2024
NaturalGas_Retrofits,F-Frame CC 95%-CCS,Conservative,2032,7.27,2025
NaturalGas_Retrofits,F-Frame CC 95%-CCS,Conservative,2033,7.27,2023
NaturalGas_Retrofits,F-Frame CC 95%-CCS,Conservative,2033,7.27,2024
NaturalGas_Retrofits,F-Frame CC 95%-CCS,Conservative,2033,7.27,2025
NaturalGas_Retrofits,F-Frame CC 95%-CCS,Conservative,2034,7.27,2023
NaturalGas_Retrofits,F-Frame CC 95%-CCS,Conservative,2034,7.27,2024
NaturalGas_Retrofits,F-Frame CC 95%-CCS,Conservative,2034,7.27,2025
NaturalGas_Retrofits,F-Frame CC 95%-CCS,Conservative,2035,7.27,2023
NaturalGas_Retrofits,F-Frame CC 95%-CCS,Conservative,2035,7.27,2024
NaturalGas_Retrofits,F-Frame CC 95%-CCS,Conservative,2035,7.27,2025
NaturalGas_Retrofits,F-Frame CC 95%-CCS,Conservative,2036,7.27,2023
NaturalGas_Retrofits,F-Frame CC 95%-CCS,Conservative,2036,7.27,2024
NaturalGas_Retrofits,F-Frame CC 95%-CCS,Conservative,2036,7.27,2025
NaturalGas_Retrofits,F-Frame CC 95%-CCS,Conservative,2037,7.27,2023
NaturalGas_Retrofits,F-Frame CC 95%-CCS,Conservative,2037,7.27,2024
NaturalGas_Retrofits,F-Frame CC 95%-CCS,Conservative,2037,7.27,2025
NaturalGas_Retrofits,F-Frame CC 95%-CCS,Conservative,2038,7.27,2023
NaturalGas_Retrofits,F-Frame CC 95%-CCS,Conservative,2038,7.27,2024
NaturalGas_Retrofits,F-Frame CC 95%-CCS,Conservative,2038,7.27,2025
NaturalGas_Retrofits,F-Frame CC 95%-CCS,Conservative,2039,7.27,2023
NaturalGas_Retrofits,F-Frame CC 95%-CCS,Conservative,2039,7.27,2024
NaturalGas_Retrofits,F-Frame CC 95%-CCS,Conservative,2039,7.27,2025
NaturalGas_Retrofits,F-Frame CC 95%-CCS,Conservative,2040,7.27,2023
NaturalGas_Retrofits,F-Frame CC 95%-CCS,Conservative,2040,7.27,2024
NaturalGas_Retrofits,F-Frame CC 95%-CCS,Conservative,2040,7.27,2025
NaturalGas_Retrofits,F-Frame CC 95%-CCS,Conservative,2041,7.27,2023
NaturalGas_Retrofits,F-Frame CC 95%-CCS,Conservative,2041,7.27,2024
NaturalGas_Retrofits,F-Frame CC 95%-CCS,Conservative,2041,7.27,2025
NaturalGas_Retrofits,F-Frame CC 95%-CCS,Conservative,2042,7.27,2023
NaturalGas_Retrofits,F-Frame CC 95%-CCS,Conservative,2042,7.27,2024
NaturalGas_Retrofits,F-Frame CC 95%-CCS,Conservative,2042,7.27,2025
NaturalGas_Retrofits,F-Frame CC 95%-CCS,Conservative,2043,7.27,2023
NaturalGas_Retrofits,F-Frame CC 95%-CCS,Conservative,2043,7.27,2024
NaturalGas_Retrofits,F-Frame CC 95%-CCS,Conservative,2043,7.27,2025
NaturalGas_Retrofits,F-Frame CC 95%-CCS,Conservative,2044,7.27,2023
NaturalGas_Retrofits,F-Frame CC 95%-CCS,Conservative,2044,7.27,2024
NaturalGas_Retrofits,F-Frame CC 95%-CCS,Conservative,2044,7.27,2025
NaturalGas_Retrofits,F-Frame CC 95%-CCS,Conservative,2045,7.27,2023
NaturalGas_Retrofits,F-Frame CC 95%-CCS,Conservative,2045,7.27,2024
NaturalGas_Retrofits,F-Frame CC 95%-CCS,Conservative,2045,7.27,2025
NaturalGas_Retrofits,F-Frame CC 95%-CCS,Conservative,2046,7.27,2023
NaturalGas_Retrofits,F-Frame CC 95%-CCS,Conservative,2046,7.27,2024
NaturalGas_Retrofits,F-Frame CC 95%-CCS,Conservative,2046,7.27,2025
NaturalGas_Retrofits,F-Frame CC 95%-CCS,Conservative,2047,7.27,2023
NaturalGas_Retrofits,F-Frame CC 95%-CCS,Conservative,2047,7.27,2024
NaturalGas_Retrofits,F-Frame CC 95%-CCS,Conservative,2047,7.27,2025
NaturalGas_Retrofits,F-Frame CC 95%-CCS,Conservative,2048,7.27,2023
NaturalGas_Retrofits,F-Frame CC 95%-CCS,Conservative,2048,7.27,2024
NaturalGas_Retrofits,F-Frame CC 95%-CCS,Conservative,2048,7.27,2025
NaturalGas_Retrofits,F-Frame CC 95%-CCS,Conservative,2049,7.27,2023
NaturalGas_Retrofits,F-Frame CC 95%-CCS,Conservative,2049,7.27,2024
NaturalGas_Retrofits,F-Frame CC 95%-CCS,Conservative,2049,7.27,2025
NaturalGas_Retrofits,F-Frame CC 95%-CCS,Conservative,2050,7.27,2023
NaturalGas_Retrofits,F-Frame CC 95%-CCS,Conservative,2050,7.27,2024
NaturalGas_Retrofits,F-Frame CC 95%-CCS,Conservative,2050,7.27,2025
NaturalGas_Retrofits,F-Frame CC 95%-CCS,Conservative,2051,7.27,2025
NaturalGas_Retrofits,F-Frame CC 95%-CCS,Conservative,2052,7.27,2025
NaturalGas_Retrofits,F-Frame CC 95%-CCS,Conservative,2053,7.27,2025
NaturalGas_Retrofits,F-Frame CC 95%-CCS,Conservative,2054,7.27,2025
NaturalGas_Retrofits,F-Frame CC 95%-CCS,Conservative,2055,7.27,2025
NaturalGas_Retrofits,F-Frame CC 95%-CCS,Conservative,2056,7.27,2025
NaturalGas_Retrofits,F-Frame CC 95%-CCS,Conservative,2057,7.27,2025
NaturalGas_Retrofits,F-Frame CC 95%-CCS,Conservative,2058,7.27,2025
NaturalGas_Retrofits,F-Frame CC 95%-CCS,Conservative,2059,7.27,2025
NaturalGas_Retrofits,F-Frame CC 95%-CCS,Conservative,2060,7.27,2025
NaturalGas_Retrofits,F-Frame CC 95%-CCS,Moderate,2021,7.27,2023
NaturalGas_Retrofits,F-Frame CC 95%-CCS,Moderate,2022,7.27,2023
NaturalGas_Retrofits,F-Frame CC 95%-CCS,Moderate,2022,7.27,2024
NaturalGas_Retrofits,F-Frame CC 95%-CCS,Moderate,2023,7.261,2023
NaturalGas_Retrofits,F-Frame CC 95%-CCS,Moderate,2023,7.261,2024
NaturalGas_Retrofits,F-Frame CC 95%-CCS,Moderate,2023,7.27,2025
NaturalGas_Retrofits,F-Frame CC 95%-CCS,Moderate,2024,7.251,2023
NaturalGas_Retrofits,F-Frame CC 95%-CCS,Moderate,2024,7.251,2024
NaturalGas_Retrofits,F-Frame CC 95%-CCS,Moderate,2024,7.26,2025
NaturalGas_Retrofits,F-Frame CC 95%-CCS,Moderate,2025,7.241,2023
NaturalGas_Retrofits,F-Frame CC 95%-CCS,Moderate,2025,7.241,2024
NaturalGas_Retrofits,F-Frame CC 95%-CCS,Moderate,2025,7.249,2025
NaturalGas_Retrofits,F-Frame CC 95%-CCS,Moderate,2026,7.231,2023
NaturalGas_Retrofits,F-Frame CC 95%-CCS,Moderate,2026,7.231,2024
NaturalGas_Retrofits,F-Frame CC 95%-CCS,Moderate,2026,7.238,2025
NaturalGas_Retrofits,F-Frame CC 95%-CCS,Moderate,2027,7.221,2023
NaturalGas_Retrofits,F-Frame CC 95%-CCS,Moderate,2027,7.221,2024
NaturalGas_Retrofits,F-Frame CC 95%-CCS,Moderate,2027,7.227,2025
NaturalGas_Retrofits,F-Frame CC 95%-CCS,Moderate,2028,7.211,2023
NaturalGas_Retrofits,F-Frame CC 95%-CCS,Moderate,2028,7.211,2024
NaturalGas_Retrofits,F-Frame CC 95%-CCS,Moderate,2028,7.217,2025
NaturalGas_Retrofits,F-Frame CC 95%-CCS,Moderate,2029,7.201,2023
NaturalGas_Retrofits,F-Frame CC 95%-CCS,Moderate,2029,7.201,2024
NaturalGas_Retrofits,F-Frame CC 95%-CCS,Moderate,2029,7.206,2025
NaturalGas_Retrofits,F-Frame CC 95%-CCS,Moderate,2030,7.191,2023
NaturalGas_Retrofits,F-Frame CC 95%-CCS,Moderate,2030,7.191,2024
NaturalGas_Retrofits,F-Frame CC 95%-CCS,Moderate,2030,7.195,2025
NaturalGas_Retrofits,F-Frame CC 95%-CCS,Moderate,2031,7.181,2023
NaturalGas_Retrofits,F-Frame CC 95%-CCS,Moderate,2031,7.181,2024
NaturalGas_Retrofits,F-Frame CC 95%-CCS,Moderate,2031,7.184,2025
NaturalGas_Retrofits,F-Frame CC 95%-CCS,Moderate,2032,7.171,2023
NaturalGas_Retrofits,F-Frame CC 95%-CCS,Moderate,2032,7.171,2024
NaturalGas_Retrofits,F-Frame CC 95%-CCS,Moderate,2032,7.174,2025
NaturalGas_Retrofits,F-Frame CC 95%-CCS,Moderate,2033,7.161,2023
NaturalGas_Retrofits,F-Frame CC 95%-CCS,Moderate,2033,7.161,2024
NaturalGas_Retrofits,F-Frame CC 95%-CCS,Moderate,2033,7.163,2025
NaturalGas_Retrofits,F-Frame CC 95%-CCS,Moderate,2034,7.151,2023
NaturalGas_Retrofits,F-Frame CC 95%-CCS,Moderate,2034,7.151,2024
NaturalGas_Retrofits,F-Frame CC 95%-CCS,Moderate,2034,7.152,2025
NaturalGas_Retrofits,F-Frame CC 95%-CCS,Moderate,2035,7.141,2023
NaturalGas_Retrofits,F-Frame CC 95%-CCS,Moderate,2035,7.141,2024
NaturalGas_Retrofits,F-Frame CC 95%-CCS,Moderate,2035,7.141,2025
NaturalGas_Retrofits,F-Frame CC 95%-CCS,Moderate,2036,7.141,2023
NaturalGas_Retrofits,F-Frame CC 95%-CCS,Moderate,2036,7.141,2024
NaturalGas_Retrofits,F-Frame CC 95%-CCS,Moderate,2036,7.141,2025
NaturalGas_Retrofits,F-Frame CC 95%-CCS,Moderate,2037,7.141,2023
NaturalGas_Retrofits,F-Frame CC 95%-CCS,Moderate,2037,7.141,2024
NaturalGas_Retrofits,F-Frame CC 95%-CCS,Moderate,2037,7.141,2025
NaturalGas_Retrofits,F-Frame CC 95%-CCS,Moderate,2038,7.141,2023
NaturalGas_Retrofits,F-Frame CC 95%-CCS,Moderate,2038,7.141,2024
NaturalGas_Retrofits,F-Frame CC 95%-CCS,Moderate,2038,7.141,2025
NaturalGas_Retrofits,F-Frame CC 95%-CCS,Moderate,2039,7.141,2023
NaturalGas_Retrofits,F-Frame CC 95%-CCS,Moderate,2039,7.141,2024
NaturalGas_Retrofits,F-Frame CC 95%-CCS,Moderate,2039,7.141,2025
NaturalGas_Retrofits,F-Frame CC 95%-CCS,Moderate,2040,7.141,2023
NaturalGas_Retrofits,F-Frame CC 95%-CCS,Moderate,2040,7.141,2024
NaturalGas_Retrofits,F-Frame CC 95%-CCS,Moderate,2040,7.141,2025
NaturalGas_Retrofits,F-Frame CC 95%-CCS,Moderate,2041,7.141,2023
NaturalGas_Retrofits,F-Frame CC 95%-CCS,Moderate,2041,7.141,2024
NaturalGas_Retrofits,F-Frame CC 95%-CCS,Moderate,2041,7.141,2025
NaturalGas_Retrofits,F-Frame CC 95%-CCS,Moderate,2042,7.141,2023
NaturalGas_Retrofits,F-Frame CC 95%-CCS,Moderate,2042,7.141,2024
NaturalGas_Retrofits,F-Frame CC 95%-CCS,Moderate,2042,7.141,2025
NaturalGas_Retrofits,F-Frame CC 95%-CCS,Moderate,2043,7.141,2023
NaturalGas_Retrofits,F-Frame CC 95%-CCS,Moderate,2043,7.141,2024
NaturalGas_Retrofits,F-Frame CC 95%-CCS,Moderate,2043,7.141,2025
NaturalGas_Retrofits,F-Frame CC 95%-CCS,Moderate,2044,7.141,2023
NaturalGas_Retrofits,F-Frame CC 95%-CCS,Moderate,2044,7.141,2024
NaturalGas_Retrofits,F-Frame CC 95%-CCS,Moderate,2044,7.141,2025
NaturalGas_Retrofits,F-Frame CC 95%-CCS,Moderate,2045,7.141,2023
NaturalGas_Retrofits,F-Frame CC 95%-CCS,Moderate,2045,7.141,2024
NaturalGas_Retrofits,F-Frame CC 95%-CCS,Moderate,2045,7.141,2025
NaturalGas_Retrofits,F-Frame CC 95%-CCS,Moderate,2046,7.141,2023
NaturalGas_Retrofits,F-Frame CC 95%-CCS,Moderate,2046,7.141,2024
NaturalGas_Retrofits,F-Frame CC 95%-CCS,Moderate,2046,7.141,2025
NaturalGas_Retrofits,F-Frame CC 95%-CCS,Moderate,2047,7.141,2023
NaturalGas_Retrofits,F-Frame CC 95%-CCS,Moderate,2047,7.141,2024
NaturalGas_Retrofits,F-Frame CC 95%-CCS,Moderate,2047,7.141,2025
NaturalGas_Retrofits,F-Frame CC 95%-CCS,Moderate,2048,7.141,2023
NaturalGas_Retrofits,F-Frame CC 95%-CCS,Moderate,2048,7.141,2024
NaturalGas_Retrofits,F-Frame CC 95%-CCS,Moderate,2048,7.141,2025
NaturalGas_Retrofits,F-Frame CC 95%-CCS,Moderate,2049,7.141,2023
NaturalGas_Retrofits,F-Frame CC 95%-CCS,Moderate,2049,7.141,2024
NaturalGas_Retrofits,F-Frame CC 95%-CCS,Moderate,2049,7.141,2025
NaturalGas_Retrofits,F-Frame CC 95%-CCS,Moderate,2050,7.141,2023
NaturalGas_Retrofits,F-Frame CC 95%-CCS,Moderate,2050,7.141,2024
NaturalGas_Retrofits,F-Frame CC 95%-CCS,Moderate,2050,7.141,2025
NaturalGas_Retrofits,F-Frame CC 95%-CCS,Moderate,2051,7.141,2025
NaturalGas_Retrofits,F-Frame CC 95%-CCS,Moderate,2052,7.141,2025
NaturalGas_Retrofits,F-Frame CC 95%-CCS,Moderate,2053,7.141,2025
NaturalGas_Retrofits,F-Frame CC 95%-CCS,Moderate,2054,7.141,2025
NaturalGas_Retrofits,F-Frame CC 95%-CCS,Moderate,2055,7.141,2025
NaturalGas_Retrofits,F-Frame CC 95%-CCS,Moderate,2056,7.141,2025
NaturalGas_Retrofits,F-Frame CC 95%-CCS,Moderate,2057,7.141,2025
NaturalGas_Retrofits,F-Frame CC 95%-CCS,Moderate,2058,7.141,2025
NaturalGas_Retrofits,F-Frame CC 95%-CCS,Moderate,2059,7.141,2025
NaturalGas_Retrofits,F-Frame CC 95%-CCS,Moderate,2060,7.141,2025
NaturalGas_Retrofits,H-Frame CC 90%-CCS,Advanced,2021,7.001,2023
NaturalGas_Retrofits,H-Frame CC 90%-CCS,Advanced,2022,7.001,2023
NaturalGas_Retrofits,H-Frame CC 90%-CCS,Advanced,2022,7.001,2024
NaturalGas_Retrofits,H-Frame CC 90%-CCS,Advanced,2023,6.983,2023
NaturalGas_Retrofits,H-Frame CC 90%-CCS,Advanced,2023,6.984,2024
NaturalGas_Retrofits,H-Frame CC 90%-CCS,Advanced,2023,7.001,2025
NaturalGas_Retrofits,H-Frame CC 90%-CCS,Advanced,2024,6.965,2023
NaturalGas_Retrofits,H-Frame CC 90%-CCS,Advanced,2024,6.966,2024
NaturalGas_Retrofits,H-Frame CC 90%-CCS,Advanced,2024,6.982,2025
NaturalGas_Retrofits,H-Frame CC 90%-CCS,Advanced,2025,6.947,2023
NaturalGas_Retrofits,H-Frame CC 90%-CCS,Advanced,2025,6.949,2024
NaturalGas_Retrofits,H-Frame CC 90%-CCS,Advanced,2025,6.963,2025
NaturalGas_Retrofits,H-Frame CC 90%-CCS,Advanced,2026,6.929,2023
NaturalGas_Retrofits,H-Frame CC 90%-CCS,Advanced,2026,6.931,2024
NaturalGas_Retrofits,H-Frame CC 90%-CCS,Advanced,2026,6.944,2025
NaturalGas_Retrofits,H-Frame CC 90%-CCS,Advanced,2027,6.911,2023
NaturalGas_Retrofits,H-Frame CC 90%-CCS,Advanced,2027,6.914,2024
NaturalGas_Retrofits,H-Frame CC 90%-CCS,Advanced,2027,6.925,2025
NaturalGas_Retrofits,H-Frame CC 90%-CCS,Advanced,2028,6.893,2023
NaturalGas_Retrofits,H-Frame CC 90%-CCS,Advanced,2028,6.896,2024
NaturalGas_Retrofits,H-Frame CC 90%-CCS,Advanced,2028,6.906,2025
NaturalGas_Retrofits,H-Frame CC 90%-CCS,Advanced,2029,6.875,2023
NaturalGas_Retrofits,H-Frame CC 90%-CCS,Advanced,2029,6.879,2024
NaturalGas_Retrofits,H-Frame CC 90%-CCS,Advanced,2029,6.887,2025
NaturalGas_Retrofits,H-Frame CC 90%-CCS,Advanced,2030,6.857,2023
NaturalGas_Retrofits,H-Frame CC 90%-CCS,Advanced,2030,6.861,2024
NaturalGas_Retrofits,H-Frame CC 90%-CCS,Advanced,2030,6.868,2025
NaturalGas_Retrofits,H-Frame CC 90%-CCS,Advanced,2031,6.839,2023
NaturalGas_Retrofits,H-Frame CC 90%-CCS,Advanced,2031,6.844,2024
NaturalGas_Retrofits,H-Frame CC 90%-CCS,Advanced,2031,6.85,2025
NaturalGas_Retrofits,H-Frame CC 90%-CCS,Advanced,2032,6.821,2023
NaturalGas_Retrofits,H-Frame CC 90%-CCS,Advanced,2032,6.826,2024
NaturalGas_Retrofits,H-Frame CC 90%-CCS,Advanced,2032,6.831,2025
NaturalGas_Retrofits,H-Frame CC 90%-CCS,Advanced,2033,6.803,2023
NaturalGas_Retrofits,H-Frame CC 90%-CCS,Advanced,2033,6.809,2024
NaturalGas_Retrofits,H-Frame CC 90%-CCS,Advanced,2033,6.812,2025
NaturalGas_Retrofits,H-Frame CC 90%-CCS,Advanced,2034,6.785,2023
NaturalGas_Retrofits,H-Frame CC 90%-CCS,Advanced,2034,6.791,2024
NaturalGas_Retrofits,H-Frame CC 90%-CCS,Advanced,2034,6.793,2025
NaturalGas_Retrofits,H-Frame CC 90%-CCS,Advanced,2035,6.767,2023
NaturalGas_Retrofits,H-Frame CC 90%-CCS,Advanced,2035,6.774,2024
NaturalGas_Retrofits,H-Frame CC 90%-CCS,Advanced,2035,6.774,2025
NaturalGas_Retrofits,H-Frame CC 90%-CCS,Advanced,2036,6.767,2023
NaturalGas_Retrofits,H-Frame CC 90%-CCS,Advanced,2036,6.774,2024
NaturalGas_Retrofits,H-Frame CC 90%-CCS,Advanced,2036,6.774,2025
NaturalGas_Retrofits,H-Frame CC 90%-CCS,Advanced,2037,6.767,2023
NaturalGas_Retrofits,H-Frame CC 90%-CCS,Advanced,2037,6.774,2024
NaturalGas_Retrofits,H-Frame CC 90%-CCS,Advanced,2037,6.774,2025
NaturalGas_Retrofits,H-Frame CC 90%-CCS,Advanced,2038,6.767,2023
NaturalGas_Retrofits,H-Frame CC 90%-CCS,Advanced,2038,6.774,2024
NaturalGas_Retrofits,H-Frame CC 90%-CCS,Advanced,2038,6.774,2025
NaturalGas_Retrofits,H-Frame CC 90%-CCS,Advanced,2039,6.767,2023
NaturalGas_Retrofits,H-Frame CC 90%-CCS,Advanced,2039,6.774,2024
NaturalGas_Retrofits,H-Frame CC 90%-CCS,Advanced,2039,6.774,2025
NaturalGas_Retrofits,H-Frame CC 90%-CCS,Advanced,2040,6.767,2023
NaturalGas_Retrofits,H-Frame CC 90%-CCS,Advanced,2040,6.774,2024
NaturalGas_Retrofits,H-Frame CC 90%-CCS,Advanced,2040,6.774,2025
NaturalGas_Retrofits,H-Frame CC 90%-CCS,Advanced,2041,6.767,2023
NaturalGas_Retrofits,H-Frame CC 90%-CCS,Advanced,2041,6.774,2024
NaturalGas_Retrofits,H-Frame CC 90%-CCS,Advanced,2041,6.774,2025
NaturalGas_Retrofits,H-Frame CC 90%-CCS,Advanced,2042,6.767,2023
NaturalGas_Retrofits,H-Frame CC 90%-CCS,Advanced,2042,6.774,2024
NaturalGas_Retrofits,H-Frame CC 90%-CCS,Advanced,2042,6.774,2025
NaturalGas_Retrofits,H-Frame CC 90%-CCS,Advanced,2043,6.767,2023
NaturalGas_Retrofits,H-Frame CC 90%-CCS,Advanced,2043,6.774,2024
NaturalGas_Retrofits,H-Frame CC 90%-CCS,Advanced,2043,6.774,2025
NaturalGas_Retrofits,H-Frame CC 90%-CCS,Advanced,2044,6.767,2023
NaturalGas_Retrofits,H-Frame CC 90%-CCS,Advanced,2044,6.774,2024
NaturalGas_Retrofits,H-Frame CC 90%-CCS,Advanced,2044,6.774,2025
NaturalGas_Retrofits,H-Frame CC 90%-CCS,Advanced,2045,6.767,2023
NaturalGas_Retrofits,H-Frame CC 90%-CCS,Advanced,2045,6.774,2024
NaturalGas_Retrofits,H-Frame CC 90%-CCS,Advanced,2045,6.774,2025
NaturalGas_Retrofits,H-Frame CC 90%-CCS,Advanced,2046,6.767,2023
NaturalGas_Retrofits,H-Frame CC 90%-CCS,Advanced,2046,6.774,2024
NaturalGas_Retrofits,H-Frame CC 90%-CCS,Advanced,2046,6.774,2025
NaturalGas_Retrofits,H-Frame CC 90%-CCS,Advanced,2047,6.767,2023
NaturalGas_Retrofits,H-Frame CC 90%-CCS,Advanced,2047,6.774,2024
NaturalGas_Retrofits,H-Frame CC 90%-CCS,Advanced,2047,6.774,2025
NaturalGas_Retrofits,H-Frame CC 90%-CCS,Advanced,2048,6.767,2023
NaturalGas_Retrofits,H-Frame CC 90%-CCS,Advanced,2048,6.774,2024
NaturalGas_Retrofits,H-Frame CC 90%-CCS,Advanced,2048,6.774,2025
NaturalGas_Retrofits,H-Frame CC 90%-CCS,Advanced,2049,6.767,2023
NaturalGas_Retrofits,H-Frame CC 90%-CCS,Advanced,2049,6.774,2024
NaturalGas_Retrofits,H-Frame CC 90%-CCS,Advanced,2049,6.774,2025
NaturalGas_Retrofits,H-Frame CC 90%-CCS,Advanced,2050,6.767,2023
NaturalGas_Retrofits,H-Frame CC 90%-CCS,Advanced,2050,6.774,2024
NaturalGas_Retrofits,H-Frame CC 90%-CCS,Advanced,2050,6.774,2025
NaturalGas_Retrofits,H-Frame CC 90%-CCS,Advanced,2051,6.774,2025
NaturalGas_Retrofits,H-Frame CC 90%-CCS,Advanced,2052,6.774,2025
NaturalGas_Retrofits,H-Frame CC 90%-CCS,Advanced,2053,6.774,2025
NaturalGas_Retrofits,H-Frame CC 90%-CCS,Advanced,2054,6.774,2025
NaturalGas_Retrofits,H-Frame CC 90%-CCS,Advanced,2055,6.774,2025
NaturalGas_Retrofits,H-Frame CC 90%-CCS,Advanced,2056,6.774,2025
NaturalGas_Retrofits,H-Frame CC 90%-CCS,Advanced,2057,6.774,2025
NaturalGas_Retrofits,H-Frame CC 90%-CCS,Advanced,2058,6.774,2025
NaturalGas_Retrofits,H-Frame CC 90%-CCS,Advanced,2059,6.774,2025
NaturalGas_Retrofits,H-Frame CC 90%-CCS,Advanced,2060,6.774,2025
NaturalGas_Retrofits,H-Frame CC 90%-CCS,Conservative,2021,7.001,2023
NaturalGas_Retrofits,H-Frame CC 90%-CCS,Conservative,2022,7.001,2023
NaturalGas_Retrofits,H-Frame CC 90%-CCS,Conservative,2022,7.001,2024
NaturalGas_Retrofits,H-Frame CC 90%-CCS,Conservative,2023,7.001,2023
NaturalGas_Retrofits,H-Frame CC 90%-CCS,Conservative,2023,7.001,2024
NaturalGas_Retrofits,H-Frame CC 90%-CCS,Conservative,2023,7.001,2025
NaturalGas_Retrofits,H-Frame CC 90%-CCS,Conservative,2024,7.001,2023
NaturalGas_Retrofits,H-Frame CC 90%-CCS,Conservative,2024,7.001,2024
NaturalGas_Retrofits,H-Frame CC 90%-CCS,Conservative,2024,7.001,2025
NaturalGas_Retrofits,H-Frame CC 90%-CCS,Conservative,2025,7.001,2023
NaturalGas_Retrofits,H-Frame CC 90%-CCS,Conservative,2025,7.001,2024
NaturalGas_Retrofits,H-Frame CC 90%-CCS,Conservative,2025,7.001,2025
NaturalGas_Retrofits,H-Frame CC 90%-CCS,Conservative,2026,7.001,2023
NaturalGas_Retrofits,H-Frame CC 90%-CCS,Conservative,2026,7.001,2024
NaturalGas_Retrofits,H-Frame CC 90%-CCS,Conservative,2026,7.001,2025
NaturalGas_Retrofits,H-Frame CC 90%-CCS,Conservative,2027,7.001,2023
NaturalGas_Retrofits,H-Frame CC 90%-CCS,Conservative,2027,7.001,2024
NaturalGas_Retrofits,H-Frame CC 90%-CCS,Conservative,2027,7.001,2025
NaturalGas_Retrofits,H-Frame CC 90%-CCS,Conservative,2028,7.001,2023
NaturalGas_Retrofits,H-Frame CC 90%-CCS,Conservative,2028,7.001,2024
NaturalGas_Retrofits,H-Frame CC 90%-CCS,Conservative,2028,7.001,2025
NaturalGas_Retrofits,H-Frame CC 90%-CCS,Conservative,2029,7.001,2023
NaturalGas_Retrofits,H-Frame CC 90%-CCS,Conservative,2029,7.001,2024
NaturalGas_Retrofits,H-Frame CC 90%-CCS,Conservative,2029,7.001,2025
NaturalGas_Retrofits,H-Frame CC 90%-CCS,Conservative,2030,7.001,2023
NaturalGas_Retrofits,H-Frame CC 90%-CCS,Conservative,2030,7.001,2024
NaturalGas_Retrofits,H-Frame CC 90%-CCS,Conservative,2030,7.001,2025
NaturalGas_Retrofits,H-Frame CC 90%-CCS,Conservative,2031,7.001,2023
NaturalGas_Retrofits,H-Frame CC 90%-CCS,Conservative,2031,7.001,2024
NaturalGas_Retrofits,H-Frame CC 90%-CCS,Conservative,2031,7.001,2025
NaturalGas_Retrofits,H-Frame CC 90%-CCS,Conservative,2032,7.001,2023
NaturalGas_Retrofits,H-Frame CC 90%-CCS,Conservative,2032,7.001,2024
NaturalGas_Retrofits,H-Frame CC 90%-CCS,Conservative,2032,7.001,2025
NaturalGas_Retrofits,H-Frame CC 90%-CCS,Conservative,2033,7.001,2023
NaturalGas_Retrofits,H-Frame CC 90%-CCS,Conservative,2033,7.001,2024
NaturalGas_Retrofits,H-Frame CC 90%-CCS,Conservative,2033,7.001,2025
NaturalGas_Retrofits,H-Frame CC 90%-CCS,Conservative,2034,7.001,2023
NaturalGas_Retrofits,H-Frame CC 90%-CCS,Conservative,2034,7.001,2024
NaturalGas_Retrofits,H-Frame CC 90%-CCS,Conservative,2034,7.001,2025
NaturalGas_Retrofits,H-Frame CC 90%-CCS,Conservative,2035,7.001,2023
NaturalGas_Retrofits,H-Frame CC 90%-CCS,Conservative,2035,7.001,2024
NaturalGas_Retrofits,H-Frame CC 90%-CCS,Conservative,2035,7.001,2025
NaturalGas_Retrofits,H-Frame CC 90%-CCS,Conservative,2036,7.001,2023
NaturalGas_Retrofits,H-Frame CC 90%-CCS,Conservative,2036,7.001,2024
NaturalGas_Retrofits,H-Frame CC 90%-CCS,Conservative,2036,7.001,2025
NaturalGas_Retrofits,H-Frame CC 90%-CCS,Conservative,2037,7.001,2023
NaturalGas_Retrofits,H-Frame CC 90%-CCS,Conservative,2037,7.001,2024
NaturalGas_Retrofits,H-Frame CC 90%-CCS,Conservative,2037,7.001,2025
NaturalGas_Retrofits,H-Frame CC 90%-CCS,Conservative,2038,7.001,2023
NaturalGas_Retrofits,H-Frame CC 90%-CCS,Conservative,2038,7.001,2024
NaturalGas_Retrofits,H-Frame CC 90%-CCS,Conservative,2038,7.001,2025
NaturalGas_Retrofits,H-Frame CC 90%-CCS,Conservative,2039,7.001,2023
NaturalGas_Retrofits,H-Frame CC 90%-CCS,Conservative,2039,7.001,2024
NaturalGas_Retrofits,H-Frame CC 90%-CCS,Conservative,2039,7.001,2025
NaturalGas_Retrofits,H-Frame CC 90%-CCS,Conservative,2040,7.001,2023
NaturalGas_Retrofits,H-Frame CC 90%-CCS,Conservative,2040,7.001,2024
NaturalGas_Retrofits,H-Frame CC 90%-CCS,Conservative,2040,7.001,2025
NaturalGas_Retrofits,H-Frame CC 90%-CCS,Conservative,2041,7.001,2023
NaturalGas_Retrofits,H-Frame CC 90%-CCS,Conservative,2041,7.001,2024
NaturalGas_Retrofits,H-Frame CC 90%-CCS,Conservative,2041,7.001,2025
NaturalGas_Retrofits,H-Frame CC 90%-CCS,Conservative,2042,7.001,2023
NaturalGas_Retrofits,H-Frame CC 90%-CCS,Conservative,2042,7.001,2024
NaturalGas_Retrofits,H-Frame CC 90%-CCS,Conservative,2042,7.001,2025
NaturalGas_Retrofits,H-Frame CC 90%-CCS,Conservative,2043,7.001,2023
NaturalGas_Retrofits,H-Frame CC 90%-CCS,Conservative,2043,7.001,2024
NaturalGas_Retrofits,H-Frame CC 90%-CCS,Conservative,2043,7.001,2025
NaturalGas_Retrofits,H-Frame CC 90%-CCS,Conservative,2044,7.001,2023
NaturalGas_Retrofits,H-Frame CC 90%-CCS,Conservative,2044,7.001,2024
NaturalGas_Retrofits,H-Frame CC 90%-CCS,Conservative,2044,7.001,2025
NaturalGas_Retrofits,H-Frame CC 90%-CCS,Conservative,2045,7.001,2023
NaturalGas_Retrofits,H-Frame CC 90%-CCS,Conservative,2045,7.001,2024
NaturalGas_Retrofits,H-Frame CC 90%-CCS,Conservative,2045,7.001,2025
NaturalGas_Retrofits,H-Frame CC 90%-CCS,Conservative,2046,7.001,2023
NaturalGas_Retrofits,H-Frame CC 90%-CCS,Conservative,2046,7.001,2024
NaturalGas_Retrofits,H-Frame CC 90%-CCS,Conservative,2046,7.001,2025
NaturalGas_Retrofits,H-Frame CC 90%-CCS,Conservative,2047,7.001,2023
NaturalGas_Retrofits,H-Frame CC 90%-CCS,Conservative,2047,7.001,2024
NaturalGas_Retrofits,H-Frame CC 90%-CCS,Conservative,2047,7.001,2025
NaturalGas_Retrofits,H-Frame CC 90%-CCS,Conservative,2048,7.001,2023
NaturalGas_Retrofits,H-Frame CC 90%-CCS,Conservative,2048,7.001,2024
NaturalGas_Retrofits,H-Frame CC 90%-CCS,Conservative,2048,7.001,2025
NaturalGas_Retrofits,H-Frame CC 90%-CCS,Conservative,2049,7.001,2023
NaturalGas_Retrofits,H-Frame CC 90%-CCS,Conservative,2049,7.001,2024
NaturalGas_Retrofits,H-Frame CC 90%-CCS,Conservative,2049,7.001,2025
NaturalGas_Retrofits,H-Frame CC 90%-CCS,Conservative,2050,7.001,2023
NaturalGas_Retrofits,H-Frame CC 90%-CCS,Conservative,2050,7.001,2024
NaturalGas_Retrofits,H-Frame CC 90%-CCS,Conservative,2050,7.001,2025
NaturalGas_Retrofits,H-Frame CC 90%-CCS,Conservative,2051,7.001,2025
NaturalGas_Retrofits,H-Frame CC 90%-CCS,Conservative,2052,7.001,2025
NaturalGas_Retrofits,H-Frame CC 90%-CCS,Conservative,2053,7.001,2025
NaturalGas_Retrofits,H-Frame CC 90%-CCS,Conservative,2054,7.001,2025
NaturalGas_Retrofits,H-Frame CC 90%-CCS,Conservative,2055,7.001,2025
NaturalGas_Retrofits,H-Frame CC 90%-CCS,Conservative,2056,7.001,2025
NaturalGas_Retrofits,H-Frame CC 90%-CCS,Conservative,2057,7.001,2025
NaturalGas_Retrofits,H-Frame CC 90%-CCS,Conservative,2058,7.001,2025
NaturalGas_Retrofits,H-Frame CC 90%-CCS,Conservative,2059,7.001,2025
NaturalGas_Retrofits,H-Frame CC 90%-CCS,Conservative,2060,7.001,2025
NaturalGas_Retrofits,H-Frame CC 90%-CCS,Moderate,2021,7.001,2023
NaturalGas_Retrofits,H-Frame CC 90%-CCS,Moderate,2022,7.001,2023
NaturalGas_Retrofits,H-Frame CC 90%-CCS,Moderate,2022,7.001,2024
NaturalGas_Retrofits,H-Frame CC 90%-CCS,Moderate,2023,6.992,2023
NaturalGas_Retrofits,H-Frame CC 90%-CCS,Moderate,2023,6.992,2024
NaturalGas_Retrofits,H-Frame CC 90%-CCS,Moderate,2023,7.001,2025
NaturalGas_Retrofits,H-Frame CC 90%-CCS,Moderate,2024,6.983,2023
NaturalGas_Retrofits,H-Frame CC 90%-CCS,Moderate,2024,6.984,2024
NaturalGas_Retrofits,H-Frame CC 90%-CCS,Moderate,2024,6.992,2025
NaturalGas_Retrofits,H-Frame CC 90%-CCS,Moderate,2025,6.974,2023
NaturalGas_Retrofits,H-Frame CC 90%-CCS,Moderate,2025,6.975,2024
NaturalGas_Retrofits,H-Frame CC 90%-CCS,Moderate,2025,6.982,2025
NaturalGas_Retrofits,H-Frame CC 90%-CCS,Moderate,2026,6.965,2023
NaturalGas_Retrofits,H-Frame CC 90%-CCS,Moderate,2026,6.966,2024
NaturalGas_Retrofits,H-Frame CC 90%-CCS,Moderate,2026,6.973,2025
NaturalGas_Retrofits,H-Frame CC 90%-CCS,Moderate,2027,6.956,2023
NaturalGas_Retrofits,H-Frame CC 90%-CCS,Moderate,2027,6.957,2024
NaturalGas_Retrofits,H-Frame CC 90%-CCS,Moderate,2027,6.963,2025
NaturalGas_Retrofits,H-Frame CC 90%-CCS,Moderate,2028,6.947,2023
NaturalGas_Retrofits,H-Frame CC 90%-CCS,Moderate,2028,6.949,2024
NaturalGas_Retrofits,H-Frame CC 90%-CCS,Moderate,2028,6.954,2025
NaturalGas_Retrofits,H-Frame CC 90%-CCS,Moderate,2029,6.938,2023
NaturalGas_Retrofits,H-Frame CC 90%-CCS,Moderate,2029,6.94,2024
NaturalGas_Retrofits,H-Frame CC 90%-CCS,Moderate,2029,6.944,2025
NaturalGas_Retrofits,H-Frame CC 90%-CCS,Moderate,2030,6.929,2023
NaturalGas_Retrofits,H-Frame CC 90%-CCS,Moderate,2030,6.931,2024
NaturalGas_Retrofits,H-Frame CC 90%-CCS,Moderate,2030,6.935,2025
NaturalGas_Retrofits,H-Frame CC 90%-CCS,Moderate,2031,6.92,2023
NaturalGas_Retrofits,H-Frame CC 90%-CCS,Moderate,2031,6.922,2024
NaturalGas_Retrofits,H-Frame CC 90%-CCS,Moderate,2031,6.925,2025
NaturalGas_Retrofits,H-Frame CC 90%-CCS,Moderate,2032,6.911,2023
NaturalGas_Retrofits,H-Frame CC 90%-CCS,Moderate,2032,6.914,2024
NaturalGas_Retrofits,H-Frame CC 90%-CCS,Moderate,2032,6.916,2025
NaturalGas_Retrofits,H-Frame CC 90%-CCS,Moderate,2033,6.902,2023
NaturalGas_Retrofits,H-Frame CC 90%-CCS,Moderate,2033,6.905,2024
NaturalGas_Retrofits,H-Frame CC 90%-CCS,Moderate,2033,6.906,2025
NaturalGas_Retrofits,H-Frame CC 90%-CCS,Moderate,2034,6.893,2023
NaturalGas_Retrofits,H-Frame CC 90%-CCS,Moderate,2034,6.896,2024
NaturalGas_Retrofits,H-Frame CC 90%-CCS,Moderate,2034,6.897,2025
NaturalGas_Retrofits,H-Frame CC 90%-CCS,Moderate,2035,6.884,2023
NaturalGas_Retrofits,H-Frame CC 90%-CCS,Moderate,2035,6.887,2024
NaturalGas_Retrofits,H-Frame CC 90%-CCS,Moderate,2035,6.887,2025
NaturalGas_Retrofits,H-Frame CC 90%-CCS,Moderate,2036,6.884,2023
NaturalGas_Retrofits,H-Frame CC 90%-CCS,Moderate,2036,6.887,2024
NaturalGas_Retrofits,H-Frame CC 90%-CCS,Moderate,2036,6.887,2025
NaturalGas_Retrofits,H-Frame CC 90%-CCS,Moderate,2037,6.884,2023
NaturalGas_Retrofits,H-Frame CC 90%-CCS,Moderate,2037,6.887,2024
NaturalGas_Retrofits,H-Frame CC 90%-CCS,Moderate,2037,6.887,2025
NaturalGas_Retrofits,H-Frame CC 90%-CCS,Moderate,2038,6.884,2023
NaturalGas_Retrofits,H-Frame CC 90%-CCS,Moderate,2038,6.887,2024
NaturalGas_Retrofits,H-Frame CC 90%-CCS,Moderate,2038,6.887,2025
NaturalGas_Retrofits,H-Frame CC 90%-CCS,Moderate,2039,6.884,2023
NaturalGas_Retrofits,H-Frame CC 90%-CCS,Moderate,2039,6.887,2024
NaturalGas_Retrofits,H-Frame CC 90%-CCS,Moderate,2039,6.887,2025
NaturalGas_Retrofits,H-Frame CC 90%-CCS,Moderate,2040,6.884,2023
NaturalGas_Retrofits,H-Frame CC 90%-CCS,Moderate,2040,6.887,2024
NaturalGas_Retrofits,H-Frame CC 90%-CCS,Moderate,2040,6.887,2025
NaturalGas_Retrofits,H-Frame CC 90%-CCS,Moderate,2041,6.884,2023
NaturalGas_Retrofits,H-Frame CC 90%-CCS,Moderate,2041,6.887,2024
NaturalGas_Retrofits,H-Frame CC 90%-CCS,Moderate,2041,6.887,2025
NaturalGas_Retrofits,H-Frame CC 90%-CCS,Moderate,2042,6.884,2023
NaturalGas_Retrofits,H-Frame CC 90%-CCS,Moderate,2042,6.887,2024
NaturalGas_Retrofits,H-Frame CC 90%-CCS,Moderate,2042,6.887,2025
NaturalGas_Retrofits,H-Frame CC 90%-CCS,Moderate,2043,6.884,2023
NaturalGas_Retrofits,H-Frame CC 90%-CCS,Moderate,2043,6.887,2024
NaturalGas_Retrofits,H-Frame CC 90%-CCS,Moderate,2043,6.887,2025
NaturalGas_Retrofits,H-Frame CC 90%-CCS,Moderate,2044,6.884,2023
NaturalGas_Retrofits,H-Frame CC 90%-CCS,Moderate,2044,6.887,2024
NaturalGas_Retrofits,H-Frame CC 90%-CCS,Moderate,2044,6.887,2025
NaturalGas_Retrofits,H-Frame CC 90%-CCS,Moderate,2045,6.884,2023
NaturalGas_Retrofits,H-Frame CC 90%-CCS,Moderate,2045,6.887,2024
NaturalGas_Retrofits,H-Frame CC 90%-CCS,Moderate,2045,6.887,2025
NaturalGas_Retrofits,H-Frame CC 90%-CCS,Moderate,2046,6.884,2023
NaturalGas_Retrofits,H-Frame CC 90%-CCS,Moderate,2046,6.887,2024
NaturalGas_Retrofits,H-Frame CC 90%-CCS,Moderate,2046,6.887,2025
NaturalGas_Retrofits,H-Frame CC 90%-CCS,Moderate,2047,6.884,2023
NaturalGas_Retrofits,H-Frame CC 90%-CCS,Moderate,2047,6.887,2024
NaturalGas_Retrofits,H-Frame CC 90%-CCS,Moderate,2047,6.887,2025
NaturalGas_Retrofits,H-Frame CC 90%-CCS,Moderate,2048,6.884,2023
NaturalGas_Retrofits,H-Frame CC 90%-CCS,Moderate,2048,6.887,2024
NaturalGas_Retrofits,H-Frame CC 90%-CCS,Moderate,2048,6.887,2025
NaturalGas_Retrofits,H-Frame CC 90%-CCS,Moderate,2049,6.884,2023
NaturalGas_Retrofits,H-Frame CC 90%-CCS,Moderate,2049,6.887,2024
NaturalGas_Retrofits,H-Frame CC 90%-CCS,Moderate,2049,6.887,2025
NaturalGas_Retrofits,H-Frame CC 90%-CCS,Moderate,2050,6.884,2023
NaturalGas_Retrofits,H-Frame CC 90%-CCS,Moderate,2050,6.887,2024
NaturalGas_Retrofits,H-Frame CC 90%-CCS,Moderate,2050,6.887,2025
NaturalGas_Retrofits,H-Frame CC 90%-CCS,Moderate,2051,6.887,2025
NaturalGas_Retrofits,H-Frame CC 90%-CCS,Moderate,2052,6.887,2025
NaturalGas_Retrofits,H-Frame CC 90%-CCS,Moderate,2053,6.887,2025
NaturalGas_Retrofits,H-Frame CC 90%-CCS,Moderate,2054,6.887,2025
NaturalGas_Retrofits,H-Frame CC 90%-CCS,Moderate,2055,6.887,2025
NaturalGas_Retrofits,H-Frame CC 90%-CCS,Moderate,2056,6.887,2025
NaturalGas_Retrofits,H-Frame CC 90%-CCS,Moderate,2057,6.887,2025
NaturalGas_Retrofits,H-Frame CC 90%-CCS,Moderate,2058,6.887,2025
NaturalGas_Retrofits,H-Frame CC 90%-CCS,Moderate,2059,6.887,2025
NaturalGas_Retrofits,H-Frame CC 90%-CCS,Moderate,2060,6.887,2025
NaturalGas_Retrofits,H-Frame CC 95%-CCS,Advanced,2021,7.051,2023
NaturalGas_Retrofits,H-Frame CC 95%-CCS,Advanced,2022,7.051,2023
NaturalGas_Retrofits,H-Frame CC 95%-CCS,Advanced,2022,7.051,2024
NaturalGas_Retrofits,H-Frame CC 95%-CCS,Advanced,2023,7.032,2023
NaturalGas_Retrofits,H-Frame CC 95%-CCS,Advanced,2023,7.032,2024
NaturalGas_Retrofits,H-Frame CC 95%-CCS,Advanced,2023,7.051,2025
NaturalGas_Retrofits,H-Frame CC 95%-CCS,Advanced,2024,7.012,2023
NaturalGas_Retrofits,H-Frame CC 95%-CCS,Advanced,2024,7.013,2024
NaturalGas_Retrofits,H-Frame CC 95%-CCS,Advanced,2024,7.03,2025
NaturalGas_Retrofits,H-Frame CC 95%-CCS,Advanced,2025,6.993,2023
NaturalGas_Retrofits,H-Frame CC 95%-CCS,Advanced,2025,6.994,2024
NaturalGas_Retrofits,H-Frame CC 95%-CCS,Advanced,2025,7.01,2025
NaturalGas_Retrofits,H-Frame CC 95%-CCS,Advanced,2026,6.974,2023
NaturalGas_Retrofits,H-Frame CC 95%-CCS,Advanced,2026,6.976,2024
NaturalGas_Retrofits,H-Frame CC 95%-CCS,Advanced,2026,6.99,2025
NaturalGas_Retrofits,H-Frame CC 95%-CCS,Advanced,2027,6.954,2023
NaturalGas_Retrofits,H-Frame CC 95%-CCS,Advanced,2027,6.957,2024
NaturalGas_Retrofits,H-Frame CC 95%-CCS,Advanced,2027,6.969,2025
NaturalGas_Retrofits,H-Frame CC 95%-CCS,Advanced,2028,6.935,2023
NaturalGas_Retrofits,H-Frame CC 95%-CCS,Advanced,2028,6.938,2024
NaturalGas_Retrofits,H-Frame CC 95%-CCS,Advanced,2028,6.949,2025
NaturalGas_Retrofits,H-Frame CC 95%-CCS,Advanced,2029,6.916,2023
NaturalGas_Retrofits,H-Frame CC 95%-CCS,Advanced,2029,6.919,2024
NaturalGas_Retrofits,H-Frame CC 95%-CCS,Advanced,2029,6.929,2025
NaturalGas_Retrofits,H-Frame CC 95%-CCS,Advanced,2030,6.897,2023
NaturalGas_Retrofits,H-Frame CC 95%-CCS,Advanced,2030,6.901,2024
NaturalGas_Retrofits,H-Frame CC 95%-CCS,Advanced,2030,6.908,2025
NaturalGas_Retrofits,H-Frame CC 95%-CCS,Advanced,2031,6.877,2023
NaturalGas_Retrofits,H-Frame CC 95%-CCS,Advanced,2031,6.882,2024
NaturalGas_Retrofits,H-Frame CC 95%-CCS,Advanced,2031,6.888,2025
NaturalGas_Retrofits,H-Frame CC 95%-CCS,Advanced,2032,6.858,2023
NaturalGas_Retrofits,H-Frame CC 95%-CCS,Advanced,2032,6.863,2024
NaturalGas_Retrofits,H-Frame CC 95%-CCS,Advanced,2032,6.868,2025
NaturalGas_Retrofits,H-Frame CC 95%-CCS,Advanced,2033,6.839,2023
NaturalGas_Retrofits,H-Frame CC 95%-CCS,Advanced,2033,6.844,2024
NaturalGas_Retrofits,H-Frame CC 95%-CCS,Advanced,2033,6.847,2025
NaturalGas_Retrofits,H-Frame CC 95%-CCS,Advanced,2034,6.819,2023
NaturalGas_Retrofits,H-Frame CC 95%-CCS,Advanced,2034,6.826,2024
NaturalGas_Retrofits,H-Frame CC 95%-CCS,Advanced,2034,6.827,2025
NaturalGas_Retrofits,H-Frame CC 95%-CCS,Advanced,2035,6.8,2023
NaturalGas_Retrofits,H-Frame CC 95%-CCS,Advanced,2035,6.807,2024
NaturalGas_Retrofits,H-Frame CC 95%-CCS,Advanced,2035,6.807,2025
NaturalGas_Retrofits,H-Frame CC 95%-CCS,Advanced,2036,6.8,2023
NaturalGas_Retrofits,H-Frame CC 95%-CCS,Advanced,2036,6.807,2024
NaturalGas_Retrofits,H-Frame CC 95%-CCS,Advanced,2036,6.807,2025
NaturalGas_Retrofits,H-Frame CC 95%-CCS,Advanced,2037,6.8,2023
NaturalGas_Retrofits,H-Frame CC 95%-CCS,Advanced,2037,6.807,2024
NaturalGas_Retrofits,H-Frame CC 95%-CCS,Advanced,2037,6.807,2025
NaturalGas_Retrofits,H-Frame CC 95%-CCS,Advanced,2038,6.8,2023
NaturalGas_Retrofits,H-Frame CC 95%-CCS,Advanced,2038,6.807,2024
NaturalGas_Retrofits,H-Frame CC 95%-CCS,Advanced,2038,6.807,2025
NaturalGas_Retrofits,H-Frame CC 95%-CCS,Advanced,2039,6.8,2023
NaturalGas_Retrofits,H-Frame CC 95%-CCS,Advanced,2039,6.807,2024
NaturalGas_Retrofits,H-Frame CC 95%-CCS,Advanced,2039,6.807,2025
NaturalGas_Retrofits,H-Frame CC 95%-CCS,Advanced,2040,6.8,2023
NaturalGas_Retrofits,H-Frame CC 95%-CCS,Advanced,2040,6.807,2024
NaturalGas_Retrofits,H-Frame CC 95%-CCS,Advanced,2040,6.807,2025
NaturalGas_Retrofits,H-Frame CC 95%-CCS,Advanced,2041,6.8,2023
NaturalGas_Retrofits,H-Frame CC 95%-CCS,Advanced,2041,6.807,2024
NaturalGas_Retrofits,H-Frame CC 95%-CCS,Advanced,2041,6.807,2025
NaturalGas_Retrofits,H-Frame CC 95%-CCS,Advanced,2042,6.8,2023
NaturalGas_Retrofits,H-Frame CC 95%-CCS,Advanced,2042,6.807,2024
NaturalGas_Retrofits,H-Frame CC 95%-CCS,Advanced,2042,6.807,2025
NaturalGas_Retrofits,H-Frame CC 95%-CCS,Advanced,2043,6.8,2023
NaturalGas_Retrofits,H-Frame CC 95%-CCS,Advanced,2043,6.807,2024
NaturalGas_Retrofits,H-Frame CC 95%-CCS,Advanced,2043,6.807,2025
NaturalGas_Retrofits,H-Frame CC 95%-CCS,Advanced,2044,6.8,2023
NaturalGas_Retrofits,H-Frame CC 95%-CCS,Advanced,2044,6.807,2024
NaturalGas_Retrofits,H-Frame CC 95%-CCS,Advanced,2044,6.807,2025
NaturalGas_Retrofits,H-Frame CC 95%-CCS,Advanced,2045,6.8,2023
NaturalGas_Retrofits,H-Frame CC 95%-CCS,Advanced,2045,6.807,2024
NaturalGas_Retrofits,H-Frame CC 95%-CCS,Advanced,2045,6.807,2025
NaturalGas_Retrofits,H-Frame CC 95%-CCS,Advanced,2046,6.8,2023
NaturalGas_Retrofits,H-Frame CC 95%-CCS,Advanced,2046,6.807,2024
NaturalGas_Retrofits,H-Frame CC 95%-CCS,Advanced,2046,6.807,2025
NaturalGas_Retrofits,H-Frame CC 95%-CCS,Advanced,2047,6.8,2023
NaturalGas_Retrofits,H-Frame CC 95%-CCS,Advanced,2047,6.807,2024
NaturalGas_Retrofits,H-Frame CC 95%-CCS,Advanced,2047,6.807,2025
NaturalGas_Retrofits,H-Frame CC 95%-CCS,Advanced,2048,6.8,2023
NaturalGas_Retrofits,H-Frame CC 95%-CCS,Advanced,2048,6.807,2024
NaturalGas_Retrofits,H-Frame CC 95%-CCS,Advanced,2048,6.807,2025
NaturalGas_Retrofits,H-Frame CC 95%-CCS,Advanced,2049,6.8,2023
NaturalGas_Retrofits,H-Frame CC 95%-CCS,Advanced,2049,6.807,2024
NaturalGas_Retrofits,H-Frame CC 95%-CCS,Advanced,2049,6.807,2025
NaturalGas_Retrofits,H-Frame CC 95%-CCS,Advanced,2050,6.8,2023
NaturalGas_Retrofits,H-Frame CC 95%-CCS,Advanced,2050,6.807,2024
NaturalGas_Retrofits,H-Frame CC 95%-CCS,Advanced,2050,6.807,2025
NaturalGas_Retrofits,H-Frame CC 95%-CCS,Advanced,2051,6.807,2025
NaturalGas_Retrofits,H-Frame CC 95%-CCS,Advanced,2052,6.807,2025
NaturalGas_Retrofits,H-Frame CC 95%-CCS,Advanced,2053,6.807,2025
NaturalGas_Retrofits,H-Frame CC 95%-CCS,Advanced,2054,6.807,2025
NaturalGas_Retrofits,H-Frame CC 95%-CCS,Advanced,2055,6.807,2025
NaturalGas_Retrofits,H-Frame CC 95%-CCS,Advanced,2056,6.807,2025
NaturalGas_Retrofits,H-Frame CC 95%-CCS,Advanced,2057,6.807,2025
NaturalGas_Retrofits,H-Frame CC 95%-CCS,Advanced,2058,6.807,2025
NaturalGas_Retrofits,H-Frame CC 95%-CCS,Advanced,2059,6.807,2025
NaturalGas_Retrofits,H-Frame CC 95%-CCS,Advanced,2060,6.807,2025
NaturalGas_Retrofits,H-Frame CC 95%-CCS,Conservative,2021,7.051,2023
NaturalGas_Retrofits,H-Frame CC 95%-CCS,Conservative,2022,7.051,2023
NaturalGas_Retrofits,H-Frame CC 95%-CCS,Conservative,2022,7.051,2024
NaturalGas_Retrofits,H-Frame CC 95%-CCS,Conservative,2023,7.051,2023
NaturalGas_Retrofits,H-Frame CC 95%-CCS,Conservative,2023,7.051,2024
NaturalGas_Retrofits,H-Frame CC 95%-CCS,Conservative,2023,7.051,2025
NaturalGas_Retrofits,H-Frame CC 95%-CCS,Conservative,2024,7.051,2023
NaturalGas_Retrofits,H-Frame CC 95%-CCS,Conservative,2024,7.051,2024
NaturalGas_Retrofits,H-Frame CC 95%-CCS,Conservative,2024,7.051,2025
NaturalGas_Retrofits,H-Frame CC 95%-CCS,Conservative,2025,7.051,2023
NaturalGas_Retrofits,H-Frame CC 95%-CCS,Conservative,2025,7.051,2024
NaturalGas_Retrofits,H-Frame CC 95%-CCS,Conservative,2025,7.051,2025
NaturalGas_Retrofits,H-Frame CC 95%-CCS,Conservative,2026,7.051,2023
NaturalGas_Retrofits,H-Frame CC 95%-CCS,Conservative,2026,7.051,2024
NaturalGas_Retrofits,H-Frame CC 95%-CCS,Conservative,2026,7.051,2025
NaturalGas_Retrofits,H-Frame CC 95%-CCS,Conservative,2027,7.051,2023
NaturalGas_Retrofits,H-Frame CC 95%-CCS,Conservative,2027,7.051,2024
NaturalGas_Retrofits,H-Frame CC 95%-CCS,Conservative,2027,7.051,2025
NaturalGas_Retrofits,H-Frame CC 95%-CCS,Conservative,2028,7.051,2023
NaturalGas_Retrofits,H-Frame CC 95%-CCS,Conservative,2028,7.051,2024
NaturalGas_Retrofits,H-Frame CC 95%-CCS,Conservative,2028,7.051,2025
NaturalGas_Retrofits,H-Frame CC 95%-CCS,Conservative,2029,7.051,2023
NaturalGas_Retrofits,H-Frame CC 95%-CCS,Conservative,2029,7.051,2024
NaturalGas_Retrofits,H-Frame CC 95%-CCS,Conservative,2029,7.051,2025
NaturalGas_Retrofits,H-Frame CC 95%-CCS,Conservative,2030,7.051,2023
NaturalGas_Retrofits,H-Frame CC 95%-CCS,Conservative,2030,7.051,2024
NaturalGas_Retrofits,H-Frame CC 95%-CCS,Conservative,2030,7.051,2025
NaturalGas_Retrofits,H-Frame CC 95%-CCS,Conservative,2031,7.051,2023
NaturalGas_Retrofits,H-Frame CC 95%-CCS,Conservative,2031,7.051,2024
NaturalGas_Retrofits,H-Frame CC 95%-CCS,Conservative,2031,7.051,2025
NaturalGas_Retrofits,H-Frame CC 95%-CCS,Conservative,2032,7.051,2023
NaturalGas_Retrofits,H-Frame CC 95%-CCS,Conservative,2032,7.051,2024
NaturalGas_Retrofits,H-Frame CC 95%-CCS,Conservative,2032,7.051,2025
NaturalGas_Retrofits,H-Frame CC 95%-CCS,Conservative,2033,7.051,2023
NaturalGas_Retrofits,H-Frame CC 95%-CCS,Conservative,2033,7.051,2024
NaturalGas_Retrofits,H-Frame CC 95%-CCS,Conservative,2033,7.051,2025
NaturalGas_Retrofits,H-Frame CC 95%-CCS,Conservative,2034,7.051,2023
NaturalGas_Retrofits,H-Frame CC 95%-CCS,Conservative,2034,7.051,2024
NaturalGas_Retrofits,H-Frame CC 95%-CCS,Conservative,2034,7.051,2025
NaturalGas_Retrofits,H-Frame CC 95%-CCS,Conservative,2035,7.051,2023
NaturalGas_Retrofits,H-Frame CC 95%-CCS,Conservative,2035,7.051,2024
NaturalGas_Retrofits,H-Frame CC 95%-CCS,Conservative,2035,7.051,2025
NaturalGas_Retrofits,H-Frame CC 95%-CCS,Conservative,2036,7.051,2023
NaturalGas_Retrofits,H-Frame CC 95%-CCS,Conservative,2036,7.051,2024
NaturalGas_Retrofits,H-Frame CC 95%-CCS,Conservative,2036,7.051,2025
NaturalGas_Retrofits,H-Frame CC 95%-CCS,Conservative,2037,7.051,2023
NaturalGas_Retrofits,H-Frame CC 95%-CCS,Conservative,2037,7.051,2024
NaturalGas_Retrofits,H-Frame CC 95%-CCS,Conservative,2037,7.051,2025
NaturalGas_Retrofits,H-Frame CC 95%-CCS,Conservative,2038,7.051,2023
NaturalGas_Retrofits,H-Frame CC 95%-CCS,Conservative,2038,7.051,2024
NaturalGas_Retrofits,H-Frame CC 95%-CCS,Conservative,2038,7.051,2025
NaturalGas_Retrofits,H-Frame CC 95%-CCS,Conservative,2039,7.051,2023
NaturalGas_Retrofits,H-Frame CC 95%-CCS,Conservative,2039,7.051,2024
NaturalGas_Retrofits,H-Frame CC 95%-CCS,Conservative,2039,7.051,2025
NaturalGas_Retrofits,H-Frame CC 95%-CCS,Conservative,2040,7.051,2023
NaturalGas_Retrofits,H-Frame CC 95%-CCS,Conservative,2040,7.051,2024
NaturalGas_Retrofits,H-Frame CC 95%-CCS,Conservative,2040,7.051,2025
NaturalGas_Retrofits,H-Frame CC 95%-CCS,Conservative,2041,7.051,2023
NaturalGas_Retrofits,H-Frame CC 95%-CCS,Conservative,2041,7.051,2024
NaturalGas_Retrofits,H-Frame CC 95%-CCS,Conservative,2041,7.051,2025
NaturalGas_Retrofits,H-Frame CC 95%-CCS,Conservative,2042,7.051,2023
NaturalGas_Retrofits,H-Frame CC 95%-CCS,Conservative,2042,7.051,2024
NaturalGas_Retrofits,H-Frame CC 95%-CCS,Conservative,2042,7.051,2025
NaturalGas_Retrofits,H-Frame CC 95%-CCS,Conservative,2043,7.051,2023
NaturalGas_Retrofits,H-Frame CC 95%-CCS,Conservative,2043,7.051,2024
NaturalGas_Retrofits,H-Frame CC 95%-CCS,Conservative,2043,7.051,2025
NaturalGas_Retrofits,H-Frame CC 95%-CCS,Conservative,2044,7.051,2023
NaturalGas_Retrofits,H-Frame CC 95%-CCS,Conservative,2044,7.051,2024
NaturalGas_Retrofits,H-Frame CC 95%-CCS,Conservative,2044,7.051,2025
NaturalGas_Retrofits,H-Frame CC 95%-CCS,Conservative,2045,7.051,2023
NaturalGas_Retrofits,H-Frame CC 95%-CCS,Conservative,2045,7.051,2024
NaturalGas_Retrofits,H-Frame CC 95%-CCS,Conservative,2045,7.051,2025
NaturalGas_Retrofits,H-Frame CC 95%-CCS,Conservative,2046,7.051,2023
NaturalGas_Retrofits,H-Frame CC 95%-CCS,Conservative,2046,7.051,2024
NaturalGas_Retrofits,H-Frame CC 95%-CCS,Conservative,2046,7.051,2025
NaturalGas_Retrofits,H-Frame CC 95%-CCS,Conservative,2047,7.051,2023
NaturalGas_Retrofits,H-Frame CC 95%-CCS,Conservative,2047,7.051,2024
NaturalGas_Retrofits,H-Frame CC 95%-CCS,Conservative,2047,7.051,2025
NaturalGas_Retrofits,H-Frame CC 95%-CCS,Conservative,2048,7.051,2023
NaturalGas_Retrofits,H-Frame CC 95%-CCS,Conservative,2048,7.051,2024
NaturalGas_Retrofits,H-Frame CC 95%-CCS,Conservative,2048,7.051,2025
NaturalGas_Retrofits,H-Frame CC 95%-CCS,Conservative,2049,7.051,2023
NaturalGas_Retrofits,H-Frame CC 95%-CCS,Conservative,2049,7.051,2024
NaturalGas_Retrofits,H-Frame CC 95%-CCS,Conservative,2049,7.051,2025
NaturalGas_Retrofits,H-Frame CC 95%-CCS,Conservative,2050,7.051,2023
NaturalGas_Retrofits,H-Frame CC 95%-CCS,Conservative,2050,7.051,2024
NaturalGas_Retrofits,H-Frame CC 95%-CCS,Conservative,2050,7.051,2025
NaturalGas_Retrofits,H-Frame CC 95%-CCS,Conservative,2051,7.051,2025
NaturalGas_Retrofits,H-Frame CC 95%-CCS,Conservative,2052,7.051,2025
NaturalGas_Retrofits,H-Frame CC 95%-CCS,Conservative,2053,7.051,2025
NaturalGas_Retrofits,H-Frame CC 95%-CCS,Conservative,2054,7.051,2025
NaturalGas_Retrofits,H-Frame CC 95%-CCS,Conservative,2055,7.051,2025
NaturalGas_Retrofits,H-Frame CC 95%-CCS,Conservative,2056,7.051,2025
NaturalGas_Retrofits,H-Frame CC 95%-CCS,Conservative,2057,7.051,2025
NaturalGas_Retrofits,H-Frame CC 95%-CCS,Conservative,2058,7.051,2025
NaturalGas_Retrofits,H-Frame CC 95%-CCS,Conservative,2059,7.051,2025
NaturalGas_Retrofits,H-Frame CC 95%-CCS,Conservative,2060,7.051,2025
NaturalGas_Retrofits,H-Frame CC 95%-CCS,Moderate,2021,7.051,2023
NaturalGas_Retrofits,H-Frame CC 95%-CCS,Moderate,2022,7.051,2023
NaturalGas_Retrofits,H-Frame CC 95%-CCS,Moderate,2022,7.051,2024
NaturalGas_Retrofits,H-Frame CC 95%-CCS,Moderate,2023,7.041,2023
NaturalGas_Retrofits,H-Frame CC 95%-CCS,Moderate,2023,7.041,2024
NaturalGas_Retrofits,H-Frame CC 95%-CCS,Moderate,2023,7.051,2025
NaturalGas_Retrofits,H-Frame CC 95%-CCS,Moderate,2024,7.032,2023
NaturalGas_Retrofits,H-Frame CC 95%-CCS,Moderate,2024,7.032,2024
NaturalGas_Retrofits,H-Frame CC 95%-CCS,Moderate,2024,7.041,2025
NaturalGas_Retrofits,H-Frame CC 95%-CCS,Moderate,2025,7.022,2023
NaturalGas_Retrofits,H-Frame CC 95%-CCS,Moderate,2025,7.023,2024
NaturalGas_Retrofits,H-Frame CC 95%-CCS,Moderate,2025,7.03,2025
NaturalGas_Retrofits,H-Frame CC 95%-CCS,Moderate,2026,7.012,2023
NaturalGas_Retrofits,H-Frame CC 95%-CCS,Moderate,2026,7.013,2024
NaturalGas_Retrofits,H-Frame CC 95%-CCS,Moderate,2026,7.02,2025
NaturalGas_Retrofits,H-Frame CC 95%-CCS,Moderate,2027,7.003,2023
NaturalGas_Retrofits,H-Frame CC 95%-CCS,Moderate,2027,7.004,2024
NaturalGas_Retrofits,H-Frame CC 95%-CCS,Moderate,2027,7.01,2025
NaturalGas_Retrofits,H-Frame CC 95%-CCS,Moderate,2028,6.993,2023
NaturalGas_Retrofits,H-Frame CC 95%-CCS,Moderate,2028,6.994,2024
NaturalGas_Retrofits,H-Frame CC 95%-CCS,Moderate,2028,7.0,2025
NaturalGas_Retrofits,H-Frame CC 95%-CCS,Moderate,2029,6.983,2023
NaturalGas_Retrofits,H-Frame CC 95%-CCS,Moderate,2029,6.985,2024
NaturalGas_Retrofits,H-Frame CC 95%-CCS,Moderate,2029,6.99,2025
NaturalGas_Retrofits,H-Frame CC 95%-CCS,Moderate,2030,6.974,2023
NaturalGas_Retrofits,H-Frame CC 95%-CCS,Moderate,2030,6.976,2024
NaturalGas_Retrofits,H-Frame CC 95%-CCS,Moderate,2030,6.98,2025
NaturalGas_Retrofits,H-Frame CC 95%-CCS,Moderate,2031,6.964,2023
NaturalGas_Retrofits,H-Frame CC 95%-CCS,Moderate,2031,6.966,2024
NaturalGas_Retrofits,H-Frame CC 95%-CCS,Moderate,2031,6.969,2025
NaturalGas_Retrofits,H-Frame CC 95%-CCS,Moderate,2032,6.954,2023
NaturalGas_Retrofits,H-Frame CC 95%-CCS,Moderate,2032,6.957,2024
NaturalGas_Retrofits,H-Frame CC 95%-CCS,Moderate,2032,6.959,2025
NaturalGas_Retrofits,H-Frame CC 95%-CCS,Moderate,2033,6.945,2023
NaturalGas_Retrofits,H-Frame CC 95%-CCS,Moderate,2033,6.948,2024
NaturalGas_Retrofits,H-Frame CC 95%-CCS,Moderate,2033,6.949,2025
NaturalGas_Retrofits,H-Frame CC 95%-CCS,Moderate,2034,6.935,2023
NaturalGas_Retrofits,H-Frame CC 95%-CCS,Moderate,2034,6.938,2024
NaturalGas_Retrofits,H-Frame CC 95%-CCS,Moderate,2034,6.939,2025
NaturalGas_Retrofits,H-Frame CC 95%-CCS,Moderate,2035,6.925,2023
NaturalGas_Retrofits,H-Frame CC 95%-CCS,Moderate,2035,6.929,2024
NaturalGas_Retrofits,H-Frame CC 95%-CCS,Moderate,2035,6.929,2025
NaturalGas_Retrofits,H-Frame CC 95%-CCS,Moderate,2036,6.925,2023
NaturalGas_Retrofits,H-Frame CC 95%-CCS,Moderate,2036,6.929,2024
NaturalGas_Retrofits,H-Frame CC 95%-CCS,Moderate,2036,6.929,2025
NaturalGas_Retrofits,H-Frame CC 95%-CCS,Moderate,2037,6.925,2023
NaturalGas_Retrofits,H-Frame CC 95%-CCS,Moderate,2037,6.929,2024
NaturalGas_Retrofits,H-Frame CC 95%-CCS,Moderate,2037,6.929,2025
NaturalGas_Retrofits,H-Frame CC 95%-CCS,Moderate,2038,6.925,2023
NaturalGas_Retrofits,H-Frame CC 95%-CCS,Moderate,2038,6.929,2024
NaturalGas_Retrofits,H-Frame CC 95%-CCS,Moderate,2038,6.929,2025
NaturalGas_Retrofits,H-Frame CC 95%-CCS,Moderate,2039,6.925,2023
NaturalGas_Retrofits,H-Frame CC 95%-CCS,Moderate,2039,6.929,2024
NaturalGas_Retrofits,H-Frame CC 95%-CCS,Moderate,2039,6.929,2025
NaturalGas_Retrofits,H-Frame CC 95%-CCS,Moderate,2040,6.925,2023
NaturalGas_Retrofits,H-Frame CC 95%-CCS,Moderate,2040,6.929,2024
NaturalGas_Retrofits,H-Frame CC 95%-CCS,Moderate,2040,6.929,2025
NaturalGas_Retrofits,H-Frame CC 95%-CCS,Moderate,2041,6.925,2023
NaturalGas_Retrofits,H-Frame CC 95%-CCS,Moderate,2041,6.929,2024
NaturalGas_Retrofits,H-Frame CC 95%-CCS,Moderate,2041,6.929,2025
NaturalGas_Retrofits,H-Frame CC 95%-CCS,Moderate,2042,6.925,2023
NaturalGas_Retrofits,H-Frame CC 95%-CCS,Moderate,2042,6.929,2024
NaturalGas_Retrofits,H-Frame CC 95%-CCS,Moderate,2042,6.929,2025
NaturalGas_Retrofits,H-Frame CC 95%-CCS,Moderate,2043,6.925,2023
NaturalGas_Retrofits,H-Frame CC 95%-CCS,Moderate,2043,6.929,2024
NaturalGas_Retrofits,H-Frame CC 95%-CCS,Moderate,2043,6.929,2025
NaturalGas_Retrofits,H-Frame CC 95%-CCS,Moderate,2044,6.925,2023
NaturalGas_Retrofits,H-Frame CC 95%-CCS,Moderate,2044,6.929,2024
NaturalGas_Retrofits,H-Frame CC 95%-CCS,Moderate,2044,6.929,2025
NaturalGas_Retrofits,H-Frame CC 95%-CCS,Moderate,2045,6.925,2023
NaturalGas_Retrofits,H-Frame CC 95%-CCS,Moderate,2045,6.929,2024
NaturalGas_Retrofits,H-Frame CC 95%-CCS,Moderate,2045,6.929,2025
NaturalGas_Retrofits,H-Frame CC 95%-CCS,Moderate,2046,6.925,2023
NaturalGas_Retrofits,H-Frame CC 95%-CCS,Moderate,2046,6.929,2024
NaturalGas_Retrofits,H-Frame CC 95%-CCS,Moderate,2046,6.929,2025
NaturalGas_Retrofits,H-Frame CC 95%-CCS,Moderate,2047,6.925,2023
NaturalGas_Retrofits,H-Frame CC 95%-CCS,Moderate,2047,6.929,2024
NaturalGas_Retrofits,H-Frame CC 95%-CCS,Moderate,2047,6.929,2025
NaturalGas_Retrofits,H-Frame CC 95%-CCS,Moderate,2048,6.925,2023
NaturalGas_Retrofits,H-Frame CC 95%-CCS,Moderate,2048,6.929,2024
NaturalGas_Retrofits,H-Frame CC 95%-CCS,Moderate,2048,6.929,2025
NaturalGas_Retrofits,H-Frame CC 95%-CCS,Moderate,2049,6.925,2023
NaturalGas_Retrofits,H-Frame CC 95%-CCS,Moderate,2049,6.929,2024
NaturalGas_Retrofits,H-Frame CC 95%-CCS,Moderate,2049,6.929,2025
NaturalGas_Retrofits,H-Frame CC 95%-CCS,Moderate,2050,6.925,2023
NaturalGas_Retrofits,H-Frame CC 95%-CCS,Moderate,2050,6.929,2024
NaturalGas_Retrofits,H-Frame CC 95%-CCS,Moderate,2050,6.929,2025
NaturalGas_Retrofits,H-Frame CC 95%-CCS,Moderate,2051,6.929,2025
NaturalGas_Retrofits,H-Frame CC 95%-CCS,Moderate,2052,6.929,2025
NaturalGas_Retrofits,H-Frame CC 95%-CCS,Moderate,2053,6.929,2025
NaturalGas_Retrofits,H-Frame CC 95%-CCS,Moderate,2054,6.929,2025
NaturalGas_Retrofits,H-Frame CC 95%-CCS,Moderate,2055,6.929,2025
NaturalGas_Retrofits,H-Frame CC 95%-CCS,Moderate,2056,6.929,2025
NaturalGas_Retrofits,H-Frame CC 95%-CCS,Moderate,2057,6.929,2025
NaturalGas_Retrofits,H-Frame CC 95%-CCS,Moderate,2058,6.929,2025
NaturalGas_Retrofits,H-Frame CC 95%-CCS,Moderate,2059,6.929,2025
NaturalGas_Retrofits,H-Frame CC 95%-CCS,Moderate,2060,6.929,2025
Nuclear,Nuclear,Conservative,2021,10.447,2023
Nuclear,Nuclear,Conservative,2022,10.447,2023
Nuclear,Nuclear,Conservative,2023,10.447,2023
Nuclear,Nuclear,Conservative,2024,10.447,2023
Nuclear,Nuclear,Conservative,2025,10.447,2023
Nuclear,Nuclear,Conservative,2026,10.447,2023
Nuclear,Nuclear,Conservative,2027,10.447,2023
Nuclear,Nuclear,Conservative,2028,10.447,2023
Nuclear,Nuclear,Conservative,2029,10.447,2023
Nuclear,Nuclear,Conservative,2030,10.447,2023
Nuclear,Nuclear,Conservative,2031,10.447,2023
Nuclear,Nuclear,Conservative,2032,10.447,2023
Nuclear,Nuclear,Conservative,2033,10.447,2023
Nuclear,Nuclear,Conservative,2034,10.447,2023
Nuclear,Nuclear,Conservative,2035,10.447,2023
Nuclear,Nuclear,Conservative,2036,10.447,2023
Nuclear,Nuclear,Conservative,2037,10.447,2023
Nuclear,Nuclear,Conservative,2038,10.447,2023
Nuclear,Nuclear,Conservative,2039,10.447,2023
Nuclear,Nuclear,Conservative,2040,10.447,2023
Nuclear,Nuclear,Conservative,2041,10.447,2023
Nuclear,Nuclear,Conservative,2042,10.447,2023
Nuclear,Nuclear,Conservative,2043,10.447,2023
Nuclear,Nuclear,Conservative,2044,10.447,2023
Nuclear,Nuclear,Conservative,2045,10.447,2023
Nuclear,Nuclear,Conservative,2046,10.447,2023
Nuclear,Nuclear,Conservative,2047,10.447,2023
Nuclear,Nuclear,Conservative,2048,10.447,2023
Nuclear,Nuclear,Conservative,2049,10.447,2023
Nuclear,Nuclear,Conservative,2050,10.447,2023
Nuclear,Nuclear,Moderate,2021,10.447,2023
Nuclear,Nuclear,Moderate,2022,10.447,2023
Nuclear,Nuclear,Moderate,2023,10.447,2023
Nuclear,Nuclear,Moderate,2024,10.447,2023
Nuclear,Nuclear,Moderate,2025,10.447,2023
Nuclear,Nuclear,Moderate,2026,10.447,2023
Nuclear,Nuclear,Moderate,2027,10.447,2023
Nuclear,Nuclear,Moderate,2028,10.447,2023
Nuclear,Nuclear,Moderate,2029,10.447,2023
Nuclear,Nuclear,Moderate,2030,10.447,2023
Nuclear,Nuclear,Moderate,2031,10.447,2023
Nuclear,Nuclear,Moderate,2032,10.447,2023
Nuclear,Nuclear,Moderate,2033,10.447,2023
Nuclear,Nuclear,Moderate,2034,10.447,2023
Nuclear,Nuclear,Moderate,2035,10.447,2023
Nuclear,Nuclear,Moderate,2036,10.447,2023
Nuclear,Nuclear,Moderate,2037,10.447,2023
Nuclear,Nuclear,Moderate,2038,10.447,2023
Nuclear,Nuclear,Moderate,2039,10.447,2023
Nuclear,Nuclear,Moderate,2040,10.447,2023
Nuclear,Nuclear,Moderate,2041,10.447,2023
Nuclear,Nuclear,Moderate,2042,10.447,2023
Nuclear,Nuclear,Moderate,2043,10.447,2023
Nuclear,Nuclear,Moderate,2044,10.447,2023
Nuclear,Nuclear,Moderate,2045,10.447,2023
Nuclear,Nuclear,Moderate,2046,10.447,2023
Nuclear,Nuclear,Moderate,2047,10.447,2023
Nuclear,Nuclear,Moderate,2048,10.447,2023
Nuclear,Nuclear,Moderate,2049,10.447,2023
Nuclear,Nuclear,Moderate,2050,10.447,2023
Nuclear,Nuclear - Large,Advanced,2030,10.497,2024
Nuclear,Nuclear - Large,Advanced,2030,10.497,2025
Nuclear,Nuclear - Large,Advanced,2031,10.497,2024
Nuclear,Nuclear - Large,Advanced,2031,10.497,2025
Nuclear,Nuclear - Large,Advanced,2032,10.497,2024
Nuclear,Nuclear - Large,Advanced,2032,10.497,2025
Nuclear,Nuclear - Large,Advanced,2033,10.497,2024
Nuclear,Nuclear - Large,Advanced,2033,10.497,2025
Nuclear,Nuclear - Large,Advanced,2034,10.497,2024
Nuclear,Nuclear - Large,Advanced,2034,10.497,2025
Nuclear,Nuclear - Large,Advanced,2035,10.497,2024
Nuclear,Nuclear - Large,Advanced,2035,10.497,2025
Nuclear,Nuclear - Large,Advanced,2036,10.497,2024
Nuclear,Nuclear - Large,Advanced,2036,10.497,2025
Nuclear,Nuclear - Large,Advanced,2037,10.497,2024
Nuclear,Nuclear - Large,Advanced,2037,10.497,2025
Nuclear,Nuclear - Large,Advanced,2038,10.497,2024
Nuclear,Nuclear - Large,Advanced,2038,10.497,2025
Nuclear,Nuclear - Large,Advanced,2039,10.497,2024
Nuclear,Nuclear - Large,Advanced,2039,10.497,2025
Nuclear,Nuclear - Large,Advanced,2040,10.497,2024
Nuclear,Nuclear - Large,Advanced,2040,10.497,2025
Nuclear,Nuclear - Large,Advanced,2041,10.497,2024
Nuclear,Nuclear - Large,Advanced,2041,10.497,2025
Nuclear,Nuclear - Large,Advanced,2042,10.497,2024
Nuclear,Nuclear - Large,Advanced,2042,10.497,2025
Nuclear,Nuclear - Large,Advanced,2043,10.497,2024
Nuclear,Nuclear - Large,Advanced,2043,10.497,2025
Nuclear,Nuclear - Large,Advanced,2044,10.497,2024
Nuclear,Nuclear - Large,Advanced,2044,10.497,2025
Nuclear,Nuclear - Large,Advanced,2045,10.497,2024
Nuclear,Nuclear - Large,Advanced,2045,10.497,2025
Nuclear,Nuclear - Large,Advanced,2046,10.497,2024
Nuclear,Nuclear - Large,Advanced,2046,10.497,2025
Nuclear,Nuclear - Large,Advanced,2047,10.497,2024
Nuclear,Nuclear - Large,Advanced,2047,10.497,2025
Nuclear,Nuclear - Large,Advanced,2048,10.497,2024
Nuclear,Nuclear - Large,Advanced,2048,10.497,2025
Nuclear,Nuclear - Large,Advanced,2049,10.497,2024
Nuclear,Nuclear - Large,Advanced,2049,10.497,2025
Nuclear,Nuclear - Large,Advanced,2050,10.497,2024
Nuclear,Nuclear - Large,Advanced,2050,10.497,2025
Nuclear,Nuclear - Large,Advanced,2051,10.497,2025
Nuclear,Nuclear - Large,Advanced,2052,10.497,2025
Nuclear,Nuclear - Large,Advanced,2053,10.497,2025
Nuclear,Nuclear - Large,Advanced,2054,10.497,2025
Nuclear,Nuclear - Large,Advanced,2055,10.497,2025
Nuclear,Nuclear - Large,Advanced,2056,10.497,2025
Nuclear,Nuclear - Large,Advanced,2057,10.497,2025
Nuclear,Nuclear - Large,Advanced,2058,10.497,2025
Nuclear,Nuclear - Large,Advanced,2059,10.497,2025
Nuclear,Nuclear - Large,Advanced,2060,10.497,2025
Nuclear,Nuclear - Large,Conservative,2030,10.497,2024
Nuclear,Nuclear - Large,Conservative,2030,10.497,2025
Nuclear,Nuclear - Large,Conservative,2031,10.497,2024
Nuclear,Nuclear - Large,Conservative,2031,10.497,2025
Nuclear,Nuclear - Large,Conservative,2032,10.497,2024
Nuclear,Nuclear - Large,Conservative,2032,10.497,2025
Nuclear,Nuclear - Large,Conservative,2033,10.497,2024
Nuclear,Nuclear - Large,Conservative,2033,10.497,2025
Nuclear,Nuclear - Large,Conservative,2034,10.497,2024
Nuclear,Nuclear - Large,Conservative,2034,10.497,2025
Nuclear,Nuclear - Large,Conservative,2035,10.497,2024
Nuclear,Nuclear - Large,Conservative,2035,10.497,2025
Nuclear,Nuclear - Large,Conservative,2036,10.497,2024
Nuclear,Nuclear - Large,Conservative,2036,10.497,2025
Nuclear,Nuclear - Large,Conservative,2037,10.497,2024
Nuclear,Nuclear - Large,Conservative,2037,10.497,2025
Nuclear,Nuclear - Large,Conservative,2038,10.497,2024
Nuclear,Nuclear - Large,Conservative,2038,10.497,2025
Nuclear,Nuclear - Large,Conservative,2039,10.497,2024
Nuclear,Nuclear - Large,Conservative,2039,10.497,2025
Nuclear,Nuclear - Large,Conservative,2040,10.497,2024
Nuclear,Nuclear - Large,Conservative,2040,10.497,2025
Nuclear,Nuclear - Large,Conservative,2041,10.497,2024
Nuclear,Nuclear - Large,Conservative,2041,10.497,2025
Nuclear,Nuclear - Large,Conservative,2042,10.497,2024
Nuclear,Nuclear - Large,Conservative,2042,10.497,2025
Nuclear,Nuclear - Large,Conservative,2043,10.497,2024
Nuclear,Nuclear - Large,Conservative,2043,10.497,2025
Nuclear,Nuclear - Large,Conservative,2044,10.497,2024
Nuclear,Nuclear - Large,Conservative,2044,10.497,2025
Nuclear,Nuclear - Large,Conservative,2045,10.497,2024
Nuclear,Nuclear - Large,Conservative,2045,10.497,2025
Nuclear,Nuclear - Large,Conservative,2046,10.497,2024
Nuclear,Nuclear - Large,Conservative,2046,10.497,2025
Nuclear,Nuclear - Large,Conservative,2047,10.497,2024
Nuclear,Nuclear - Large,Conservative,2047,10.497,2025
Nuclear,Nuclear - Large,Conservative,2048,10.497,2024
Nuclear,Nuclear - Large,Conservative,2048,10.497,2025
Nuclear,Nuclear - Large,Conservative,2049,10.497,2024
Nuclear,Nuclear - Large,Conservative,2049,10.497,2025
Nuclear,Nuclear - Large,Conservative,2050,10.497,2024
Nuclear,Nuclear - Large,Conservative,2050,10.497,2025
Nuclear,Nuclear - Large,Conservative,2051,10.497,2025
Nuclear,Nuclear - Large,Conservative,2052,10.497,2025
Nuclear,Nuclear - Large,Conservative,2053,10.497,2025
Nuclear,Nuclear - Large,Conservative,2054,10.497,2025
Nuclear,Nuclear - Large,Conservative,2055,10.497,2025
Nuclear,Nuclear - Large,Conservative,2056,10.497,2025
Nuclear,Nuclear - Large,Conservative,2057,10.497,2025
Nuclear,Nuclear - Large,Conservative,2058,10.497,2025
Nuclear,Nuclear - Large,Conservative,2059,10.497,2025
Nuclear,Nuclear - Large,Conservative,2060,10.497,2025
Nuclear,Nuclear - Large,Moderate,2030,10.497,2024
Nuclear,Nuclear - Large,Moderate,2030,10.497,2025
Nuclear,Nuclear - Large,Moderate,2031,10.497,2024
Nuclear,Nuclear - Large,Moderate,2031,10.497,2025
Nuclear,Nuclear - Large,Moderate,2032,10.497,2024
Nuclear,Nuclear - Large,Moderate,2032,10.497,2025
Nuclear,Nuclear - Large,Moderate,2033,10.497,2024
Nuclear,Nuclear - Large,Moderate,2033,10.497,2025
Nuclear,Nuclear - Large,Moderate,2034,10.497,2024
Nuclear,Nuclear - Large,Moderate,2034,10.497,2025
Nuclear,Nuclear - Large,Moderate,2035,10.497,2024
Nuclear,Nuclear - Large,Moderate,2035,10.497,2025
Nuclear,Nuclear - Large,Moderate,2036,10.497,2024
Nuclear,Nuclear - Large,Moderate,2036,10.497,2025
Nuclear,Nuclear - Large,Moderate,2037,10.497,2024
Nuclear,Nuclear - Large,Moderate,2037,10.497,2025
Nuclear,Nuclear - Large,Moderate,2038,10.497,2024
Nuclear,Nuclear - Large,Moderate,2038,10.497,2025
Nuclear,Nuclear - Large,Moderate,2039,10.497,2024
Nuclear,Nuclear - Large,Moderate,2039,10.497,2025
Nuclear,Nuclear - Large,Moderate,2040,10.497,2024
Nuclear,Nuclear - Large,Moderate,2040,10.497,2025
Nuclear,Nuclear - Large,Moderate,2041,10.497,2024
Nuclear,Nuclear - Large,Moderate,2041,10.497,2025
Nuclear,Nuclear - Large,Moderate,2042,10.497,2024
Nuclear,Nuclear - Large,Moderate,2042,10.497,2025
Nuclear,Nuclear - Large,Moderate,2043,10.497,2024
Nuclear,Nuclear - Large,Moderate,2043,10.497,2025
Nuclear,Nuclear - Large,Moderate,2044,10.497,2024
Nuclear,Nuclear - Large,Moderate,2044,10.497,2025
Nuclear,Nuclear - Large,Moderate,2045,10.497,2024
Nuclear,Nuclear - Large,Moderate,2045,10.497,2025
Nuclear,Nuclear - Large,Moderate,2046,10.497,2024
Nuclear,Nuclear - Large,Moderate,2046,10.497,2025
Nuclear,Nuclear - Large,Moderate,2047,10.497,2024
Nuclear,Nuclear - Large,Moderate,2047,10.497,2025
Nuclear,Nuclear - Large,Moderate,2048,10.497,2024
Nuclear,Nuclear - Large,Moderate,2048,10.497,2025
Nuclear,Nuclear - Large,Moderate,2049,10.497,2024
Nuclear,Nuclear - Large,Moderate,2049,10.497,2025
Nuclear,Nuclear - Large,Moderate,2050,10.497,2024
Nuclear,Nuclear - Large,Moderate,2050,10.497,2025
Nuclear,Nuclear - Large,Moderate,2051,10.497,2025
Nuclear,Nuclear - Large,Moderate,2052,10.497,2025
Nuclear,Nuclear - Large,Moderate,2053,10.497,2025
Nuclear,Nuclear - Large,Moderate,2054,10.497,2025
Nuclear,Nuclear - Large,Moderate,2055,10.497,2025
Nuclear,Nuclear - Large,Moderate,2056,10.497,2025
Nuclear,Nuclear - Large,Moderate,2057,10.497,2025
Nuclear,Nuclear - Large,Moderate,2058,10.497,2025
Nuclear,Nuclear - Large,Moderate,2059,10.497,2025
Nuclear,Nuclear - Large,Moderate,2060,10.497,2025
Nuclear,Nuclear - Microreactor,Advanced,2030,11.006,2025
Nuclear,Nuclear - Microreactor,Advanced,2031,11.006,2025
Nuclear,Nuclear - Microreactor,Advanced,2032,11.006,2025
Nuclear,Nuclear - Microreactor,Advanced,2033,11.006,2025
Nuclear,Nuclear - Microreactor,Advanced,2034,11.006,2025
Nuclear,Nuclear - Microreactor,Advanced,2035,11.006,2025
Nuclear,Nuclear - Microreactor,Advanced,2036,11.006,2025
Nuclear,Nuclear - Microreactor,Advanced,2037,11.006,2025
Nuclear,Nuclear - Microreactor,Advanced,2038,11.006,2025
Nuclear,Nuclear - Microreactor,Advanced,2039,11.006,2025
Nuclear,Nuclear - Microreactor,Advanced,2040,11.006,2025
Nuclear,Nuclear - Microreactor,Advanced,2041,11.006,2025
Nuclear,Nuclear - Microreactor,Advanced,2042,11.006,2025
Nuclear,Nuclear - Microreactor,Advanced,2043,11.006,2025
Nuclear,Nuclear - Microreactor,Advanced,2044,11.006,2025
Nuclear,Nuclear - Microreactor,Advanced,2045,11.006,2025
Nuclear,Nuclear - Microreactor,Advanced,2046,11.006,2025
Nuclear,Nuclear - Microreactor,Advanced,2047,11.006,2025
Nuclear,Nuclear - Microreactor,Advanced,2048,11.006,2025
Nuclear,Nuclear - Microreactor,Advanced,2049,11.006,2025
Nuclear,Nuclear - Microreactor,Advanced,2050,11.006,2025
Nuclear,Nuclear - Microreactor,Advanced,2051,11.006,2025
Nuclear,Nuclear - Microreactor,Advanced,2052,11.006,2025
Nuclear,Nuclear - Microreactor,Advanced,2053,11.006,2025
Nuclear,Nuclear - Microreactor,Advanced,2054,11.006,2025
Nuclear,Nuclear - Microreactor,Advanced,2055,11.006,2025
Nuclear,Nuclear - Microreactor,Advanced,2056,11.006,2025
Nuclear,Nuclear - Microreactor,Advanced,2057,11.006,2025
Nuclear,Nuclear - Microreactor,Advanced,2058,11.006,2025
Nuclear,Nuclear - Microreactor,Advanced,2059,11.006,2025
Nuclear,Nuclear - Microreactor,Advanced,2060,11.006,2025
Nuclear,Nuclear - Microreactor,Conservative,2030,11.006,2025
Nuclear,Nuclear - Microreactor,Conservative,2031,11.006,2025
Nuclear,Nuclear - Microreactor,Conservative,2032,11.006,2025
Nuclear,Nuclear - Microreactor,Conservative,2033,11.006,2025
Nuclear,Nuclear - Microreactor,Conservative,2034,11.006,2025
Nuclear,Nuclear - Microreactor,Conservative,2035,11.006,2025
Nuclear,Nuclear - Microreactor,Conservative,2036,11.006,2025
Nuclear,Nuclear - Microreactor,Conservative,2037,11.006,2025
Nuclear,Nuclear - Microreactor,Conservative,2038,11.006,2025
Nuclear,Nuclear - Microreactor,Conservative,2039,11.006,2025
Nuclear,Nuclear - Microreactor,Conservative,2040,11.006,2025
Nuclear,Nuclear - Microreactor,Conservative,2041,11.006,2025
Nuclear,Nuclear - Microreactor,Conservative,2042,11.006,2025
Nuclear,Nuclear - Microreactor,Conservative,2043,11.006,2025
Nuclear,Nuclear - Microreactor,Conservative,2044,11.006,2025
Nuclear,Nuclear - Microreactor,Conservative,2045,11.006,2025
Nuclear,Nuclear - Microreactor,Conservative,2046,11.006,2025
Nuclear,Nuclear - Microreactor,Conservative,2047,11.006,2025
Nuclear,Nuclear - Microreactor,Conservative,2048,11.006,2025
Nuclear,Nuclear - Microreactor,Conservative,2049,11.006,2025
Nuclear,Nuclear - Microreactor,Conservative,2050,11.006,2025
Nuclear,Nuclear - Microreactor,Conservative,2051,11.006,2025
Nuclear,Nuclear - Microreactor,Conservative,2052,11.006,2025
Nuclear,Nuclear - Microreactor,Conservative,2053,11.006,2025
Nuclear,Nuclear - Microreactor,Conservative,2054,11.006,2025
Nuclear,Nuclear - Microreactor,Conservative,2055,11.006,2025
Nuclear,Nuclear - Microreactor,Conservative,2056,11.006,2025
Nuclear,Nuclear - Microreactor,Conservative,2057,11.006,2025
Nuclear,Nuclear - Microreactor,Conservative,2058,11.006,2025
Nuclear,Nuclear - Microreactor,Conservative,2059,11.006,2025
Nuclear,Nuclear - Microreactor,Conservative,2060,11.006,2025
Nuclear,Nuclear - Microreactor,Moderate,2030,11.006,2025
Nuclear,Nuclear - Microreactor,Moderate,2031,11.006,2025
Nuclear,Nuclear - Microreactor,Moderate,2032,11.006,2025
Nuclear,Nuclear - Microreactor,Moderate,2033,11.006,2025
Nuclear,Nuclear - Microreactor,Moderate,2034,11.006,2025
Nuclear,Nuclear - Microreactor,Moderate,2035,11.006,2025
Nuclear,Nuclear - Microreactor,Moderate,2036,11.006,2025
Nuclear,Nuclear - Microreactor,Moderate,2037,11.006,2025
Nuclear,Nuclear - Microreactor,Moderate,2038,11.006,2025
Nuclear,Nuclear - Microreactor,Moderate,2039,11.006,2025
Nuclear,Nuclear - Microreactor,Moderate,2040,11.006,2025
Nuclear,Nuclear - Microreactor,Moderate,2041,11.006,2025
Nuclear,Nuclear - Microreactor,Moderate,2042,11.006,2025
Nuclear,Nuclear - Microreactor,Moderate,2043,11.006,2025
Nuclear,Nuclear - Microreactor,Moderate,2044,11.006,2025
Nuclear,Nuclear - Microreactor,Moderate,2045,11.006,2025
Nuclear,Nuclear - Microreactor,Moderate,2046,11.006,2025
Nuclear,Nuclear - Microreactor,Moderate,2047,11.006,2025
Nuclear,Nuclear - Microreactor,Moderate,2048,11.006,2025
Nuclear,Nuclear - Microreactor,Moderate,2049,11.006,2025
Nuclear,Nuclear - Microreactor,Moderate,2050,11.006,2025
Nuclear,Nuclear - Microreactor,Moderate,2051,11.006,2025
Nuclear,Nuclear - Microreactor,Moderate,2052,11.006,2025
Nuclear,Nuclear - Microreactor,Moderate,2053,11.006,2025
Nuclear,Nuclear - Microreactor,Moderate,2054,11.006,2025
Nuclear,Nuclear - Microreactor,Moderate,2055,11.006,2025
Nuclear,Nuclear - Microreactor,Moderate,2056,11.006,2025
Nuclear,Nuclear - Microreactor,Moderate,2057,11.006,2025
Nuclear,Nuclear - Microreactor,Moderate,2058,11.006,2025
Nuclear,Nuclear - Microreactor,Moderate,2059,11.006,2025
Nuclear,Nuclear - Microreactor,Moderate,2060,11.006,2025
Nuclear,Nuclear - Small,Advanced,2030,9.18,2024
Nuclear,Nuclear - Small,Advanced,2030,9.18,2025
Nuclear,Nuclear - Small,Advanced,2031,9.18,2024
Nuclear,Nuclear - Small,Advanced,2031,9.18,2025
Nuclear,Nuclear - Small,Advanced,2032,9.18,2024
Nuclear,Nuclear - Small,Advanced,2032,9.18,2025
Nuclear,Nuclear - Small,Advanced,2033,9.18,2024
Nuclear,Nuclear - Small,Advanced,2033,9.18,2025
Nuclear,Nuclear - Small,Advanced,2034,9.18,2024
Nuclear,Nuclear - Small,Advanced,2034,9.18,2025
Nuclear,Nuclear - Small,Advanced,2035,9.18,2024
Nuclear,Nuclear - Small,Advanced,2035,9.18,2025
Nuclear,Nuclear - Small,Advanced,2036,9.18,2024
Nuclear,Nuclear - Small,Advanced,2036,9.18,2025
Nuclear,Nuclear - Small,Advanced,2037,9.18,2024
Nuclear,Nuclear - Small,Advanced,2037,9.18,2025
Nuclear,Nuclear - Small,Advanced,2038,9.18,2024
Nuclear,Nuclear - Small,Advanced,2038,9.18,2025
Nuclear,Nuclear - Small,Advanced,2039,9.18,2024
Nuclear,Nuclear - Small,Advanced,2039,9.18,2025
Nuclear,Nuclear - Small,Advanced,2040,9.18,2024
Nuclear,Nuclear - Small,Advanced,2040,9.18,2025
Nuclear,Nuclear - Small,Advanced,2041,9.18,2024
Nuclear,Nuclear - Small,Advanced,2041,9.18,2025
Nuclear,Nuclear - Small,Advanced,2042,9.18,2024
Nuclear,Nuclear - Small,Advanced,2042,9.18,2025
Nuclear,Nuclear - Small,Advanced,2043,9.18,2024
Nuclear,Nuclear - Small,Advanced,2043,9.18,2025
Nuclear,Nuclear - Small,Advanced,2044,9.18,2024
Nuclear,Nuclear - Small,Advanced,2044,9.18,2025
Nuclear,Nuclear - Small,Advanced,2045,9.18,2024
Nuclear,Nuclear - Small,Advanced,2045,9.18,2025
Nuclear,Nuclear - Small,Advanced,2046,9.18,2024
Nuclear,Nuclear - Small,Advanced,2046,9.18,2025
Nuclear,Nuclear - Small,Advanced,2047,9.18,2024
Nuclear,Nuclear - Small,Advanced,2047,9.18,2025
Nuclear,Nuclear - Small,Advanced,2048,9.18,2024
Nuclear,Nuclear - Small,Advanced,2048,9.18,2025
Nuclear,Nuclear - Small,Advanced,2049,9.18,2024
Nuclear,Nuclear - Small,Advanced,2049,9.18,2025
Nuclear,Nuclear - Small,Advanced,2050,9.18,2024
Nuclear,Nuclear - Small,Advanced,2050,9.18,2025
Nuclear,Nuclear - Small,Advanced,2051,9.18,2025
Nuclear,Nuclear - Small,Advanced,2052,9.18,2025
Nuclear,Nuclear - Small,Advanced,2053,9.18,2025
Nuclear,Nuclear - Small,Advanced,2054,9.18,2025
Nuclear,Nuclear - Small,Advanced,2055,9.18,2025
Nuclear,Nuclear - Small,Advanced,2056,9.18,2025
Nuclear,Nuclear - Small,Advanced,2057,9.18,2025
Nuclear,Nuclear - Small,Advanced,2058,9.18,2025
Nuclear,Nuclear - Small,Advanced,2059,9.18,2025
Nuclear,Nuclear - Small,Advanced,2060,9.18,2025
Nuclear,Nuclear - Small,Conservative,2030,9.18,2024
Nuclear,Nuclear - Small,Conservative,2030,9.18,2025
Nuclear,Nuclear - Small,Conservative,2031,9.18,2024
Nuclear,Nuclear - Small,Conservative,2031,9.18,2025
Nuclear,Nuclear - Small,Conservative,2032,9.18,2024
Nuclear,Nuclear - Small,Conservative,2032,9.18,2025
Nuclear,Nuclear - Small,Conservative,2033,9.18,2024
Nuclear,Nuclear - Small,Conservative,2033,9.18,2025
Nuclear,Nuclear - Small,Conservative,2034,9.18,2024
Nuclear,Nuclear - Small,Conservative,2034,9.18,2025
Nuclear,Nuclear - Small,Conservative,2035,9.18,2024
Nuclear,Nuclear - Small,Conservative,2035,9.18,2025
Nuclear,Nuclear - Small,Conservative,2036,9.18,2024
Nuclear,Nuclear - Small,Conservative,2036,9.18,2025
Nuclear,Nuclear - Small,Conservative,2037,9.18,2024
Nuclear,Nuclear - Small,Conservative,2037,9.18,2025
Nuclear,Nuclear - Small,Conservative,2038,9.18,2024
Nuclear,Nuclear - Small,Conservative,2038,9.18,2025
Nuclear,Nuclear - Small,Conservative,2039,9.18,2024
Nuclear,Nuclear - Small,Conservative,2039,9.18,2025
Nuclear,Nuclear - Small,Conservative,2040,9.18,2024
Nuclear,Nuclear - Small,Conservative,2040,9.18,2025
Nuclear,Nuclear - Small,Conservative,2041,9.18,2024
Nuclear,Nuclear - Small,Conservative,2041,9.18,2025
Nuclear,Nuclear - Small,Conservative,2042,9.18,2024
Nuclear,Nuclear - Small,Conservative,2042,9.18,2025
Nuclear,Nuclear - Small,Conservative,2043,9.18,2024
Nuclear,Nuclear - Small,Conservative,2043,9.18,2025
Nuclear,Nuclear - Small,Conservative,2044,9.18,2024
Nuclear,Nuclear - Small,Conservative,2044,9.18,2025
Nuclear,Nuclear - Small,Conservative,2045,9.18,2024
Nuclear,Nuclear - Small,Conservative,2045,9.18,2025
Nuclear,Nuclear - Small,Conservative,2046,9.18,2024
Nuclear,Nuclear - Small,Conservative,2046,9.18,2025
Nuclear,Nuclear - Small,Conservative,2047,9.18,2024
Nuclear,Nuclear - Small,Conservative,2047,9.18,2025
Nuclear,Nuclear - Small,Conservative,2048,9.18,2024
Nuclear,Nuclear - Small,Conservative,2048,9.18,2025
Nuclear,Nuclear - Small,Conservative,2049,9.18,2024
Nuclear,Nuclear - Small,Conservative,2049,9.18,2025
Nuclear,Nuclear - Small,Conservative,2050,9.18,2024
Nuclear,Nuclear - Small,Conservative,2050,9.18,2025
Nuclear,Nuclear - Small,Conservative,2051,9.18,2025
Nuclear,Nuclear - Small,Conservative,2052,9.18,2025
Nuclear,Nuclear - Small,Conservative,2053,9.18,2025
Nuclear,Nuclear - Small,Conservative,2054,9.18,2025
Nuclear,Nuclear - Small,Conservative,2055,9.18,2025
Nuclear,Nuclear - Small,Conservative,2056,9.18,2025
Nuclear,Nuclear - Small,Conservative,2057,9.18,2025
Nuclear,Nuclear - Small,Conservative,2058,9.18,2025
Nuclear,Nuclear - Small,Conservative,2059,9.18,2025
Nuclear,Nuclear - Small,Conservative,2060,9.18,2025
Nuclear,Nuclear - Small,Moderate,2030,9.18,2024
Nuclear,Nuclear - Small,Moderate,2030,9.18,2025
Nuclear,Nuclear - Small,Moderate,2031,9.18,2024
Nuclear,Nuclear - Small,Moderate,2031,9.18,2025
Nuclear,Nuclear - Small,Moderate,2032,9.18,2024
Nuclear,Nuclear - Small,Moderate,2032,9.18,2025
Nuclear,Nuclear - Small,Moderate,2033,9.18,2024
Nuclear,Nuclear - Small,Moderate,2033,9.18,2025
Nuclear,Nuclear - Small,Moderate,2034,9.18,2024
Nuclear,Nuclear - Small,Moderate,2034,9.18,2025
Nuclear,Nuclear - Small,Moderate,2035,9.18,2024
Nuclear,Nuclear - Small,Moderate,2035,9.18,2025
Nuclear,Nuclear - Small,Moderate,2036,9.18,2024
Nuclear,Nuclear - Small,Moderate,2036,9.18,2025
Nuclear,Nuclear - Small,Moderate,2037,9.18,2024
Nuclear,Nuclear - Small,Moderate,2037,9.18,2025
Nuclear,Nuclear - Small,Moderate,2038,9.18,2024
Nuclear,Nuclear - Small,Moderate,2038,9.18,2025
Nuclear,Nuclear - Small,Moderate,2039,9.18,2024
Nuclear,Nuclear - Small,Moderate,2039,9.18,2025
Nuclear,Nuclear - Small,Moderate,2040,9.18,2024
Nuclear,Nuclear - Small,Moderate,2040,9.18,2025
Nuclear,Nuclear - Small,Moderate,2041,9.18,2024
Nuclear,Nuclear - Small,Moderate,2041,9.18,2025
Nuclear,Nuclear - Small,Moderate,2042,9.18,2024
Nuclear,Nuclear - Small,Moderate,2042,9.18,2025
Nuclear,Nuclear - Small,Moderate,2043,9.18,2024
Nuclear,Nuclear - Small,Moderate,2043,9.18,2025
Nuclear,Nuclear - Small,Moderate,2044,9.18,2024
Nuclear,Nuclear - Small,Moderate,2044,9.18,2025
Nuclear,Nuclear - Small,Moderate,2045,9.18,2024
Nuclear,Nuclear - Small,Moderate,2045,9.18,2025
Nuclear,Nuclear - Small,Moderate,2046,9.18,2024
Nuclear,Nuclear - Small,Moderate,2046,9.18,2025
Nuclear,Nuclear - Small,Moderate,2047,9.18,2024
Nuclear,Nuclear - Small,Moderate,2047,9.18,2025
Nuclear,Nuclear - Small,Moderate,2048,9.18,2024
Nuclear,Nuclear - Small,Moderate,2048,9.18,2025
Nuclear,Nuclear - Small,Moderate,2049,9.18,2024
Nuclear,Nuclear - Small,Moderate,2049,9.18,2025
Nuclear,Nuclear - Small,Moderate,2050,9.18,2024
Nuclear,Nuclear - Small,Moderate,2050,9.18,2025
Nuclear,Nuclear - Small,Moderate,2051,9.18,2025
Nuclear,Nuclear - Small,Moderate,2052,9.18,2025
Nuclear,Nuclear - Small,Moderate,2053,9.18,2025
Nuclear,Nuclear - Small,Moderate,2054,9.18,2025
Nuclear,Nuclear - Small,Moderate,2055,9.18,2025
Nuclear,Nuclear - Small,Moderate,2056,9.18,2025
Nuclear,Nuclear - Small,Moderate,2057,9.18,2025
Nuclear,Nuclear - Small,Moderate,2058,9.18,2025
Nuclear,Nuclear - Small,Moderate,2059,9.18,2025
Nuclear,Nuclear - Small,Moderate,2060,9.18,2025
Nuclear,NuclearSMR,Conservative,2021,10.447,2023
Nuclear,NuclearSMR,Conservative,2022,10.447,2023
Nuclear,NuclearSMR,Conservative,2023,10.447,2023
Nuclear,NuclearSMR,Conservative,2024,10.447,2023
Nuclear,NuclearSMR,Conservative,2025,10.447,2023
Nuclear,NuclearSMR,Conservative,2026,10.447,2023
Nuclear,NuclearSMR,Conservative,2027,10.447,2023
Nuclear,NuclearSMR,Conservative,2028,10.447,2023
Nuclear,NuclearSMR,Conservative,2029,10.447,2023
Nuclear,NuclearSMR,Conservative,2030,10.447,2023
Nuclear,NuclearSMR,Conservative,2031,10.447,2023
Nuclear,NuclearSMR,Conservative,2032,10.447,2023
Nuclear,NuclearSMR,Conservative,2033,10.447,2023
Nuclear,NuclearSMR,Conservative,2034,10.447,2023
Nuclear,NuclearSMR,Conservative,2035,10.447,2023
Nuclear,NuclearSMR,Conservative,2036,10.447,2023
Nuclear,NuclearSMR,Conservative,2037,10.447,2023
Nuclear,NuclearSMR,Conservative,2038,10.447,2023
Nuclear,NuclearSMR,Conservative,2039,10.447,2023
Nuclear,NuclearSMR,Conservative,2040,10.447,2023
Nuclear,NuclearSMR,Conservative,2041,10.447,2023
Nuclear,NuclearSMR,Conservative,2042,10.447,2023
Nuclear,NuclearSMR,Conservative,2043,10.447,2023
Nuclear,NuclearSMR,Conservative,2044,10.447,2023
Nuclear,NuclearSMR,Conservative,2045,10.447,2023
Nuclear,NuclearSMR,Conservative,2046,10.447,2023
Nuclear,NuclearSMR,Conservative,2047,10.447,2023
Nuclear,NuclearSMR,Conservative,2048,10.447,2023
Nuclear,NuclearSMR,Conservative,2049,10.447,2023
Nuclear,NuclearSMR,Conservative,2050,10.447,2023
Nuclear,NuclearSMR,Moderate,2021,10.447,2023
Nuclear,NuclearSMR,Moderate,2022,10.447,2023
Nuclear,NuclearSMR,Moderate,2023,10.447,2023
Nuclear,NuclearSMR,Moderate,2024,10.447,2023
Nuclear,NuclearSMR,Moderate,2025,10.447,2023
Nuclear,NuclearSMR,Moderate,2026,10.447,2023
Nuclear,NuclearSMR,Moderate,2027,10.447,2023
Nuclear,NuclearSMR,Moderate,2028,10.447,2023
Nuclear,NuclearSMR,Moderate,2029,10.447,2023
Nuclear,NuclearSMR,Moderate,2030,10.447,2023
Nuclear,NuclearSMR,Moderate,2031,10.447,2023
Nuclear,NuclearSMR,Moderate,2032,10.447,2023
Nuclear,NuclearSMR,Moderate,2033,10.447,2023
Nuclear,NuclearSMR,Moderate,2034,10.447,2023
Nuclear,NuclearSMR,Moderate,2035,10.447,2023
Nuclear,NuclearSMR,Moderate,2036,10.447,2023
Nuclear,NuclearSMR,Moderate,2037,10.447,2023
Nuclear,NuclearSMR,Moderate,2038,10.447,2023
Nuclear,NuclearSMR,Moderate,2039,10.447,2023
Nuclear,NuclearSMR,Moderate,2040,10.447,2023
Nuclear,NuclearSMR,Moderate,2041,10.447,2023
Nuclear,NuclearSMR,Moderate,2042,10.447,2023
Nuclear,NuclearSMR,Moderate,2043,10.447,2023
Nuclear,NuclearSMR,Moderate,2044,10.447,2023
Nuclear,NuclearSMR,Moderate,2045,10.447,2023
Nuclear,NuclearSMR,Moderate,2046,10.447,2023
Nuclear,NuclearSMR,Moderate,2047,10.447,2023
Nuclear,NuclearSMR,Moderate,2048,10.447,2023
Nuclear,NuclearSMR,Moderate,2049,10.447,2023
Nuclear,NuclearSMR,Moderate,2050,10.447,2023
